0,2,1
0,11,1
0,12,1
0,13,1
0,16,1
0,18,1
0,23,1
0,31,1
0,48,1
0,52,1
0,53,1
0,59,1
0,62,1
0,70,1
0,72,1
0,75,1
0,80,3
0,81,1
0,82,1
0,86,3
0,90,1
0,91,2
0,93,1
0,94,2
0,96,1
0,97,1
0,99,2
0,101,1
0,102,1
0,103,2
0,104,1
0,105,2
0,106,2
0,107,3
0,108,1
0,109,5
0,110,5
0,111,7
0,112,11
0,113,12
0,114,13
0,115,36
0,116,36
0,117,35
0,118,42
0,119,34
0,120,28
0,121,35
0,122,33
0,123,43
0,124,38
0,125,36
0,126,41
0,127,37
0,128,23
0,129,34
0,130,38
0,131,33
0,132,22
0,133,24
0,134,27
0,135,24
0,136,24
0,137,16
0,138,12
0,139,10
0,140,6
0,141,7
0,143,2
0,145,2
0,146,3
0,148,1
0,149,2
0,150,1
0,153,2
0,154,1
0,157,1
0,159,1
0,160,1
0,162,1
0,163,2
0,165,3
0,166,1
0,171,2
0,172,1
0,173,1
0,174,3
0,175,1
0,176,1
0,178,1
0,181,1
0,183,1
0,186,1
0,192,2
0,196,2
0,197,1
0,200,1
0,207,1
0,209,1
0,210,2
0,215,1
0,219,1
0,220,1
0,224,1
0,236,1
0,240,1
0,261,1
0,271,1
1,12,1
1,14,1
1,15,1
1,19,1
1,33,1
1,36,1
1,37,1
1,40,1
1,42,1
1,46,1
1,56,2
1,62,1
1,64,1
1,65,1
1,66,1
1,67,1
1,73,1
1,76,1
1,80,1
1,84,1
1,85,2
1,88,1
1,90,1
1,92,1
1,94,2
1,95,2
1,97,1
1,99,2
1,104,1
1,105,2
1,106,3
1,107,3
1,108,2
1,109,4
1,110,6
1,111,8
1,112,9
1,113,13
1,114,24
1,115,27
1,116,39
1,117,35
1,118,46
1,119,37
1,120,36
1,121,41
1,122,40
1,123,46
1,124,34
1,125,36
1,126,31
1,127,37
1,128,38
1,129,25
1,130,27
1,131,27
1,132,27
1,133,25
1,134,22
1,135,19
1,136,15
1,137,20
1,138,11
1,139,16
1,140,7
1,141,1
1,142,6
1,143,3
1,144,1
1,145,3
1,146,2
1,147,2
1,148,1
1,150,1
1,151,1
1,152,2
1,153,1
1,154,1
1,155,1
1,156,3
1,157,2
1,158,1
1,159,2
1,160,2
1,165,2
1,166,1
1,167,2
1,168,1
1,169,1
1,171,4
1,174,1
1,179,2
1,180,1
1,181,1
1,182,1
1,183,1
1,184,1
1,188,2
1,196,1
1,197,1
1,199,1
1,200,2
1,202,2
1,209,1
1,210,1
1,217,2
1,219,1
1,220,1
1,225,1
1,235,1
1,248,1
1,252,1
1,255,1
1,258,1
1,272,1
1,273,1
2,28,1
2,32,1
2,47,2
2,50,1
2,59,1
2,62,1
2,66,1
2,68,1
2,72,1
2,73,2
2,75,1
2,76,2
2,78,1
2,81,1
2,90,1
2,95,1
2,97,1
2,98,1
2,99,1
2,100,2
2,101,1
2,103,2
2,104,2
2,105,1
2,106,4
2,108,3
2,109,2
2,110,2
2,111,7
2,112,8
2,113,11
2,114,24
2,115,32
2,116,35
2,117,48
2,118,60
2,119,56
2,120,35
2,121,39
2,122,47
2,123,34
2,124,30
2,125,30
2,126,29
2,127,26
2,128,46
2,129,34
2,130,42
2,131,31
2,132,28
2,133,20
2,134,29
2,135,18
2,136,17
2,137,15
2,138,17
2,139,5
2,140,4
2,141,5
2,142,2
2,143,5
2,146,3
2,147,2
2,150,2
2,152,1
2,153,1
2,154,3
2,155,2
2,157,2
2,158,1
2,159,2
2,161,1
2,163,1
2,164,1
2,165,1
2,166,3
2,167,1
2,169,1
2,173,2
2,178,1
2,179,1
2,180,1
2,181,1
2,185,1
2,189,1
2,192,2
2,194,2
2,195,1
2,200,1
2,202,1
2,203,1
2,210,1
2,222,1
2,234,1
2,239,1
2,246,1
2,250,1
2,253,1
2,268,1
2,271,2
3,6,2
3,26,1
3,34,1
3,47,1
3,53,1
3,60,1
3,64,1
3,65,1
3,66,1
3,71,1
3,75,1
3,79,1
3,85,1
3,88,1
3,90,2
3,91,3
3,94,1
3,95,1
3,96,3
3,99,2
3,100,1
3,102,1
3,103,3
3,104,1
3,105,3
3,106,2
3,107,3
3,109,2
3,110,5
3,111,8
3,112,9
3,113,13
3,114,19
3,115,31
3,116,45
3,117,25
3,118,34
3,119,51
3,120,33
3,121,52
3,122,42
3,123,22
3,124,26
3,125,34
3,126,30
3,127,29
3,128,41
3,129,29
3,130,32
3,131,36
3,132,26
3,133,26
3,134,20
3,135,24
3,136,14
3,137,20
3,138,8
3,139,10
3,140,9
3,141,1
3,142,2
3,143,5
3,144,5
3,146,2
3,148,1
3,149,1
3,150,1
3,151,1
3,152,1
3,153,2
3,154,2
3,155,1
3,157,1
3,158,1
3,160,3
3,162,1
3,164,1
3,165,2
3,167,5
3,170,5
3,172,2
3,173,1
3,176,1
3,180,1
3,181,1
3,182,1
3,183,2
3,185,1
3,186,1
3,187,2
3,188,2
3,190,2
3,192,1
3,193,2
3,195,1
3,197,1
3,198,1
3,200,1
3,209,1
3,216,1
3,217,1
3,218,1
3,220,1
3,230,1
3,232,1
3,255,1
3,263,1
4,2,1
4,12,1
4,30,2
4,32,1
4,36,1
4,37,1
4,43,1
4,49,1
4,50,1
4,61,1
4,67,2
4,68,1
4,75,1
4,86,1
4,89,1
4,94,2
4,96,1
4,99,2
4,100,1
4,102,1
4,103,1
4,104,2
4,105,2
4,106,2
4,107,1
4,108,2
4,110,4
4,111,1
4,112,8
4,113,10
4,114,19
4,115,32
4,116,31
4,117,40
4,118,42
4,119,45
4,120,55
4,121,32
4,122,39
4,123,41
4,124,35
4,125,37
4,126,46
4,127,38
4,128,38
4,129,39
4,130,35
4,131,33
4,132,29
4,133,33
4,134,19
4,135,33
4,136,14
4,137,12
4,138,8
4,139,5
4,140,8
4,141,3
4,142,1
4,143,3
4,144,4
4,145,3
4,146,3
4,147,2
4,151,2
4,153,2
4,155,2
4,156,1
4,158,1
4,159,2
4,160,2
4,161,1
4,162,2
4,163,1
4,166,1
4,173,1
4,174,2
4,175,1
4,177,4
4,179,1
4,180,1
4,183,1
4,187,1
4,189,1
4,192,2
4,194,1
4,198,1
4,210,1
4,215,1
4,218,1
4,222,2
4,233,1
4,234,1
4,241,1
4,244,1
4,262,1
5,3,1
5,17,1
5,18,1
5,25,1
5,28,1
5,35,2
5,36,1
5,44,1
5,46,1
5,53,1
5,54,1
5,56,1
5,63,1
5,64,1
5,74,1
5,75,1
5,78,1
5,79,2
5,81,2
5,84,1
5,89,2
5,90,1
5,93,3
5,95,1
5,97,1
5,98,1
5,101,1
5,104,1
5,105,3
5,106,1
5,107,2
5,108,4
5,109,3
5,110,7
5,111,2
5,112,9
5,113,17
5,114,22
5,115,30
5,116,31
5,117,35
5,118,54
5,119,43
5,120,51
5,121,44
5,122,41
5,123,42
5,124,43
5,125,33
5,126,38
5,127,29
5,128,33
5,129,42
5,130,29
5,131,35
5,132,34
5,133,30
5,134,29
5,135,21
5,136,21
5,137,24
5,138,16
5,139,7
5,140,7
5,141,4
5,142,2
5,143,6
5,144,3
5,145,3
5,146,3
5,147,1
5,149,2
5,151,1
5,153,1
5,157,4
5,158,1
5,159,1
5,160,2
5,163,2
5,165,1
5,168,3
5,170,1
5,171,1
5,173,1
5,174,1
5,175,1
5,179,3
5,183,1
5,184,1
5,186,2
5,187,1
5,191,2
5,192,1
5,196,1
5,197,2
5,203,2
5,204,1
5,205,1
5,206,1
5,211,1
5,213,1
5,214,1
5,220,1
5,225,1
5,226,1
5,227,1
5,244,1
5,256,1
5,263,1
5,274,1
6,0,1
6,9,1
6,20,1
6,24,1
6,32,1
6,35,1
6,41,1
6,46,1
6,48,1
6,53,1
6,54,1
6,72,1
6,73,2
6,77,1
6,78,1
6,81,1
6,82,1
6,84,1
6,85,2
6,91,1
6,92,1
6,93,1
6,94,1
6,95,3
6,96,1
6,97,3
6,100,2
6,101,3
6,102,2
6,103,2
6,104,1
6,105,1
6,106,1
6,107,2
6,109,5
6,110,3
6,111,4
6,112,14
6,113,12
6,114,19
6,115,34
6,116,40
6,117,43
6,118,46
6,119,49
6,120,47
6,121,48
6,122,33
6,123,41
6,124,45
6,125,45
6,126,37
6,127,52
6,128,20
6,129,33
6,130,43
6,131,41
6,132,26
6,133,29
6,134,28
6,135,31
6,136,22
6,137,15
6,138,17
6,139,9
6,140,6
6,141,5
6,142,5
6,143,4
6,144,2
6,145,1
6,146,2
6,147,1
6,148,1
6,149,5
6,153,2
6,154,3
6,156,2
6,157,3
6,161,3
6,165,3
6,166,1
6,168,1
6,170,1
6,176,1
6,178,1
6,183,1
6,184,2
6,186,2
6,190,1
6,191,1
6,192,1
6,193,2
6,200,1
6,203,2
6,204,1
6,205,1
6,210,1
6,211,1
6,223,1
6,229,1
6,232,1
6,248,1
6,270,1
6,275,1
7,3,1
7,12,1
7,24,1
7,38,1
7,41,1
7,55,1
7,64,1
7,67,1
7,72,1
7,76,1
7,77,1
7,78,1
7,79,1
7,82,1
7,83,1
7,87,1
7,88,1
7,91,1
7,92,1
7,97,1
7,100,1
7,101,3
7,102,1
7,104,1
7,106,3
7,107,4
7,109,1
7,110,6
7,111,7
7,112,10
7,113,23
7,114,25
7,115,35
7,116,33
7,117,46
7,118,47
7,119,37
7,120,49
7,121,38
7,122,31
7,123,41
7,124,52
7,125,27
7,126,34
7,127,33
7,128,33
7,129,36
7,130,36
7,131,35
7,132,20
7,133,33
7,134,24
7,135,39
7,136,17
7,137,12
7,138,9
7,139,10
7,140,8
7,141,2
7,142,2
7,143,2
7,144,2
7,146,4
7,147,2
7,149,1
7,150,3
7,151,1
7,152,2
7,153,4
7,154,1
7,155,2
7,158,3
7,159,1
7,160,1
7,161,1
7,163,1
7,164,1
7,166,1
7,167,2
7,169,1
7,170,1
7,173,1
7,175,1
7,176,2
7,177,1
7,178,3
7,179,1
7,184,1
7,187,1
7,191,1
7,196,1
7,198,2
7,200,1
7,202,1
7,203,1
7,204,1
7,207,1
7,209,1
7,215,1
7,219,1
7,224,1
7,228,1
7,244,1
7,257,1
8,21,1
8,28,1
8,31,1
8,37,1
8,59,1
8,61,1
8,63,2
8,68,1
8,76,1
8,77,1
8,82,1
8,84,1
8,85,1
8,89,2
8,90,1
8,92,1
8,98,1
8,99,1
8,101,1
8,103,1
8,104,1
8,105,3
8,107,4
8,108,3
8,109,2
8,110,2
8,111,7
8,112,16
8,113,19
8,114,13
8,115,30
8,116,43
8,117,46
8,118,47
8,119,36
8,120,38
8,121,45
8,122,45
8,123,43
8,124,31
8,125,36
8,126,35
8,127,41
8,128,42
8,129,35
8,130,38
8,131,36
8,132,45
8,133,33
8,134,32
8,135,17
8,136,28
8,137,10
8,138,10
8,139,10
8,140,6
8,141,3
8,142,3
8,145,2
8,146,1
8,147,2
8,149,1
8,152,3
8,154,3
8,155,1
8,156,1
8,157,2
8,162,1
8,164,3
8,165,2
8,168,1
8,171,1
8,173,1
8,178,1
8,179,2
8,185,1
8,186,1
8,191,2
8,198,1
8,204,1
8,206,1
8,208,1
8,210,1
8,216,1
8,225,2
8,226,1
8,230,2
8,233,1
8,242,1
8,251,1
8,253,1
8,256,1
8,264,1
9,8,1
9,15,2
9,19,1
9,22,1
9,31,1
9,52,2
9,64,1
9,65,2
9,70,2
9,78,1
9,81,1
9,84,1
9,86,1
9,87,1
9,91,2
9,93,1
9,95,3
9,97,2
9,99,1
9,101,2
9,103,2
9,107,4
9,108,5
9,109,3
9,110,5
9,111,9
9,112,13
9,113,14
9,114,22
9,115,25
9,116,39
9,117,34
9,118,49
9,119,45
9,120,50
9,121,53
9,122,46
9,123,43
9,124,41
9,125,34
9,126,34
9,127,44
9,128,36
9,129,33
9,130,42
9,131,20
9,132,35
9,133,34
9,134,18
9,135,21
9,136,21
9,137,24
9,138,10
9,139,11
9,140,5
9,141,6
9,142,4
9,143,5
9,144,1
9,145,2
9,146,1
9,147,1
9,149,3
9,150,2
9,151,2
9,152,2
9,153,4
9,154,1
9,155,2
9,156,2
9,157,1
9,160,1
9,161,1
9,162,3
9,163,1
9,164,3
9,165,1
9,166,2
9,168,1
9,170,1
9,171,1
9,173,1
9,177,1
9,178,1
9,179,2
9,181,1
9,182,1
9,185,1
9,191,1
9,192,2
9,194,1
9,195,1
9,197,1
9,198,1
9,199,1
9,202,1
9,207,1
9,213,1
9,219,1
9,222,1
9,234,1
9,250,1
9,261,1
10,2,1
10,19,1
10,24,1
10,28,1
10,30,1
10,33,1
10,34,1
10,37,1
10,44,1
10,45,1
10,51,1
10,54,1
10,59,1
10,68,1
10,71,1
10,72,1
10,75,1
10,76,1
10,81,1
10,82,2
10,83,1
10,88,1
10,91,1
10,92,1
10,94,1
10,97,2
10,98,3
10,100,1
10,102,1
10,104,3
10,105,4
10,106,1
10,107,2
10,108,2
10,109,3
10,110,4
10,111,10
10,112,14
10,113,20
10,114,29
10,115,42
10,116,28
10,117,41
10,118,46
10,119,59
10,120,52
10,121,45
10,122,49
10,123,51
10,124,50
10,125,46
10,126,42
10,127,48
10,128,28
10,129,33
10,130,37
10,131,41
10,132,38
10,133,31
10,134,30
10,135,31
10,136,24
10,137,12
10,138,10
10,139,6
10,140,8
10,141,7
10,142,2
10,143,4
10,144,3
10,145,1
10,146,4
10,148,1
10,149,2
10,150,1
10,151,2
10,153,1
10,154,1
10,156,2
10,157,1
10,158,2
10,161,2
10,163,2
10,165,1
10,166,2
10,168,2
10,170,1
10,171,1
10,173,2
10,174,1
10,176,1
10,178,2
10,180,2
10,183,1
10,184,1
10,185,1
10,188,1
10,191,1
10,192,1
10,196,1
10,200,1
10,201,1
10,203,2
10,204,1
10,207,1
10,208,1
10,209,1
10,210,1
10,211,1
10,214,1
10,216,1
10,223,1
10,231,1
10,236,1
10,239,1
10,241,1
10,245,1
10,246,3
11,8,1
11,12,1
11,13,1
11,27,1
11,37,1
11,38,1
11,48,1
11,54,1
11,58,1
11,59,1
11,63,1
11,83,1
11,85,1
11,86,1
11,87,1
11,94,1
11,97,2
11,98,2
11,100,1
11,103,3
11,104,2
11,106,2
11,107,1
11,109,3
11,110,7
11,111,5
11,112,11
11,113,19
11,114,17
11,115,37
11,116,37
11,117,45
11,118,49
11,119,52
11,120,43
11,121,38
11,122,44
11,123,44
11,124,36
11,125,34
11,126,38
11,127,48
11,128,49
11,129,29
11,130,32
11,131,35
11,132,45
11,133,33
11,134,32
11,135,32
11,136,24
11,137,15
11,138,12
11,139,8
11,140,8
11,141,6
11,142,6
11,143,5
11,144,2
11,147,2
11,148,3
11,151,1
11,152,2
11,153,1
11,154,3
11,155,1
11,156,2
11,157,4
11,159,1
11,160,2
11,163,3
11,164,1
11,165,3
11,166,2
11,169,1
11,173,2
11,175,1
11,176,1
11,177,1
11,178,3
11,179,1
11,180,1
11,184,2
11,185,2
11,189,2
11,192,1
11,194,1
11,195,2
11,199,2
11,205,1
11,207,1
11,212,1
11,219,1
11,224,2
11,237,2
11,252,1
12,8,1
12,20,1
12,24,1
12,25,1
12,28,1
12,35,1
12,37,1
12,39,1
12,49,1
12,51,1
12,61,1
12,66,1
12,67,1
12,68,1
12,72,1
12,73,1
12,74,2
12,77,1
12,79,1
12,80,2
12,83,1
12,84,1
12,87,1
12,88,1
12,89,1
12,93,1
12,95,2
12,99,1
12,101,1
12,102,3
12,103,2
12,104,1
12,105,1
12,107,5
12,108,3
12,109,3
12,110,5
12,111,8
12,112,13
12,113,16
12,114,28
12,115,46
12,116,42
12,117,52
12,118,38
12,119,40
12,120,39
12,121,56
12,122,54
12,123,39
12,124,55
12,125,38
12,126,49
12,127,37
12,128,45
12,129,39
12,130,46
12,131,31
12,132,33
12,133,34
12,134,27
12,135,18
12,136,25
12,137,16
12,138,10
12,139,1
12,140,7
12,141,4
12,142,4
12,143,1
12,144,2
12,145,1
12,146,1
12,147,2
12,148,2
12,149,3
12,150,1
12,151,5
12,156,1
12,157,1
12,161,4
12,162,1
12,163,1
12,165,1
12,166,1
12,168,2
12,171,1
12,174,4
12,175,1
12,176,2
12,178,1
12,179,1
12,180,2
12,186,1
12,190,2
12,191,1
12,202,1
12,203,1
12,204,1
12,206,1
12,208,1
12,209,1
12,213,1
12,222,1
12,224,1
12,227,1
12,230,1
12,237,1
12,243,1
12,253,1
12,266,1
13,8,1
13,21,1
13,28,1
13,40,1
13,46,1
13,50,1
13,52,1
13,55,1
13,57,1
13,64,1
13,71,1
13,72,2
13,74,1
13,75,2
13,76,1
13,78,1
13,81,1
13,82,2
13,85,1
13,88,1
13,89,2
13,90,2
13,91,2
13,93,1
13,98,1
13,100,1
13,101,2
13,103,2
13,106,2
13,107,2
13,108,5
13,109,3
13,110,8
13,111,8
13,112,12
13,113,16
13,114,22
13,115,21
13,116,46
13,117,44
13,118,48
13,119,35
13,120,48
13,121,43
13,122,46
13,123,50
13,124,41
13,125,49
13,126,35
13,127,45
13,128,40
13,129,35
13,130,31
13,131,35
13,132,41
13,133,35
13,134,26
13,135,22
13,136,26
13,137,20
13,138,10
13,139,10
13,140,7
13,141,2
13,142,4
13,143,2
13,144,2
13,145,3
13,146,2
13,147,3
13,148,1
13,149,3
13,150,1
13,151,1
13,152,1
13,154,1
13,155,1
13,156,1
13,157,2
13,158,1
13,159,1
13,160,3
13,162,1
13,163,3
13,167,1
13,168,1
13,170,1
13,172,1
13,173,1
13,176,1
13,177,1
13,178,1
13,183,2
13,187,2
13,188,1
13,189,1
13,191,1
13,195,1
13,200,1
13,207,1
13,217,1
13,221,1
13,224,1
13,229,1
13,232,1
13,245,1
13,271,2
13,273,1
14,5,1
14,17,1
14,25,1
14,38,1
14,50,1
14,51,1
14,52,1
14,53,1
14,59,1
14,60,1
14,64,1
14,66,1
14,69,2
14,78,1
14,79,1
14,80,2
14,81,1
14,82,1
14,84,1
14,86,1
14,88,2
14,91,1
14,92,2
14,98,1
14,100,3
14,101,1
14,102,1
14,103,3
14,105,4
14,106,2
14,107,3
14,108,2
14,109,3
14,110,7
14,111,8
14,112,14
14,113,19
14,114,26
14,115,32
14,116,43
14,117,42
14,118,48
14,119,61
14,120,58
14,121,53
14,122,46
14,123,43
14,124,48
14,125,35
14,126,39
14,127,51
14,128,40
14,129,36
14,130,33
14,131,38
14,132,21
14,133,27
14,134,29
14,135,26
14,136,19
14,137,17
14,138,17
14,139,4
14,140,5
14,141,4
14,142,2
14,143,7
14,144,3
14,145,4
14,146,2
14,147,1
14,149,2
14,150,3
14,151,1
14,153,1
14,154,1
14,155,1
14,160,3
14,161,1
14,166,1
14,167,1
14,168,1
14,169,3
14,172,1
14,174,2
14,175,1
14,181,3
14,187,1
14,188,1
14,190,1
14,191,1
14,192,1
14,195,1
14,198,1
14,200,1
14,208,1
14,224,2
14,234,1
14,236,1
14,257,1
14,260,1
14,269,1
14,271,1
14,275,1
15,9,1
15,14,1
15,21,1
15,25,1
15,26,1
15,32,1
15,46,1
15,47,1
15,59,1
15,63,2
15,64,1
15,65,3
15,70,1
15,77,1
15,78,1
15,80,1
15,81,1
15,83,1
15,84,1
15,91,1
15,92,1
15,97,1
15,98,1
15,99,3
15,100,1
15,102,2
15,103,1
15,106,1
15,108,4
15,109,3
15,110,5
15,111,3
15,112,11
15,113,15
15,114,33
15,115,35
15,116,51
15,117,27
15,118,54
15,119,49
15,120,51
15,121,25
15,122,40
15,123,54
15,124,36
15,125,52
15,126,43
15,127,49
15,128,59
15,129,25
15,130,35
15,131,33
15,132,35
15,133,46
15,134,38
15,135,28
15,136,25
15,137,17
15,138,9
15,139,6
15,140,8
15,141,5
15,142,5
15,143,3
15,144,3
15,145,1
15,146,3
15,147,5
15,148,1
15,149,3
15,150,1
15,152,1
15,153,2
15,154,4
15,156,3
15,157,1
15,159,2
15,160,3
15,163,3
15,164,1
15,167,1
15,168,2
15,170,2
15,172,1
15,173,2
15,175,1
15,176,2
15,177,1
15,179,1
15,181,1
15,182,1
15,183,1
15,185,2
15,187,1
15,190,1
15,191,2
15,194,1
15,198,1
15,199,1
15,200,1
15,203,1
15,204,1
15,213,1
15,215,1
15,216,1
15,217,1
15,226,1
15,227,1
15,229,1
15,232,1
15,246,2
15,256,1
16,1,1
16,11,1
16,23,1
16,26,1
16,36,1
16,53,1
16,56,1
16,58,1
16,62,2
16,64,1
16,69,1
16,74,3
16,77,1
16,80,1
16,81,1
16,83,1
16,84,1
16,88,1
16,90,1
16,91,2
16,92,1
16,93,2
16,94,3
16,96,1
16,97,1
16,99,1
16,100,2
16,101,1
16,102,1
16,103,3
16,104,1
16,105,6
16,106,1
16,107,2
16,108,4
16,109,6
16,110,4
16,111,4
16,112,20
16,113,17
16,114,30
16,115,34
16,116,44
16,117,46
16,118,57
16,119,56
16,120,41
16,121,30
16,122,47
16,123,46
16,124,44
16,125,47
16,126,47
16,127,47
16,128,34
16,129,39
16,130,45
16,131,38
16,132,64
16,133,39
16,134,29
16,135,31
16,136,21
16,137,16
16,138,12
16,139,9
16,140,1
16,141,7
16,142,5
16,143,5
16,145,2
16,146,3
16,147,1
16,148,2
16,149,2
16,150,1
16,151,1
16,154,1
16,155,1
16,156,1
16,157,1
16,158,3
16,160,1
16,162,1
16,163,2
16,165,2
16,166,1
16,169,1
16,172,1
16,173,1
16,175,1
16,178,2
16,180,1
16,181,1
16,183,1
16,186,1
16,187,1
16,190,1
16,193,2
16,194,1
16,197,1
16,198,1
16,199,1
16,203,1
16,206,1
16,209,1
16,210,3
16,211,1
16,212,1
16,216,1
16,218,1
16,220,1
16,223,1
16,226,1
16,234,1
16,240,1
16,241,1
16,246,1
16,251,1
16,260,1
16,270,1
16,274,1
17,16,1
17,18,1
17,49,1
17,64,1
17,65,1
17,66,2
17,68,1
17,70,1
17,76,2
17,78,1
17,82,1
17,83,1
17,84,1
17,85,1
17,86,1
17,88,1
17,92,1
17,94,3
17,95,1
17,96,2
17,97,3
17,98,1
17,99,1
17,102,1
17,103,2
17,104,1
17,105,1
17,106,1
17,107,2
17,108,3
17,109,2
17,110,6
17,111,11
17,112,12
17,113,18
17,114,23
17,115,22
17,116,39
17,117,48
17,118,39
17,119,54
17,120,50
17,121,35
17,122,47
17,123,48
17,124,50
17,125,41
17,126,45
17,127,37
17,128,48
17,129,37
17,130,42
17,131,43
17,132,35
17,133,40
17,134,41
17,135,22
17,136,21
17,137,12
17,138,15
17,139,11
17,140,4
17,141,7
17,142,3
17,143,6
17,144,2
17,145,3
17,146,2
17,147,2
17,148,2
17,149,3
17,150,3
17,151,1
17,152,2
17,154,2
17,156,1
17,157,1
17,162,1
17,164,2
17,165,1
17,166,1
17,169,2
17,171,2
17,173,1
17,177,1
17,185,1
17,186,2
17,187,1
17,188,2
17,189,1
17,190,1
17,191,2
17,192,1
17,193,1
17,194,1
17,195,1
17,197,1
17,198,1
17,200,1
17,211,1
17,213,2
17,215,1
17,220,1
17,223,1
17,229,1
17,239,1
17,241,1
17,253,1
17,258,1
17,259,1
17,269,1
18,29,1
18,49,1
18,51,1
18,53,2
18,56,1
18,61,3
18,66,1
18,69,1
18,70,2
18,71,2
18,72,1
18,74,1
18,78,1
18,80,1
18,84,1
18,88,1
18,89,1
18,90,2
18,91,2
18,92,1
18,93,2
18,96,2
18,100,1
18,101,2
18,102,3
18,104,2
18,106,2
18,107,1
18,108,4
18,109,6
18,110,8
18,111,8
18,112,8
18,113,21
18,114,28
18,115,44
18,116,41
18,117,51
18,118,58
18,119,48
18,120,51
18,121,51
18,122,43
18,123,38
18,124,41
18,125,44
18,126,47
18,127,40
18,128,40
18,129,32
18,130,40
18,131,41
18,132,44
18,133,38
18,134,39
18,135,24
18,136,27
18,137,24
18,138,17
18,139,11
18,140,7
18,141,6
18,142,3
18,144,2
18,145,2
18,146,3
18,147,1
18,148,3
18,149,3
18,151,3
18,152,2
18,153,1
18,154,1
18,156,3
18,160,3
18,161,1
18,162,1
18,166,1
18,167,1
18,168,1
18,169,3
18,170,1
18,172,1
18,173,1
18,177,1
18,178,1
18,179,1
18,181,2
18,182,1
18,184,2
18,185,1
18,186,1
18,187,1
18,188,1
18,190,1
18,191,1
18,192,1
18,193,3
18,194,1
18,195,1
18,197,1
18,198,1
18,201,1
18,204,1
18,207,1
18,212,1
18,213,1
18,215,2
18,223,1
18,228,1
18,247,1
18,255,1
18,266,1
19,2,1
19,10,1
19,23,1
19,24,2
19,25,1
19,29,1
19,39,1
19,51,1
19,55,1
19,57,1
19,59,1
19,61,2
19,66,2
19,68,2
19,76,1
19,77,1
19,82,2
19,85,1
19,92,1
19,93,1
19,95,2
19,96,1
19,97,2
19,99,4
19,100,1
19,102,2
19,103,2
19,104,2
19,105,3
19,106,1
19,107,4
19,108,3
19,109,5
19,110,2
19,111,7
19,112,10
19,113,15
19,114,22
19,115,22
19,116,48
19,117,49
19,118,47
19,119,41
19,120,56
19,121,54
19,122,37
19,123,45
19,124,49
19,125,43
19,126,41
19,127,48
19,128,31
19,129,44
19,130,53
19,131,36
19,132,38
19,133,39
19,134,38
19,135,30
19,136,30
19,137,22
19,138,14
19,139,15
19,140,6
19,141,3
19,142,1
19,143,2
19,144,2
19,145,1
19,147,3
19,148,1
19,149,1
19,150,2
19,151,3
19,152,1
19,153,2
19,155,3
19,156,1
19,158,1
19,159,3
19,160,2
19,163,1
19,164,2
19,166,1
19,167,1
19,168,1
19,170,1
19,171,2
19,172,1
19,173,1
19,174,4
19,176,2
19,178,1
19,179,1
19,180,1
19,181,1
19,186,2
19,187,1
19,188,2
19,191,1
19,193,1
19,194,1
19,195,1
19,196,1
19,201,1
19,205,1
19,208,1
19,209,1
19,210,1
19,211,2
19,216,1
19,217,1
19,229,1
19,230,1
19,243,1
19,265,1
19,268,2
19,270,1
19,271,1
19,275,1
20,21,1
20,30,1
20,32,1
20,38,2
20,51,1
20,55,1
20,58,1
20,62,1
20,63,1
20,65,1
20,68,2
20,70,1
20,71,2
20,72,1
20,76,2
20,77,1
20,78,1
20,84,1
20,85,1
20,87,1
20,90,2
20,92,1
20,95,2
20,97,1
20,98,3
20,100,1
20,102,3
20,103,2
20,104,4
20,106,2
20,107,3
20,108,4
20,109,2
20,110,6
20,111,6
20,112,5
20,113,22
20,114,29
20,115,32
20,116,45
20,117,64
20,118,61
20,119,40
20,120,59
20,121,47
20,122,44
20,123,43
20,124,43
20,125,59
20,126,41
20,127,44
20,128,40
20,129,39
20,130,31
20,131,46
20,132,33
20,133,37
20,134,41
20,135,29
20,136,19
20,137,22
20,138,14
20,139,7
20,140,11
20,141,4
20,142,6
20,143,2
20,144,3
20,145,3
20,146,4
20,148,2
20,149,1
20,150,2
20,151,1
20,152,1
20,153,1
20,154,2
20,155,3
20,156,2
20,159,4
20,161,2
20,163,2
20,166,1
20,167,2
20,168,2
20,169,3
20,170,1
20,171,1
20,172,1
20,173,3
20,180,1
20,183,1
20,184,1
20,185,1
20,186,1
20,189,2
20,190,1
20,193,1
20,194,1
20,195,1
20,200,1
20,202,1
20,206,1
20,207,1
20,214,1
20,215,1
20,219,1
20,224,1
20,249,1
20,258,1
20,260,1
21,9,1
21,16,1
21,18,1
21,20,1
21,42,1
21,50,1
21,64,1
21,67,1
21,70,1
21,72,2
21,76,1
21,77,1
21,78,1
21,83,2
21,89,1
21,90,1
21,91,1
21,94,1
21,95,1
21,96,3
21,97,2
21,100,3
21,101,1
21,102,1
21,104,2
21,105,3
21,106,1
21,107,2
21,108,3
21,109,4
21,110,5
21,111,6
21,112,13
21,113,18
21,114,29
21,115,32
21,116,42
21,117,64
21,118,55
21,119,60
21,120,51
21,121,53
21,122,49
21,123,50
21,124,50
21,125,51
21,126,43
21,127,49
21,128,46
21,129,38
21,130,40
21,131,44
21,132,40
21,133,38
21,134,34
21,135,31
21,136,19
21,137,19
21,138,11
21,139,12
21,140,10
21,141,3
21,142,6
21,143,1
21,144,3
21,145,3
21,146,1
21,147,2
21,148,4
21,149,1
21,150,1
21,151,3
21,152,1
21,153,2
21,154,1
21,155,1
21,156,1
21,157,3
21,158,2
21,161,1
21,162,1
21,163,2
21,164,1
21,168,1
21,169,1
21,173,1
21,174,1
21,175,2
21,176,1
21,177,1
21,179,1
21,180,1
21,182,1
21,183,1
21,184,2
21,186,1
21,187,1
21,191,1
21,192,2
21,193,2
21,195,1
21,196,2
21,199,2
21,201,2
21,203,2
21,205,1
21,207,1
21,218,2
21,219,1
21,220,1
21,222,1
21,225,2
21,228,1
21,229,1
21,242,1
21,243,1
21,244,1
21,250,1
21,262,1
21,268,1
21,271,1
22,4,1
22,13,1
22,15,1
22,46,1
22,61,1
22,63,1
22,65,1
22,71,1
22,73,1
22,74,1
22,75,1
22,77,1
22,80,2
22,81,1
22,83,2
22,84,1
22,85,2
22,87,2
22,90,1
22,91,1
22,92,1
22,93,1
22,94,2
22,95,2
22,96,2
22,98,2
22,102,1
22,103,1
22,104,1
22,105,1
22,106,3
22,107,1
22,108,2
22,110,7
22,111,7
22,112,12
22,113,16
22,114,22
22,115,43
22,116,42
22,117,62
22,118,67
22,119,63
22,120,60
22,121,53
22,122,58
22,123,56
22,124,60
22,125,56
22,126,51
22,127,53
22,128,48
22,129,41
22,130,63
22,131,35
22,132,52
22,133,41
22,134,28
22,135,24
22,136,27
22,137,16
22,138,14
22,139,11
22,140,7
22,141,3
22,142,9
22,143,3
22,144,5
22,145,4
22,146,1
22,147,2
22,148,5
22,150,1
22,151,2
22,153,1
22,155,1
22,156,3
22,157,1
22,158,1
22,159,2
22,161,1
22,162,1
22,165,1
22,167,1
22,168,1
22,172,1
22,176,2
22,177,1
22,179,3
22,180,1
22,181,1
22,183,1
22,184,1
22,186,1
22,191,1
22,192,1
22,193,1
22,194,1
22,197,1
22,200,1
22,201,1
22,206,1
22,215,2
22,216,1
22,224,1
22,229,1
22,246,1
22,258,1
22,264,2
23,1,1
23,14,1
23,18,1
23,24,1
23,27,1
23,28,1
23,38,1
23,44,1
23,45,2
23,50,1
23,53,1
23,61,1
23,66,1
23,75,1
23,77,1
23,80,1
23,86,1
23,87,1
23,90,2
23,92,2
23,97,1
23,98,2
23,99,1
23,102,2
23,104,1
23,105,1
23,106,1
23,108,5
23,109,2
23,110,6
23,111,5
23,112,17
23,113,21
23,114,29
23,115,33
23,116,38
23,117,53
23,118,62
23,119,55
23,120,63
23,121,36
23,122,41
23,123,67
23,124,56
23,125,46
23,126,53
23,127,44
23,128,38
23,129,41
23,130,38
23,131,46
23,132,40
23,133,49
23,134,38
23,135,40
23,136,22
23,137,19
23,138,18
23,139,9
23,140,11
23,141,5
23,142,1
23,143,2
23,145,3
23,147,4
23,148,1
23,149,2
23,150,2
23,151,1
23,152,1
23,154,1
23,156,2
23,157,2
23,158,2
23,159,1
23,161,1
23,162,1
23,164,1
23,165,1
23,166,1
23,167,1
23,169,1
23,170,3
23,172,1
23,173,1
23,174,1
23,175,1
23,180,2
23,181,2
23,184,1
23,186,1
23,187,1
23,188,1
23,190,1
23,194,2
23,196,1
23,197,1
23,200,3
23,203,2
23,205,1
23,207,1
23,209,1
23,210,1
23,211,1
23,212,2
23,215,1
23,217,1
23,219,1
23,226,1
23,227,1
23,230,1
23,235,2
23,239,1
23,243,1
23,247,1
23,253,1
23,258,1
23,265,3
23,268,1
23,269,1
24,6,2
24,15,1
24,23,1
24,25,1
24,31,1
24,37,1
24,59,1
24,61,1
24,62,1
24,68,1
24,69,1
24,72,1
24,75,1
24,78,1
24,82,1
24,83,1
24,84,3
24,85,1
24,86,1
24,87,1
24,89,1
24,91,2
24,92,1
24,94,3
24,95,1
24,99,1
24,100,3
24,101,1
24,102,2
24,103,1
24,104,2
24,106,1
24,107,2
24,108,1
24,109,3
24,110,9
24,111,10
24,112,12
24,113,15
24,114,26
24,115,28
24,116,43
24,117,58
24,118,68
24,119,54
24,120,56
24,121,59
24,122,60
24,123,56
24,124,48
24,125,55
24,126,39
24,127,43
24,128,47
24,129,60
24,130,41
24,131,40
24,132,36
24,133,30
24,134,31
24,135,30
24,136,31
24,137,26
24,138,9
24,139,8
24,140,16
24,141,4
24,142,4
24,143,5
24,144,7
24,145,3
24,146,2
24,147,1
24,148,1
24,149,6
24,150,1
24,151,1
24,152,4
24,153,1
24,154,4
24,157,2
24,158,2
24,159,1
24,160,1
24,161,1
24,162,2
24,163,1
24,164,3
24,165,1
24,169,1
24,170,1
24,174,1
24,176,2
24,177,2
24,178,1
24,179,1
24,181,1
24,182,1
24,183,2
24,186,2
24,190,1
24,195,1
24,196,1
24,197,1
24,198,1
24,202,1
24,204,1
24,207,2
24,212,1
24,213,1
24,216,1
24,222,1
24,224,1
24,228,1
24,235,1
24,236,1
24,240,1
24,249,1
24,264,1
24,265,1
24,273,1
25,6,1
25,21,1
25,27,1
25,29,1
25,32,1
25,48,1
25,62,2
25,69,1
25,73,1
25,75,1
25,78,2
25,81,1
25,82,1
25,86,1
25,93,2
25,96,1
25,99,2
25,101,2
25,102,1
25,103,1
25,104,2
25,105,1
25,106,3
25,107,1
25,108,1
25,110,4
25,111,5
25,112,13
25,113,26
25,114,33
25,115,47
25,116,57
25,117,46
25,118,52
25,119,69
25,120,63
25,121,57
25,122,67
25,123,48
25,124,40
25,125,59
25,126,42
25,127,51
25,128,52
25,129,42
25,130,45
25,131,51
25,132,40
25,133,56
25,134,24
25,135,33
25,136,28
25,137,25
25,138,18
25,139,12
25,140,11
25,141,3
25,142,4
25,143,5
25,144,4
25,145,1
25,146,2
25,147,3
25,148,2
25,150,2
25,151,2
25,152,1
25,153,2
25,154,1
25,155,1
25,157,1
25,159,3
25,160,3
25,161,2
25,163,2
25,164,1
25,166,1
25,168,1
25,169,1
25,170,1
25,173,1
25,174,2
25,176,2
25,178,2
25,179,1
25,181,1
25,182,3
25,183,2
25,184,1
25,186,1
25,187,1
25,189,2
25,194,1
25,199,1
25,203,1
25,204,3
25,206,1
25,210,1
25,213,1
25,216,2
25,218,1
25,221,1
25,222,2
25,231,1
25,232,1
25,254,1
25,264,1
25,269,1
26,1,1
26,20,1
26,35,1
26,54,1
26,55,1
26,58,3
26,63,1
26,64,2
26,71,2
26,72,1
26,73,1
26,77,1
26,78,1
26,79,1
26,85,1
26,86,1
26,94,2
26,95,1
26,96,1
26,97,1
26,98,1
26,102,1
26,104,2
26,105,2
26,106,1
26,107,3
26,108,3
26,109,9
26,110,6
26,111,5
26,112,13
26,113,18
26,114,11
26,115,42
26,116,36
26,117,49
26,118,57
26,119,53
26,120,64
26,121,52
26,122,46
26,123,51
26,124,44
26,125,54
26,126,51
26,127,50
26,128,37
26,129,49
26,130,38
26,131,51
26,132,52
26,133,44
26,134,30
26,135,36
26,136,33
26,137,21
26,138,16
26,139,4
26,140,8
26,141,6
26,142,3
26,143,5
26,144,2
26,145,1
26,146,1
26,147,3
26,148,1
26,149,2
26,150,2
26,151,2
26,152,4
26,153,1
26,154,2
26,155,2
26,157,1
26,158,2
26,159,1
26,164,2
26,166,1
26,168,3
26,169,1
26,170,2
26,172,1
26,174,1
26,175,1
26,176,1
26,177,1
26,179,1
26,180,1
26,184,1
26,186,1
26,187,3
26,188,4
26,189,2
26,191,2
26,193,1
26,196,1
26,197,1
26,199,1
26,206,1
26,213,2
26,226,1
26,230,1
26,231,1
26,238,1
26,242,1
26,253,1
26,268,1
27,3,1
27,9,1
27,24,1
27,36,1
27,40,1
27,44,1
27,45,2
27,50,1
27,55,1
27,57,1
27,58,1
27,59,1
27,67,1
27,71,1
27,72,3
27,78,1
27,84,1
27,87,1
27,88,1
27,92,1
27,93,1
27,97,1
27,98,1
27,99,1
27,103,1
27,104,3
27,105,3
27,106,3
27,107,1
27,108,6
27,109,4
27,110,8
27,111,12
27,112,9
27,113,23
27,114,32
27,115,41
27,116,62
27,117,63
27,118,53
27,119,67
27,120,47
27,121,62
27,122,63
27,123,56
27,124,54
27,125,43
27,126,60
27,127,47
27,128,55
27,129,58
27,130,38
27,131,60
27,132,39
27,133,50
27,134,34
27,135,45
27,136,28
27,137,27
27,138,14
27,139,10
27,140,2
27,141,6
27,142,4
27,143,3
27,144,4
27,145,3
27,146,1
27,147,2
27,148,3
27,149,2
27,150,1
27,151,1
27,152,1
27,153,2
27,154,1
27,155,1
27,156,1
27,158,1
27,160,1
27,161,3
27,162,1
27,168,2
27,169,1
27,170,1
27,171,1
27,172,2
27,174,1
27,175,2
27,177,1
27,178,1
27,179,2
27,182,1
27,186,2
27,189,1
27,190,1
27,192,1
27,193,2
27,194,1
27,198,1
27,202,2
27,208,2
27,211,4
27,212,1
27,218,1
27,219,1
27,220,1
27,221,1
27,223,1
27,227,1
27,243,1
27,246,1
27,252,1
27,253,1
27,269,1
27,274,1
28,4,1
28,12,1
28,21,1
28,23,1
28,33,1
28,35,1
28,56,2
28,57,1
28,58,1
28,59,2
28,65,1
28,68,1
28,69,2
28,70,1
28,71,1
28,73,1
28,77,1
28,78,1
28,81,1
28,83,1
28,84,1
28,85,1
28,87,1
28,89,1
28,91,1
28,93,1
28,94,2
28,95,3
28,96,3
28,98,1
28,99,2
28,100,1
28,101,2
28,102,1
28,104,3
28,106,2
28,107,1
28,108,2
28,109,5
28,110,9
28,111,8
28,112,15
28,113,21
28,114,34
28,115,39
28,116,58
28,117,52
28,118,65
28,119,53
28,120,73
28,121,53
28,122,63
28,123,46
28,124,38
28,125,54
28,126,54
28,127,51
28,128,51
28,129,39
28,130,59
28,131,41
28,132,42
28,133,43
28,134,42
28,135,28
28,136,26
28,137,23
28,138,19
28,139,10
28,140,9
28,141,5
28,142,3
28,143,6
28,144,4
28,145,1
28,146,3
28,147,3
28,148,2
28,149,3
28,150,1
28,152,1
28,153,3
28,155,3
28,156,1
28,160,1
28,162,1
28,163,2
28,164,1
28,165,1
28,166,1
28,167,2
28,171,2
28,172,1
28,174,2
28,176,2
28,177,1
28,178,2
28,180,1
28,183,1
28,186,1
28,187,1
28,192,2
28,198,2
28,200,2
28,202,1
28,203,1
28,208,1
28,211,1
28,216,1
28,218,1
28,223,1
28,224,1
28,225,1
28,227,1
28,230,1
28,237,2
28,240,1
28,245,1
28,249,1
28,253,1
28,256,1
28,257,1
28,259,1
28,262,1
28,268,1
29,3,1
29,9,1
29,19,1
29,20,1
29,22,1
29,25,1
29,28,1
29,35,1
29,43,1
29,52,1
29,53,1
29,59,1
29,61,1
29,64,2
29,65,1
29,69,1
29,72,3
29,74,2
29,76,1
29,77,2
29,78,1
29,80,1
29,81,1
29,84,2
29,85,1
29,88,1
29,89,1
29,90,1
29,93,1
29,95,3
29,96,2
29,97,3
29,100,1
29,101,1
29,102,1
29,103,1
29,104,1
29,105,2
29,106,2
29,107,1
29,108,5
29,109,5
29,110,4
29,111,9
29,112,21
29,113,13
29,114,33
29,115,35
29,116,49
29,117,55
29,118,58
29,119,54
29,120,66
29,121,60
29,122,54
29,123,54
29,124,54
29,125,69
29,126,52
29,127,50
29,128,52
29,129,44
29,130,49
29,131,44
29,132,39
29,133,41
29,134,44
29,135,32
29,136,33
29,137,30
29,138,16
29,139,13
29,140,13
29,141,5
29,142,4
29,143,5
29,144,3
29,145,2
29,146,3
29,147,3
29,148,3
29,149,2
29,150,2
29,151,5
29,152,1
29,153,1
29,154,2
29,156,1
29,159,2
29,160,1
29,162,1
29,163,4
29,165,3
29,166,3
29,167,1
29,168,2
29,171,2
29,173,1
29,174,2
29,175,4
29,176,1
29,178,2
29,180,1
29,182,2
29,183,1
29,186,1
29,187,1
29,189,3
29,190,1
29,198,1
29,199,1
29,202,1
29,204,1
29,206,2
29,207,1
29,213,2
29,214,1
29,222,1
29,223,2
29,224,2
29,226,1
29,228,1
29,257,1
29,262,1
29,275,1
30,23,1
30,31,1
30,32,1
30,37,2
30,41,2
30,46,1
30,56,1
30,60,1
30,64,1
30,66,2
30,70,1
30,76,1
30,78,1
30,79,1
30,80,1
30,82,1
30,83,1
30,87,1
30,88,1
30,90,2
30,91,2
30,92,1
30,95,2
30,99,2
30,100,1
30,101,1
30,102,3
30,103,1
30,105,3
30,106,1
30,107,6
30,108,2
30,109,3
30,110,4
30,111,6
30,112,12
30,113,14
30,114,29
30,115,30
30,116,57
30,117,52
30,118,61
30,119,65
30,120,68
30,121,64
30,122,64
30,123,70
30,124,40
30,125,55
30,126,42
30,127,43
30,128,43
30,129,39
30,130,53
30,131,51
30,132,57
30,133,52
30,134,40
30,135,25
30,136,29
30,137,26
30,138,21
30,139,9
30,140,6
30,141,5
30,142,3
30,143,4
30,144,3
30,146,3
30,147,2
30,148,1
30,149,5
30,150,1
30,151,3
30,152,5
30,153,1
30,154,1
30,155,1
30,156,1
30,157,1
30,158,1
30,160,1
30,161,2
30,165,1
30,168,1
30,175,1
30,176,2
30,179,1
30,181,1
30,183,1
30,186,2
30,188,1
30,189,2
30,190,1
30,191,2
30,192,2
30,193,1
30,198,1
30,203,1
30,210,1
30,211,1
30,213,1
30,215,1
30,218,3
30,219,1
30,220,1
30,221,1
30,226,1
30,231,1
30,234,1
30,239,2
30,274,1
31,9,1
31,10,1
31,11,1
31,13,1
31,15,1
31,22,1
31,26,1
31,38,1
31,44,1
31,54,1
31,56,1
31,62,1
31,63,2
31,65,1
31,66,1
31,68,2
31,69,1
31,70,2
31,71,2
31,73,2
31,74,2
31,80,1
31,81,1
31,84,1
31,85,1
31,86,2
31,89,1
31,91,1
31,93,1
31,94,1
31,95,1
31,97,1
31,98,2
31,99,2
31,100,1
31,101,1
31,103,1
31,104,2
31,105,3
31,106,1
31,107,2
31,108,1
31,109,7
31,110,4
31,111,11
31,112,14
31,113,16
31,114,28
31,115,46
31,116,56
31,117,61
31,118,59
31,119,64
31,120,60
31,121,49
31,122,61
31,123,43
31,124,61
31,125,53
31,126,69
31,127,53
31,128,51
31,129,50
31,130,57
31,131,55
31,132,38
31,133,42
31,134,46
31,135,49
31,136,20
31,137,21
31,138,11
31,139,14
31,140,5
31,141,2
31,142,6
31,143,7
31,144,3
31,145,2
31,146,1
31,148,1
31,149,2
31,150,3
31,151,3
31,152,3
31,153,1
31,155,2
31,156,1
31,161,1
31,163,2
31,164,1
31,166,1
31,168,2
31,169,1
31,170,2
31,171,1
31,173,1
31,174,1
31,175,1
31,176,1
31,178,2
31,179,1
31,180,2
31,181,1
31,183,1
31,184,1
31,185,1
31,188,1
31,190,2
31,191,1
31,192,1
31,193,1
31,194,2
31,199,1
31,201,2
31,204,2
31,205,1
31,209,1
31,210,2
31,213,1
31,217,3
31,218,1
31,226,2
31,229,1
31,231,2
31,235,1
31,236,1
31,241,1
31,245,1
31,258,1
32,4,1
32,12,1
32,26,2
32,39,1
32,41,1
32,47,1
32,49,1
32,53,1
32,54,1
32,57,1
32,65,1
32,68,1
32,69,1
32,72,2
32,79,1
32,81,1
32,83,2
32,84,1
32,87,1
32,88,2
32,91,1
32,93,1
32,96,3
32,97,1
32,98,2
32,99,1
32,100,1
32,101,2
32,102,1
32,103,3
32,104,2
32,106,3
32,108,2
32,109,3
32,110,4
32,111,4
32,112,9
32,113,17
32,114,25
32,115,54
32,116,47
32,117,47
32,118,64
32,119,68
32,120,56
32,121,54
32,122,53
32,123,41
32,124,55
32,125,49
32,126,51
32,127,48
32,128,50
32,129,49
32,130,56
32,131,43
32,132,48
32,133,50
32,134,34
32,135,34
32,136,29
32,137,27
32,138,18
32,139,16
32,140,8
32,141,5
32,142,3
32,143,5
32,144,3
32,145,2
32,146,1
32,147,5
32,148,3
32,149,2
32,154,1
32,155,2
32,156,1
32,157,1
32,159,2
32,160,1
32,161,2
32,162,1
32,163,2
32,165,1
32,166,1
32,170,2
32,171,1
32,172,2
32,173,2
32,174,4
32,177,1
32,178,1
32,180,2
32,181,1
32,184,1
32,185,1
32,186,1
32,187,1
32,188,1
32,189,2
32,190,1
32,192,1
32,194,1
32,196,1
32,198,2
32,199,1
32,201,1
32,202,1
32,205,2
32,206,1
32,208,1
32,209,1
32,211,1
32,213,2
32,222,1
32,224,1
32,226,2
32,237,1
32,247,1
32,250,1
32,264,1
32,273,1
33,0,1
33,4,2
33,17,1
33,30,1
33,38,1
33,43,1
33,45,1
33,48,1
33,50,1
33,58,1
33,63,1
33,66,1
33,67,1
33,71,1
33,72,1
33,73,1
33,75,1
33,77,2
33,79,1
33,80,2
33,82,1
33,85,2
33,87,1
33,88,1
33,89,1
33,90,1
33,93,1
33,94,1
33,96,1
33,97,2
33,98,2
33,99,1
33,100,1
33,101,3
33,102,1
33,103,1
33,104,1
33,105,4
33,107,3
33,108,3
33,109,2
33,110,10
33,111,6
33,112,17
33,113,23
33,114,37
33,115,46
33,116,42
33,117,49
33,118,67
33,119,83
33,120,54
33,121,69
33,122,58
33,123,68
33,124,60
33,125,41
33,126,46
33,127,43
33,128,65
33,129,43
33,130,50
33,131,44
33,132,36
33,133,42
33,134,32
33,135,35
33,136,40
33,137,14
33,138,10
33,139,14
33,140,7
33,141,4
33,142,3
33,143,2
33,144,2
33,146,2
33,147,3
33,148,1
33,149,4
33,150,1
33,152,2
33,155,2
33,156,3
33,158,1
33,159,1
33,162,1
33,163,1
33,164,2
33,167,1
33,168,1
33,169,1
33,171,1
33,172,1
33,173,2
33,174,1
33,175,1
33,176,2
33,179,1
33,181,2
33,186,1
33,187,1
33,190,1
33,192,2
33,194,1
33,195,1
33,199,2
33,208,1
33,210,1
33,215,1
33,217,1
33,219,1
33,220,1
33,221,2
33,225,1
33,230,1
33,237,1
33,238,1
33,250,1
34,29,1
34,42,1
34,46,1
34,50,2
34,53,1
34,59,2
34,60,1
34,62,1
34,67,1
34,68,1
34,70,1
34,74,1
34,75,1
34,78,1
34,80,1
34,81,1
34,82,1
34,87,2
34,89,1
34,90,1
34,91,1
34,92,2
34,95,2
34,96,1
34,98,1
34,99,1
34,101,3
34,103,1
34,105,1
34,106,2
34,107,1
34,108,5
34,109,3
34,110,8
34,111,10
34,112,15
34,113,24
34,114,29
34,115,28
34,116,59
34,117,57
34,118,64
34,119,60
34,120,53
34,121,68
34,122,58
34,123,58
34,124,63
34,125,61
34,126,49
34,127,50
34,128,34
34,129,53
34,130,46
34,131,57
34,132,32
34,133,39
34,134,38
34,135,34
34,136,24
34,137,15
34,138,21
34,139,15
34,140,11
34,141,2
34,142,5
34,143,4
34,145,2
34,146,4
34,147,2
34,149,1
34,150,1
34,151,3
34,153,2
34,154,1
34,155,2
34,156,3
34,157,2
34,158,1
34,161,3
34,162,2
34,165,1
34,166,1
34,171,3
34,173,1
34,176,2
34,180,1
34,181,1
34,183,1
34,187,2
34,188,1
34,189,1
34,190,1
34,191,2
34,192,1
34,196,3
34,198,2
34,200,1
34,201,2
34,203,1
34,205,3
34,206,1
34,207,1
34,209,1
34,210,1
34,212,1
34,213,1
34,214,1
34,215,1
34,218,1
34,222,1
34,225,3
34,231,1
34,236,1
34,249,1
34,259,1
34,264,1
35,0,1
35,16,1
35,33,1
35,35,1
35,36,1
35,42,1
35,44,1
35,47,2
35,48,2
35,49,1
35,50,1
35,53,1
35,57,3
35,62,1
35,63,1
35,69,1
35,70,1
35,71,1
35,73,1
35,77,2
35,80,1
35,81,1
35,82,3
35,83,2
35,84,1
35,87,1
35,88,1
35,90,2
35,91,1
35,92,1
35,93,1
35,94,2
35,95,1
35,96,1
35,97,1
35,98,2
35,99,1
35,101,1
35,102,2
35,103,1
35,105,2
35,106,2
35,108,4
35,109,5
35,110,12
35,111,11
35,112,16
35,113,17
35,114,32
35,115,38
35,116,54
35,117,65
35,118,64
35,119,64
35,120,70
35,121,65
35,122,53
35,123,66
35,124,50
35,125,52
35,126,62
35,127,54
35,128,46
35,129,49
35,130,56
35,131,67
35,132,44
35,133,41
35,134,41
35,135,29
35,136,37
35,137,24
35,138,19
35,139,9
35,140,6
35,141,4
35,142,3
35,143,2
35,144,2
35,145,2
35,146,1
35,147,3
35,148,5
35,150,1
35,151,2
35,152,3
35,153,1
35,154,3
35,155,2
35,156,2
35,157,2
35,158,2
35,159,1
35,161,3
35,163,2
35,164,3
35,165,1
35,166,1
35,167,1
35,169,2
35,170,1
35,172,2
35,173,2
35,175,1
35,178,1
35,179,3
35,182,5
35,185,1
35,187,1
35,189,2
35,191,1
35,192,1
35,193,2
35,196,1
35,202,1
35,203,1
35,206,2
35,207,1
35,208,1
35,211,2
35,213,1
35,214,2
35,220,1
35,222,1
35,225,3
35,228,1
35,231,1
35,239,1
35,250,1
36,23,1
36,24,1
36,27,2
36,31,1
36,36,1
36,38,1
36,39,1
36,42,1
36,45,1
36,52,2
36,53,1
36,61,2
36,62,1
36,64,1
36,70,1
36,73,1
36,74,2
36,76,1
36,78,1
36,82,1
36,84,1
36,87,2
36,88,2
36,89,2
36,91,3
36,93,1
36,94,1
36,95,1
36,96,1
36,97,1
36,98,1
36,100,1
36,102,1
36,103,1
36,105,3
36,106,2
36,107,2
36,108,2
36,109,4
36,110,1
36,111,9
36,112,12
36,113,15
36,114,31
36,115,48
36,116,66
36,117,62
36,118,72
36,119,57
36,120,68
36,121,58
36,122,64
36,123,68
36,124,51
36,125,62
36,126,61
36,127,44
36,128,61
36,129,43
36,130,51
36,131,54
36,132,38
36,133,52
36,134,37
36,135,39
36,136,31
36,137,22
36,138,22
36,139,10
36,140,5
36,141,7
36,142,7
36,143,1
36,145,4
36,146,2
36,147,2
36,148,2
36,149,2
36,150,3
36,151,1
36,152,2
36,153,1
36,154,1
36,155,1
36,156,3
36,157,1
36,158,2
36,160,4
36,161,3
36,162,4
36,163,2
36,164,3
36,165,2
36,166,1
36,169,1
36,170,2
36,171,1
36,172,2
36,173,1
36,174,1
36,175,2
36,177,3
36,178,3
36,179,1
36,180,2
36,182,2
36,183,1
36,185,2
36,187,2
36,192,1
36,193,2
36,194,2
36,195,1
36,196,1
36,201,2
36,202,2
36,205,1
36,207,2
36,208,1
36,213,2
36,216,1
36,218,1
36,220,3
36,222,1
36,224,1
36,225,1
36,227,1
36,251,1
36,253,1
36,257,1
36,269,1
37,1,1
37,3,1
37,25,1
37,29,1
37,40,1
37,43,1
37,48,1
37,53,1
37,54,1
37,58,2
37,60,1
37,61,1
37,62,1
37,64,1
37,65,1
37,69,1
37,70,1
37,71,1
37,72,1
37,79,1
37,82,1
37,83,1
37,84,2
37,85,1
37,87,1
37,90,1
37,91,2
37,92,2
37,93,1
37,94,1
37,95,1
37,97,1
37,98,1
37,100,4
37,101,1
37,102,3
37,103,1
37,104,1
37,105,1
37,106,2
37,108,4
37,109,3
37,110,5
37,111,8
37,112,5
37,113,26
37,114,32
37,115,45
37,116,52
37,117,66
37,118,62
37,119,71
37,120,78
37,121,86
37,122,60
37,123,44
37,124,58
37,125,62
37,126,51
37,127,64
37,128,51
37,129,48
37,130,60
37,131,46
37,132,59
37,133,40
37,134,31
37,135,45
37,136,18
37,137,27
37,138,24
37,139,6
37,140,9
37,141,9
37,142,4
37,143,4
37,144,6
37,145,2
37,146,1
37,147,4
37,148,2
37,149,3
37,150,3
37,151,2
37,152,1
37,153,1
37,155,2
37,156,3
37,157,3
37,158,1
37,160,3
37,161,2
37,162,1
37,163,1
37,164,1
37,165,3
37,166,4
37,168,3
37,169,2
37,170,1
37,172,3
37,173,1
37,175,1
37,177,1
37,178,3
37,179,2
37,180,2
37,181,2
37,182,3
37,183,1
37,184,2
37,185,1
37,186,1
37,188,1
37,189,2
37,193,3
37,194,2
37,196,1
37,198,1
37,201,1
37,203,1
37,204,2
37,206,1
37,207,2
37,208,1
37,209,1
37,211,1
37,212,1
37,215,1
37,221,1
37,223,1
37,226,1
37,227,2
37,236,1
37,245,1
37,264,1
37,265,1
37,266,1
38,17,1
38,18,1
38,21,1
38,26,1
38,36,1
38,44,1
38,49,1
38,51,1
38,66,1
38,67,1
38,69,1
38,70,1
38,72,2
38,74,1
38,75,1
38,77,3
38,78,1
38,80,1
38,86,1
38,88,1
38,89,1
38,91,1
38,92,4
38,93,1
38,96,2
38,98,1
38,99,1
38,100,1
38,102,2
38,103,3
38,104,2
38,105,2
38,107,2
38,108,5
38,110,6
38,111,16
38,112,7
38,113,19
38,114,41
38,115,30
38,116,46
38,117,60
38,118,77
38,119,65
38,120,56
38,121,67
38,122,70
38,123,54
38,124,74
38,125,62
38,126,49
38,127,45
38,128,55
38,129,51
38,130,59
38,131,42
38,132,51
38,133,46
38,134,38
38,135,40
38,136,34
38,137,26
38,138,27
38,139,14
38,140,10
38,141,7
38,142,2
38,143,6
38,144,1
38,145,2
38,146,2
38,148,2
38,149,8
38,151,2
38,152,1
38,154,2
38,155,4
38,156,1
38,157,1
38,158,1
38,159,1
38,161,1
38,163,3
38,164,1
38,166,1
38,167,2
38,168,1
38,170,2
38,171,2
38,173,2
38,175,2
38,177,1
38,178,1
38,181,3
38,182,1
38,184,1
38,186,1
38,187,1
38,188,2
38,189,1
38,190,2
38,191,2
38,195,2
38,197,1
38,199,1
38,200,1
38,201,2
38,203,2
38,206,1
38,211,1
38,217,1
38,220,1
38,223,2
38,235,1
38,248,1
38,253,1
38,255,1
38,260,1
38,270,1
38,276,1
39,0,1
39,4,1
39,10,1
39,15,1
39,20,1
39,22,1
39,40,1
39,44,2
39,47,1
39,50,1
39,52,1
39,54,1
39,56,1
39,57,1
39,64,1
39,70,2
39,81,1
39,83,2
39,87,4
39,88,1
39,90,1
39,92,1
39,93,1
39,94,1
39,95,1
39,96,2
39,99,1
39,100,1
39,101,1
39,102,1
39,104,4
39,105,1
39,106,6
39,107,3
39,108,1
39,109,7
39,110,5
39,111,7
39,112,14
39,113,26
39,114,42
39,115,39
39,116,60
39,117,74
39,118,76
39,119,74
39,120,79
39,121,59
39,122,61
39,123,58
39,124,56
39,125,59
39,126,68
39,127,67
39,128,55
39,129,56
39,130,45
39,131,57
39,132,56
39,133,41
39,134,44
39,135,45
39,136,42
39,137,29
39,138,14
39,139,17
39,140,6
39,141,4
39,142,7
39,143,3
39,144,2
39,145,2
39,146,1
39,147,1
39,148,1
39,152,6
39,153,3
39,154,1
39,156,1
39,157,2
39,158,3
39,160,3
39,161,3
39,162,1
39,163,1
39,165,1
39,167,1
39,169,1
39,173,1
39,174,1
39,175,2
39,176,4
39,177,2
39,178,1
39,179,1
39,181,3
39,182,1
39,186,2
39,189,3
39,190,1
39,191,2
39,192,2
39,193,1
39,194,3
39,197,2
39,198,1
39,202,2
39,212,2
39,221,2
39,223,2
39,225,1
39,234,1
39,237,1
39,254,1
39,258,1
39,266,1
40,8,1
40,18,2
40,20,1
40,33,2
40,40,1
40,45,1
40,54,1
40,62,1
40,70,2
40,71,3
40,73,2
40,75,1
40,79,2
40,80,1
40,81,1
40,82,2
40,87,1
40,89,1
40,90,1
40,91,2
40,92,2
40,94,1
40,95,1
40,96,1
40,98,1
40,99,1
40,100,1
40,101,2
40,102,3
40,103,3
40,104,5
40,105,4
40,107,3
40,108,3
40,109,3
40,110,7
40,111,12
40,112,15
40,113,19
40,114,25
40,115,38
40,116,45
40,117,51
40,118,92
40,119,75
40,120,73
40,121,62
40,122,65
40,123,59
40,124,51
40,125,63
40,126,60
40,127,51
40,128,59
40,129,53
40,130,54
40,131,55
40,132,51
40,133,41
40,134,53
40,135,42
40,136,38
40,137,27
40,138,25
40,139,14
40,140,8
40,141,8
40,142,8
40,143,5
40,144,1
40,145,4
40,146,4
40,147,1
40,148,9
40,151,1
40,152,1
40,153,1
40,155,4
40,157,2
40,158,2
40,159,4
40,160,1
40,161,1
40,164,1
40,165,2
40,166,1
40,169,2
40,170,1
40,171,1
40,173,1
40,174,1
40,175,1
40,176,1
40,177,1
40,178,1
40,184,1
40,185,2
40,186,2
40,187,2
40,189,1
40,193,1
40,197,1
40,198,2
40,200,1
40,203,1
40,205,1
40,206,1
40,210,1
40,211,1
40,215,1
40,219,1
40,225,1
40,226,1
40,229,2
40,231,1
40,241,2
40,256,1
40,259,1
40,260,1
40,262,1
40,264,1
41,4,1
41,9,1
41,13,1
41,19,2
41,25,1
41,27,1
41,33,1
41,34,1
41,57,1
41,59,1
41,64,1
41,67,2
41,71,1
41,72,1
41,75,1
41,76,2
41,78,2
41,79,1
41,85,1
41,87,2
41,88,2
41,92,2
41,93,2
41,95,4
41,96,1
41,97,2
41,98,2
41,99,2
41,100,2
41,101,3
41,102,2
41,103,1
41,104,2
41,105,3
41,106,2
41,107,1
41,108,2
41,109,4
41,110,3
41,111,7
41,112,7
41,113,34
41,114,36
41,115,45
41,116,69
41,117,76
41,118,60
41,119,65
41,120,87
41,121,53
41,122,66
41,123,66
41,124,57
41,125,71
41,126,67
41,127,55
41,128,55
41,129,52
41,130,42
41,131,57
41,132,43
41,133,48
41,134,51
41,135,40
41,136,34
41,137,24
41,138,24
41,139,10
41,140,14
41,141,4
41,142,5
41,143,4
41,144,4
41,145,5
41,146,3
41,147,2
41,149,3
41,150,1
41,151,3
41,152,1
41,153,2
41,154,5
41,155,4
41,156,5
41,159,3
41,160,2
41,161,2
41,162,2
41,163,1
41,164,1
41,165,4
41,166,1
41,170,3
41,174,1
41,175,3
41,178,1
41,179,1
41,181,1
41,183,1
41,186,3
41,189,2
41,192,4
41,199,1
41,200,1
41,201,1
41,202,1
41,209,1
41,214,1
41,216,1
41,224,1
41,225,1
41,227,2
41,230,2
41,231,1
41,241,1
41,246,1
41,248,1
41,257,1
41,268,1
42,1,1
42,6,1
42,12,1
42,21,1
42,44,1
42,48,1
42,50,1
42,52,1
42,60,1
42,65,1
42,77,2
42,78,2
42,87,1
42,88,3
42,90,1
42,91,1
42,94,2
42,95,1
42,96,2
42,97,3
42,99,2
42,100,1
42,101,1
42,102,2
42,103,4
42,104,3
42,105,1
42,106,4
42,107,2
42,108,3
42,109,9
42,110,7
42,111,7
42,112,20
42,113,17
42,114,36
42,115,45
42,116,52
42,117,66
42,118,83
42,119,72
42,120,74
42,121,78
42,122,66
42,123,62
42,124,50
42,125,55
42,126,54
42,127,61
42,128,57
42,129,37
42,130,63
42,131,49
42,132,39
42,133,39
42,134,45
42,135,40
42,136,45
42,137,26
42,138,23
42,139,5
42,140,12
42,141,5
42,142,3
42,143,8
42,144,6
42,145,2
42,146,3
42,147,1
42,148,1
42,149,1
42,151,2
42,152,1
42,154,1
42,155,3
42,156,1
42,157,1
42,159,1
42,160,1
42,161,3
42,164,1
42,165,3
42,167,2
42,168,2
42,169,1
42,170,3
42,172,2
42,173,2
42,174,2
42,177,1
42,178,1
42,179,3
42,180,2
42,181,1
42,182,2
42,184,1
42,185,2
42,186,1
42,187,2
42,188,1
42,189,2
42,191,2
42,193,5
42,194,1
42,197,1
42,200,1
42,201,1
42,203,1
42,204,1
42,205,1
42,206,1
42,209,1
42,211,3
42,212,1
42,214,2
42,218,1
42,219,1
42,223,1
42,225,1
42,227,1
42,236,1
42,241,1
42,249,1
42,253,1
42,264,2
42,268,1
43,9,1
43,18,1
43,24,1
43,38,1
43,44,1
43,49,1
43,56,1
43,57,1
43,58,1
43,59,2
43,60,1
43,63,1
43,66,1
43,67,2
43,68,2
43,72,3
43,73,1
43,74,1
43,79,1
43,80,1
43,82,3
43,83,1
43,84,1
43,85,1
43,86,1
43,87,1
43,90,1
43,91,2
43,92,1
43,93,1
43,94,1
43,99,2
43,100,3
43,101,2
43,102,1
43,104,5
43,105,4
43,106,1
43,107,2
43,108,2
43,109,4
43,110,9
43,111,9
43,112,7
43,113,25
43,114,29
43,115,42
43,116,54
43,117,64
43,118,72
43,119,49
43,120,67
43,121,71
43,122,75
43,123,69
43,124,71
43,125,51
43,126,55
43,127,62
43,128,53
43,129,53
43,130,42
43,131,46
43,132,34
43,133,55
43,134,42
43,135,41
43,136,36
43,137,25
43,138,16
43,139,16
43,140,18
43,141,7
43,142,5
43,143,2
43,144,3
43,145,5
43,146,5
43,147,2
43,148,1
43,149,2
43,150,3
43,151,2
43,152,1
43,153,2
43,154,2
43,155,1
43,156,1
43,157,2
43,159,4
43,160,1
43,161,1
43,163,4
43,166,2
43,168,1
43,169,1
43,171,2
43,172,2
43,173,2
43,174,1
43,175,3
43,176,2
43,177,3
43,178,1
43,179,2
43,180,2
43,181,3
43,182,1
43,183,1
43,185,4
43,186,1
43,187,1
43,188,1
43,190,1
43,191,2
43,192,1
43,194,1
43,195,1
43,196,2
43,198,2
43,199,2
43,201,1
43,202,1
43,205,3
43,206,2
43,211,1
43,212,3
43,214,1
43,220,2
43,225,1
43,226,2
43,228,1
43,230,1
43,233,1
43,236,1
43,262,2
44,14,1
44,27,1
44,40,1
44,47,1
44,52,1
44,57,1
44,65,1
44,66,1
44,73,1
44,78,1
44,80,2
44,82,1
44,83,1
44,84,2
44,85,1
44,86,1
44,89,1
44,92,1
44,94,1
44,96,5
44,97,1
44,98,1
44,99,1
44,100,2
44,101,2
44,102,1
44,103,1
44,104,2
44,105,1
44,106,4
44,107,3
44,108,3
44,109,2
44,110,6
44,111,14
44,112,13
44,113,16
44,114,25
44,115,50
44,116,46
44,117,70
44,118,85
44,119,75
44,120,73
44,121,62
44,122,76
44,123,77
44,124,64
44,125,63
44,126,67
44,127,55
44,128,58
44,129,52
44,130,55
44,131,50
44,132,45
44,133,50
44,134,47
44,135,30
44,136,34
44,137,34
44,138,20
44,139,12
44,140,11
44,141,3
44,142,5
44,143,2
44,144,6
44,145,3
44,147,1
44,148,5
44,149,1
44,150,3
44,151,2
44,152,1
44,153,1
44,154,1
44,155,4
44,156,1
44,157,1
44,158,1
44,159,2
44,160,4
44,161,2
44,163,1
44,166,3
44,167,1
44,170,2
44,172,1
44,173,1
44,174,4
44,175,3
44,176,1
44,177,2
44,178,1
44,180,1
44,182,3
44,183,1
44,184,1
44,185,1
44,186,1
44,190,1
44,191,1
44,192,2
44,194,2
44,196,1
44,197,2
44,198,1
44,200,2
44,202,1
44,205,1
44,207,2
44,208,1
44,210,3
44,213,2
44,214,1
44,215,1
44,216,1
44,217,2
44,221,2
44,222,1
44,226,1
44,229,1
44,240,1
44,242,1
44,261,1
44,267,1
44,268,1
45,3,1
45,19,1
45,40,1
45,55,1
45,57,1
45,59,2
45,62,2
45,64,1
45,66,1
45,69,1
45,71,2
45,73,2
45,74,1
45,75,1
45,80,1
45,84,1
45,85,1
45,86,1
45,87,1
45,88,3
45,90,1
45,92,1
45,94,2
45,95,1
45,96,3
45,97,3
45,99,1
45,100,3
45,101,1
45,102,5
45,104,3
45,105,4
45,106,2
45,107,4
45,108,4
45,109,3
45,110,7
45,111,8
45,112,9
45,113,26
45,114,29
45,115,50
45,116,79
45,117,62
45,118,74
45,119,67
45,120,86
45,121,61
45,122,79
45,123,78
45,124,73
45,125,63
45,126,67
45,127,57
45,128,61
45,129,63
45,130,45
45,131,63
45,132,52
45,133,52
45,134,56
45,135,48
45,136,28
45,137,30
45,138,18
45,139,7
45,140,13
45,141,7
45,142,5
45,143,5
45,144,5
45,145,5
45,146,2
45,147,2
45,148,1
45,149,2
45,150,1
45,151,2
45,152,2
45,153,1
45,154,1
45,156,1
45,157,1
45,158,3
45,159,3
45,160,4
45,161,3
45,162,1
45,166,3
45,167,1
45,169,3
45,170,3
45,171,2
45,172,2
45,173,1
45,174,3
45,175,1
45,178,1
45,179,2
45,180,1
45,181,3
45,182,2
45,184,1
45,185,1
45,187,2
45,188,2
45,189,2
45,190,3
45,191,2
45,192,2
45,193,2
45,196,1
45,199,1
45,200,1
45,201,1
45,203,1
45,204,1
45,210,2
45,211,1
45,213,1
45,215,1
45,219,1
45,222,1
45,224,1
45,225,1
45,226,1
45,230,2
45,237,1
45,240,1
45,249,1
45,262,1
45,275,1
45,276,1
46,8,1
46,9,1
46,16,1
46,17,1
46,21,1
46,29,1
46,36,1
46,38,1
46,42,1
46,58,1
46,59,1
46,60,1
46,64,2
46,68,1
46,70,1
46,71,2
46,73,2
46,75,1
46,76,1
46,77,2
46,79,2
46,80,1
46,81,3
46,83,1
46,84,2
46,86,3
46,87,2
46,89,1
46,92,1
46,93,2
46,94,1
46,96,1
46,97,2
46,99,1
46,100,1
46,101,1
46,102,2
46,104,4
46,105,2
46,107,6
46,108,4
46,109,9
46,110,6
46,111,8
46,112,11
46,113,26
46,114,33
46,115,57
46,116,55
46,117,80
46,118,63
46,119,69
46,120,73
46,121,70
46,122,76
46,123,69
46,124,53
46,125,74
46,126,54
46,127,57
46,128,71
46,129,55
46,130,64
46,131,62
46,132,53
46,133,54
46,134,40
46,135,62
46,136,31
46,137,21
46,138,20
46,139,11
46,140,5
46,141,6
46,142,2
46,143,8
46,144,5
46,145,4
46,146,3
46,147,3
46,148,2
46,149,2
46,150,2
46,151,1
46,152,1
46,153,2
46,154,1
46,156,1
46,157,3
46,158,2
46,159,3
46,161,1
46,162,1
46,163,2
46,164,3
46,166,1
46,167,2
46,168,2
46,170,1
46,171,2
46,172,3
46,173,2
46,174,2
46,175,2
46,176,1
46,177,1
46,178,3
46,179,2
46,180,1
46,181,1
46,182,1
46,183,2
46,184,1
46,188,2
46,189,2
46,191,1
46,193,2
46,194,1
46,197,1
46,200,1
46,203,1
46,204,1
46,205,1
46,211,2
46,216,3
46,221,1
46,224,1
46,225,2
46,227,1
46,230,1
46,240,2
46,249,1
46,254,1
46,262,1
47,1,1
47,10,1
47,19,1
47,28,1
47,34,1
47,37,1
47,47,1
47,48,1
47,50,1
47,52,1
47,53,1
47,57,1
47,60,1
47,62,2
47,63,1
47,64,1
47,66,1
47,71,1
47,72,1
47,74,2
47,75,2
47,76,1
47,79,1
47,80,1
47,84,1
47,85,1
47,86,1
47,87,1
47,88,1
47,90,2
47,91,1
47,92,1
47,93,3
47,94,1
47,96,3
47,97,1
47,98,2
47,99,2
47,101,1
47,102,1
47,103,1
47,104,2
47,105,3
47,106,4
47,107,2
47,108,4
47,109,3
47,110,6
47,111,15
47,112,17
47,113,16
47,114,50
47,115,40
47,116,65
47,117,58
47,118,67
47,119,84
47,120,69
47,121,87
47,122,63
47,123,74
47,124,66
47,125,67
47,126,72
47,127,57
47,128,42
47,129,54
47,130,60
47,131,52
47,132,68
47,133,62
47,134,64
47,135,46
47,136,36
47,137,26
47,138,23
47,139,16
47,140,17
47,141,5
47,142,5
47,143,3
47,144,8
47,145,3
47,146,2
47,147,1
47,148,3
47,149,1
47,151,1
47,152,3
47,153,3
47,154,3
47,156,2
47,157,1
47,159,2
47,160,1
47,161,3
47,163,2
47,164,1
47,165,1
47,166,1
47,167,1
47,168,1
47,171,1
47,172,1
47,173,2
47,174,3
47,175,2
47,176,1
47,178,1
47,179,2
47,182,1
47,183,1
47,185,2
47,188,2
47,189,1
47,190,2
47,191,3
47,192,1
47,194,3
47,195,1
47,196,1
47,197,1
47,200,2
47,203,1
47,213,1
47,218,1
47,219,1
47,226,2
47,235,1
47,236,1
47,241,2
47,243,1
47,247,1
47,254,1
47,262,1
47,276,1
48,30,2
48,31,1
48,34,1
48,53,1
48,56,1
48,58,2
48,60,1
48,63,1
48,64,1
48,66,1
48,68,1
48,72,1
48,75,1
48,76,1
48,79,2
48,81,1
48,84,1
48,87,1
48,89,2
48,90,1
48,91,3
48,92,2
48,93,1
48,94,1
48,96,5
48,97,1
48,99,1
48,100,2
48,101,2
48,102,1
48,103,1
48,104,2
48,106,3
48,107,2
48,108,4
48,109,7
48,110,12
48,111,12
48,112,13
48,113,22
48,114,35
48,115,49
48,116,59
48,117,62
48,118,69
48,119,83
48,120,73
48,121,63
48,122,71
48,123,70
48,124,54
48,125,71
48,126,43
48,127,70
48,128,49
48,129,74
48,130,61
48,131,53
48,132,63
48,133,57
48,134,39
48,135,38
48,136,40
48,137,22
48,138,20
48,139,7
48,140,15
48,141,7
48,143,2
48,144,4
48,145,6
48,146,2
48,147,4
48,148,2
48,149,3
48,150,2
48,151,3
48,152,3
48,153,3
48,154,2
48,155,1
48,156,1
48,158,4
48,159,1
48,160,3
48,161,2
48,162,2
48,163,3
48,164,1
48,165,2
48,166,1
48,168,1
48,169,3
48,171,1
48,172,2
48,173,1
48,175,1
48,176,2
48,177,3
48,183,2
48,184,1
48,185,1
48,187,1
48,190,2
48,192,2
48,193,1
48,196,1
48,197,2
48,198,4
48,199,1
48,200,1
48,201,1
48,202,2
48,204,1
48,206,1
48,207,1
48,210,2
48,211,2
48,214,1
48,215,2
48,216,1
48,217,1
48,220,1
48,222,1
48,223,1
48,224,2
48,225,2
48,231,1
48,234,1
48,242,1
48,249,1
48,257,1
48,263,1
48,265,1
48,266,1
48,270,1
48,276,1
49,0,1
49,26,1
49,29,1
49,38,1
49,41,1
49,42,1
49,55,1
49,58,1
49,61,1
49,63,1
49,64,1
49,66,1
49,69,1
49,74,1
49,76,1
49,78,1
49,80,3
49,84,1
49,85,1
49,87,1
49,88,1
49,90,1
49,91,1
49,92,1
49,96,2
49,97,1
49,98,1
49,99,2
49,100,1
49,101,3
49,103,4
49,104,3
49,105,2
49,107,3
49,108,3
49,109,2
49,110,9
49,111,9
49,112,20
49,113,28
49,114,33
49,115,38
49,116,53
49,117,61
49,118,52
49,119,66
49,120,69
49,121,70
49,122,79
49,123,75
49,124,59
49,125,64
49,126,70
49,127,49
49,128,53
49,129,56
49,130,57
49,131,57
49,132,58
49,133,59
49,134,60
49,135,45
49,136,35
49,137,28
49,138,16
49,139,20
49,140,10
49,141,11
49,142,6
49,143,3
49,144,5
49,145,5
49,146,3
49,147,1
49,149,2
49,150,2
49,151,1
49,152,4
49,153,1
49,154,5
49,155,4
49,156,4
49,157,4
49,158,1
49,160,3
49,161,2
49,162,1
49,163,2
49,164,1
49,165,3
49,166,1
49,168,1
49,169,2
49,170,1
49,171,2
49,172,1
49,173,2
49,174,3
49,175,1
49,178,4
49,180,2
49,181,1
49,182,1
49,183,2
49,184,1
49,185,1
49,186,2
49,189,2
49,191,1
49,195,1
49,197,1
49,203,1
49,204,2
49,208,1
49,209,1
49,212,2
49,214,1
49,219,1
49,221,1
49,222,2
49,223,1
49,226,2
49,233,1
49,234,1
49,237,1
49,239,2
49,242,1
49,246,1
50,1,1
50,10,1
50,33,1
50,42,1
50,44,1
50,46,1
50,47,1
50,48,1
50,55,1
50,56,1
50,59,2
50,64,1
50,67,1
50,71,1
50,72,1
50,74,1
50,75,2
50,77,2
50,78,2
50,82,1
50,84,1
50,85,1
50,87,2
50,90,3
50,91,1
50,92,2
50,93,1
50,94,2
50,95,1
50,97,1
50,98,2
50,99,1
50,100,1
50,101,2
50,102,1
50,103,2
50,104,3
50,105,2
50,106,3
50,107,2
50,108,2
50,109,8
50,110,7
50,111,13
50,112,22
50,113,25
50,114,33
50,115,50
50,116,73
50,117,95
50,118,71
50,119,80
50,120,96
50,121,82
50,122,77
50,123,68
50,124,70
50,125,77
50,126,58
50,127,67
50,128,56
50,129,47
50,130,56
50,131,48
50,132,61
50,133,44
50,134,42
50,135,38
50,136,46
50,137,24
50,138,17
50,139,23
50,140,9
50,141,13
50,142,5
50,143,6
50,144,4
50,145,6
50,146,3
50,147,3
50,148,3
50,149,2
50,150,2
50,151,2
50,152,5
50,153,2
50,154,3
50,156,1
50,157,4
50,158,1
50,159,2
50,160,1
50,161,1
50,162,1
50,164,2
50,165,2
50,166,2
50,167,1
50,168,1
50,169,1
50,171,2
50,172,1
50,175,2
50,176,1
50,177,2
50,178,2
50,179,1
50,180,1
50,182,1
50,185,1
50,187,2
50,189,2
50,191,1
50,193,4
50,198,1
50,199,1
50,207,1
50,210,1
50,214,2
50,221,1
50,223,1
50,224,2
50,225,3
50,226,1
50,233,1
50,234,1
50,246,1
50,254,1
50,263,1
50,273,1
51,0,1
51,2,1
51,6,1
51,30,1
51,31,1
51,37,1
51,39,1
51,43,1
51,44,2
51,46,1
51,52,1
51,57,1
51,58,4
51,60,1
51,62,1
51,68,1
51,69,2
51,73,1
51,75,2
51,76,1
51,78,1
51,79,1
51,80,1
51,84,2
51,86,1
51,89,1
51,91,2
51,93,1
51,94,2
51,95,2
51,96,2
51,98,3
51,99,1
51,100,1
51,102,2
51,103,3
51,104,4
51,105,5
51,106,5
51,107,4
51,108,1
51,109,4
51,110,7
51,111,17
51,112,21
51,113,35
51,114,34
51,115,49
51,116,48
51,117,74
51,118,68
51,119,66
51,120,84
51,121,63
51,122,72
51,123,80
51,124,79
51,125,64
51,126,62
51,127,62
51,128,63
51,129,53
51,130,58
51,131,41
51,132,50
51,133,60
51,134,46
51,135,46
51,136,37
51,137,36
51,138,29
51,139,11
51,140,10
51,141,13
51,142,6
51,143,5
51,144,8
51,145,4
51,146,1
51,147,1
51,148,3
51,149,2
51,150,4
51,151,2
51,152,1
51,153,2
51,154,5
51,155,1
51,156,1
51,158,3
51,159,1
51,160,2
51,161,1
51,162,1
51,163,1
51,164,1
51,165,1
51,166,2
51,167,2
51,169,1
51,172,3
51,173,2
51,174,2
51,175,1
51,176,2
51,177,2
51,178,3
51,180,2
51,181,2
51,184,2
51,185,2
51,186,3
51,187,2
51,188,3
51,189,1
51,191,2
51,194,1
51,195,3
51,196,1
51,197,1
51,199,1
51,200,1
51,201,2
51,202,1
51,203,1
51,204,1
51,205,2
51,208,2
51,209,1
51,210,1
51,213,1
51,215,2
51,216,1
51,217,2
51,220,1
51,224,1
51,225,1
51,229,2
51,230,1
51,236,2
51,241,1
51,243,1
51,261,1
51,270,1
52,12,1
52,13,2
52,29,1
52,38,1
52,41,1
52,49,1
52,50,1
52,51,1
52,52,2
52,53,1
52,58,1
52,63,1
52,68,1
52,69,1
52,70,1
52,74,1
52,76,1
52,79,1
52,80,1
52,81,1
52,82,1
52,83,1
52,88,1
52,91,1
52,94,2
52,95,4
52,96,1
52,97,2
52,99,3
52,100,2
52,101,3
52,102,1
52,103,2
52,104,2
52,105,1
52,106,2
52,107,4
52,108,2
52,109,8
52,110,8
52,111,11
52,112,21
52,113,23
52,114,28
52,115,49
52,116,58
52,117,63
52,118,68
52,119,69
52,120,76
52,121,91
52,122,59
52,123,83
52,124,83
52,125,60
52,126,57
52,127,60
52,128,59
52,129,59
52,130,59
52,131,63
52,132,47
52,133,48
52,134,49
52,135,42
52,136,32
52,137,19
52,138,16
52,139,19
52,140,10
52,141,9
52,142,3
52,143,3
52,144,5
52,145,6
52,146,2
52,147,2
52,148,3
52,149,2
52,150,3
52,152,2
52,153,1
52,154,2
52,155,2
52,156,3
52,157,1
52,158,2
52,160,2
52,161,1
52,163,4
52,164,1
52,168,2
52,169,2
52,171,1
52,172,1
52,173,2
52,175,1
52,177,1
52,180,1
52,181,4
52,182,1
52,184,1
52,186,1
52,189,2
52,191,3
52,192,1
52,193,1
52,194,1
52,196,1
52,197,4
52,203,1
52,205,1
52,206,1
52,209,2
52,211,1
52,212,2
52,213,1
52,214,1
52,217,2
52,219,1
52,220,1
52,221,1
52,223,1
52,241,1
52,256,1
52,261,1
52,268,1
52,273,1
53,2,1
53,14,1
53,27,1
53,34,1
53,35,1
53,46,1
53,54,3
53,57,1
53,58,1
53,60,1
53,62,1
53,65,1
53,68,1
53,69,1
53,72,1
53,73,2
53,74,1
53,75,1
53,77,1
53,78,1
53,84,2
53,85,1
53,86,2
53,87,2
53,89,1
53,90,1
53,95,1
53,96,3
53,97,5
53,98,2
53,99,1
53,100,1
53,101,2
53,102,2
53,103,2
53,104,3
53,105,2
53,106,3
53,107,4
53,108,3
53,109,5
53,110,6
53,111,11
53,112,20
53,113,23
53,114,43
53,115,41
53,116,69
53,117,69
53,118,62
53,119,76
53,120,83
53,121,74
53,122,60
53,123,71
53,124,70
53,125,62
53,126,47
53,127,62
53,128,72
53,129,58
53,130,66
53,131,47
53,132,49
53,133,47
53,134,53
53,135,43
53,136,25
53,137,36
53,138,17
53,139,15
53,140,12
53,141,15
53,142,7
53,143,5
53,144,4
53,145,7
53,146,4
53,147,1
53,148,2
53,149,2
53,150,2
53,151,2
53,152,1
53,153,2
53,155,3
53,156,4
53,157,3
53,158,2
53,159,2
53,161,2
53,163,2
53,164,2
53,165,2
53,167,1
53,169,3
53,170,4
53,171,1
53,172,1
53,173,3
53,175,2
53,176,1
53,178,1
53,180,1
53,182,2
53,183,3
53,184,2
53,185,1
53,186,1
53,187,1
53,188,1
53,189,1
53,192,1
53,193,2
53,196,3
53,198,1
53,199,2
53,200,2
53,201,1
53,203,1
53,205,2
53,207,1
53,208,1
53,210,1
53,213,3
53,214,1
53,215,1
53,216,2
53,217,1
53,219,2
53,224,1
53,228,1
53,233,1
53,234,1
53,237,1
53,247,1
53,249,1
53,250,2
53,264,1
54,2,1
54,10,1
54,16,1
54,22,1
54,28,1
54,33,1
54,39,1
54,47,1
54,48,1
54,51,1
54,53,1
54,54,1
54,55,1
54,57,1
54,61,1
54,64,2
54,66,1
54,67,1
54,69,1
54,71,1
54,76,1
54,77,2
54,81,3
54,85,2
54,88,2
54,89,2
54,91,2
54,92,1
54,94,1
54,95,2
54,96,2
54,101,4
54,102,5
54,104,3
54,105,1
54,106,5
54,107,3
54,108,4
54,109,5
54,110,9
54,111,9
54,112,13
54,113,33
54,114,31
54,115,64
54,116,52
54,117,64
54,118,77
54,119,96
54,120,90
54,121,77
54,122,71
54,123,81
54,124,74
54,125,67
54,126,66
54,127,59
54,128,68
54,129,68
54,130,61
54,131,66
54,132,59
54,133,46
54,134,52
54,135,60
54,136,29
54,137,25
54,138,17
54,139,18
54,140,16
54,141,8
54,142,6
54,143,9
54,144,6
54,145,3
54,146,5
54,147,3
54,148,2
54,149,1
54,150,1
54,151,1
54,152,4
54,154,2
54,155,3
54,156,1
54,157,3
54,159,4
54,160,2
54,161,4
54,162,1
54,164,2
54,166,1
54,167,3
54,168,2
54,169,2
54,170,1
54,171,1
54,172,4
54,173,1
54,175,4
54,176,1
54,177,1
54,178,3
54,180,2
54,181,2
54,182,3
54,183,1
54,184,1
54,185,1
54,186,1
54,187,4
54,188,1
54,191,2
54,192,1
54,193,1
54,195,1
54,196,1
54,197,1
54,198,2
54,200,1
54,202,1
54,203,1
54,205,3
54,207,1
54,209,2
54,210,1
54,212,1
54,214,1
54,215,1
54,217,1
54,218,1
54,222,1
54,226,1
54,227,1
54,228,2
54,231,1
54,232,1
54,245,1
54,261,1
54,268,1
55,2,1
55,10,1
55,24,1
55,30,1
55,36,1
55,45,1
55,48,1
55,49,1
55,52,1
55,57,1
55,58,1
55,62,2
55,63,1
55,70,1
55,80,1
55,82,1
55,84,1
55,86,1
55,87,2
55,89,1
55,90,1
55,93,1
55,95,1
55,96,1
55,97,3
55,98,2
55,100,3
55,101,1
55,102,5
55,103,1
55,104,2
55,105,2
55,106,1
55,107,3
55,108,5
55,109,6
55,110,2
55,111,7
55,112,19
55,113,24
55,114,46
55,115,44
55,116,73
55,117,88
55,118,86
55,119,73
55,120,96
55,121,102
55,122,85
55,123,82
55,124,66
55,125,61
55,126,55
55,127,59
55,128,52
55,129,58
55,130,58
55,131,56
55,132,63
55,133,59
55,134,56
55,135,42
55,136,47
55,137,32
55,138,15
55,139,18
55,140,12
55,141,7
55,142,6
55,143,5
55,144,2
55,145,6
55,146,1
55,147,3
55,148,3
55,149,1
55,150,3
55,151,1
55,152,3
55,153,1
55,154,2
55,155,3
55,156,5
55,158,3
55,161,4
55,163,6
55,164,2
55,165,1
55,167,3
55,168,1
55,169,1
55,170,1
55,171,1
55,172,1
55,173,1
55,174,2
55,175,1
55,176,1
55,177,2
55,178,1
55,179,1
55,183,2
55,184,2
55,186,1
55,189,2
55,190,1
55,192,2
55,193,4
55,194,1
55,197,2
55,198,2
55,199,2
55,200,2
55,201,1
55,204,1
55,205,3
55,207,1
55,210,1
55,211,1
55,214,2
55,215,1
55,217,1
55,221,1
55,222,1
55,225,2
55,228,1
55,232,1
55,236,1
55,243,1
55,254,1
55,255,1
55,265,1
56,3,1
56,5,1
56,6,1
56,14,1
56,15,1
56,35,1
56,39,2
56,40,1
56,47,1
56,49,1
56,54,1
56,59,1
56,60,1
56,62,2
56,63,1
56,64,1
56,69,1
56,72,1
56,74,2
56,75,1
56,76,1
56,78,1
56,79,1
56,80,1
56,81,1
56,82,2
56,84,4
56,86,2
56,89,3
56,91,3
56,92,1
56,93,1
56,95,2
56,97,1
56,99,1
56,100,3
56,101,1
56,102,4
56,103,1
56,104,2
56,105,1
56,106,4
56,107,5
56,108,3
56,109,10
56,110,4
56,111,10
56,112,14
56,113,21
56,114,38
56,115,61
56,116,80
56,117,66
56,118,86
56,119,78
56,120,85
56,121,77
56,122,82
56,123,83
56,124,87
56,125,50
56,126,79
56,127,68
56,128,54
56,129,59
56,130,62
56,131,48
56,132,46
56,133,56
56,134,60
56,135,55
56,136,28
56,137,24
56,138,21
56,139,11
56,140,6
56,141,7
56,142,5
56,143,5
56,144,6
56,145,1
56,146,7
56,147,3
56,148,4
56,149,1
56,150,3
56,151,5
56,152,4
56,154,3
56,155,1
56,156,2
56,157,2
56,159,3
56,160,2
56,161,1
56,162,1
56,165,1
56,166,3
56,167,2
56,168,2
56,169,3
56,170,2
56,171,2
56,172,1
56,174,6
56,175,1
56,176,2
56,178,2
56,179,2
56,180,1
56,182,1
56,183,2
56,184,3
56,185,2
56,186,2
56,187,1
56,188,3
56,189,1
56,190,2
56,194,1
56,195,1
56,196,2
56,200,3
56,201,2
56,203,1
56,205,2
56,210,1
56,211,2
56,214,1
56,217,1
56,218,1
56,219,2
56,221,1
56,223,1
56,224,1
56,225,1
56,226,1
56,227,1
56,231,1
56,232,1
56,240,1
56,243,1
56,263,1
57,2,1
57,13,1
57,15,1
57,20,1
57,22,1
57,25,1
57,28,2
57,33,2
57,34,1
57,36,1
57,40,1
57,54,1
57,62,2
57,64,1
57,66,1
57,68,3
57,69,1
57,70,1
57,72,1
57,74,1
57,75,1
57,76,1
57,77,1
57,78,3
57,80,1
57,82,1
57,83,3
57,84,3
57,89,2
57,92,3
57,93,1
57,96,1
57,99,3
57,101,1
57,102,3
57,103,3
57,104,4
57,105,4
57,106,1
57,107,2
57,108,2
57,109,4
57,110,6
57,111,9
57,112,19
57,113,27
57,114,45
57,115,58
57,116,67
57,117,74
57,118,87
57,119,87
57,120,72
57,121,85
57,122,83
57,123,74
57,124,74
57,125,66
57,126,69
57,127,76
57,128,54
57,129,60
57,130,54
57,131,64
57,132,53
57,133,46
57,134,37
57,135,56
57,136,37
57,137,27
57,138,12
57,139,16
57,140,11
57,141,7
57,142,2
57,143,7
57,144,6
57,145,1
57,146,2
57,147,1
57,148,5
57,149,3
57,151,2
57,152,2
57,153,1
57,154,3
57,155,2
57,156,6
57,157,3
57,158,2
57,160,2
57,161,5
57,162,1
57,164,2
57,167,2
57,168,1
57,169,1
57,170,2
57,171,3
57,172,3
57,173,2
57,175,2
57,176,1
57,177,1
57,178,1
57,180,1
57,182,3
57,183,2
57,184,2
57,189,1
57,191,2
57,192,1
57,193,1
57,195,3
57,199,1
57,201,1
57,202,1
57,203,1
57,204,2
57,205,1
57,206,2
57,207,1
57,211,2
57,213,1
57,214,1
57,216,1
57,219,1
57,226,1
57,232,1
57,237,1
57,240,1
57,241,1
57,256,1
57,271,2
57,275,1
58,10,1
58,27,1
58,36,1
58,48,1
58,52,1
58,54,2
58,57,1
58,59,3
58,60,1
58,62,2
58,64,2
58,65,3
58,70,1
58,75,2
58,77,1
58,78,1
58,80,1
58,81,2
58,82,2
58,83,2
58,84,2
58,85,2
58,88,1
58,90,1
58,93,2
58,94,2
58,95,2
58,96,2
58,97,1
58,98,2
58,99,1
58,100,3
58,101,2
58,102,3
58,103,3
58,104,2
58,105,3
58,106,2
58,107,3
58,108,4
58,109,5
58,110,9
58,111,9
58,112,12
58,113,29
58,114,44
58,115,45
58,116,73
58,117,93
58,118,75
58,119,85
58,120,79
58,121,96
58,122,91
58,123,83
58,124,68
58,125,78
58,126,69
58,127,65
58,128,75
58,129,54
58,130,62
58,131,71
58,132,50
58,133,67
58,134,59
58,135,44
58,136,27
58,137,20
58,138,26
58,139,20
58,140,4
58,141,6
58,142,10
58,143,6
58,144,8
58,145,6
58,146,4
58,147,3
58,149,2
58,150,1
58,151,2
58,152,2
58,153,4
58,154,1
58,155,5
58,158,3
58,159,4
58,160,1
58,161,1
58,162,1
58,163,2
58,164,3
58,166,6
58,167,2
58,169,2
58,170,3
58,171,1
58,172,1
58,174,2
58,175,1
58,177,1
58,178,1
58,179,1
58,180,1
58,182,1
58,183,1
58,184,2
58,185,2
58,186,1
58,187,1
58,191,1
58,195,3
58,196,2
58,197,1
58,202,1
58,204,2
58,205,2
58,206,2
58,207,2
58,208,1
58,210,1
58,212,1
58,213,1
58,216,1
58,220,1
58,225,1
58,234,2
58,244,1
58,260,1
58,262,1
58,264,1
59,7,1
59,10,1
59,21,1
59,23,1
59,28,1
59,33,1
59,37,1
59,40,1
59,41,1
59,42,1
59,51,2
59,52,2
59,56,1
59,63,1
59,65,2
59,67,1
59,69,1
59,70,1
59,71,1
59,72,3
59,76,3
59,77,1
59,79,1
59,82,1
59,85,4
59,86,1
59,87,1
59,88,1
59,91,1
59,92,1
59,93,1
59,94,2
59,95,3
59,96,2
59,97,3
59,98,2
59,100,2
59,101,1
59,102,3
59,103,1
59,104,3
59,105,2
59,106,2
59,107,9
59,108,3
59,109,4
59,110,5
59,111,12
59,112,19
59,113,29
59,114,46
59,115,43
59,116,50
59,117,84
59,118,79
59,119,65
59,120,77
59,121,80
59,122,74
59,123,76
59,124,57
59,125,74
59,126,67
59,127,55
59,128,76
59,129,63
59,130,60
59,131,59
59,132,49
59,133,50
59,134,64
59,135,35
59,136,29
59,137,30
59,138,22
59,139,17
59,140,16
59,141,5
59,142,7
59,143,6
59,144,5
59,145,1
59,146,4
59,147,2
59,148,4
59,149,4
59,150,5
59,151,2
59,152,6
59,153,4
59,154,1
59,155,5
59,156,3
59,157,3
59,159,2
59,160,2
59,161,1
59,162,4
59,163,1
59,164,4
59,165,2
59,166,3
59,167,1
59,169,1
59,171,1
59,172,2
59,174,1
59,176,3
59,177,2
59,178,1
59,179,2
59,180,1
59,181,3
59,182,1
59,183,1
59,184,1
59,185,1
59,186,2
59,187,1
59,189,1
59,191,2
59,194,1
59,196,3
59,197,2
59,198,1
59,200,1
59,201,2
59,202,3
59,205,1
59,206,2
59,207,1
59,208,2
59,209,1
59,210,1
59,211,2
59,213,1
59,216,2
59,221,1
59,226,2
59,227,2
59,229,1
59,233,1
59,241,1
59,253,1
59,255,1
59,264,1
59,266,1
60,4,1
60,5,1
60,8,1
60,10,1
60,13,1
60,16,1
60,24,1
60,27,2
60,28,1
60,31,1
60,36,1
60,48,1
60,49,1
60,50,2
60,51,1
60,52,1
60,56,1
60,59,2
60,60,1
60,61,1
60,63,1
60,70,1
60,71,1
60,72,1
60,74,1
60,75,3
60,78,1
60,79,1
60,82,2
60,83,1
60,86,2
60,87,3
60,89,1
60,90,1
60,91,1
60,92,2
60,93,2
60,94,2
60,95,1
60,96,2
60,97,2
60,98,1
60,99,1
60,100,2
60,103,1
60,104,2
60,105,3
60,106,5
60,107,4
60,108,3
60,109,9
60,110,2
60,111,12
60,112,16
60,113,27
60,114,49
60,115,53
60,116,65
60,117,75
60,118,72
60,119,90
60,120,95
60,121,96
60,122,86
60,123,79
60,124,66
60,125,60
60,126,53
60,127,76
60,128,56
60,129,56
60,130,53
60,131,65
60,132,66
60,133,57
60,134,47
60,135,48
60,136,41
60,137,33
60,138,20
60,139,11
60,140,17
60,141,6
60,142,6
60,143,5
60,144,5
60,145,3
60,146,5
60,147,5
60,148,1
60,149,2
60,150,2
60,151,2
60,152,2
60,153,2
60,154,3
60,155,1
60,156,2
60,157,2
60,158,1
60,159,3
60,160,4
60,161,1
60,162,2
60,163,1
60,164,3
60,166,2
60,168,3
60,169,1
60,170,1
60,171,2
60,172,3
60,173,1
60,175,2
60,176,1
60,177,1
60,178,1
60,179,2
60,180,2
60,181,1
60,185,1
60,187,1
60,188,4
60,190,1
60,191,3
60,194,2
60,195,1
60,196,2
60,199,1
60,200,1
60,201,1
60,202,1
60,203,5
60,204,1
60,205,1
60,206,1
60,208,1
60,210,2
60,212,1
60,213,1
60,217,2
60,218,1
60,221,2
60,222,2
60,223,1
60,224,1
60,227,1
60,240,1
60,241,1
60,251,1
60,263,1
61,20,1
61,21,1
61,37,1
61,41,1
61,46,1
61,52,1
61,53,1
61,56,2
61,57,2
61,60,1
61,63,1
61,64,1
61,65,2
61,66,1
61,67,1
61,71,1
61,73,1
61,74,1
61,75,2
61,76,2
61,77,1
61,78,2
61,82,2
61,83,1
61,85,1
61,88,1
61,89,4
61,90,2
61,91,1
61,92,2
61,93,3
61,95,1
61,97,1
61,101,1
61,102,3
61,104,3
61,105,3
61,106,3
61,107,4
61,108,5
61,109,5
61,110,4
61,111,10
61,112,21
61,113,30
61,114,29
61,115,48
61,116,66
61,117,76
61,118,101
61,119,96
61,120,81
61,121,76
61,122,74
61,123,82
61,124,69
61,125,70
61,126,85
61,127,76
61,128,66
61,129,73
61,130,67
61,131,39
61,132,44
61,133,62
61,134,56
61,135,47
61,136,33
61,137,33
61,138,13
61,139,22
61,140,15
61,141,7
61,142,7
61,143,5
61,144,7
61,145,3
61,146,2
61,147,4
61,148,6
61,149,5
61,150,4
61,151,2
61,152,1
61,153,7
61,154,6
61,156,2
61,157,2
61,158,3
61,159,2
61,162,4
61,163,2
61,164,3
61,165,3
61,166,1
61,168,4
61,169,3
61,170,3
61,172,2
61,173,2
61,174,3
61,175,1
61,177,2
61,178,2
61,179,1
61,180,3
61,182,1
61,183,1
61,185,2
61,186,3
61,188,1
61,190,3
61,191,1
61,192,1
61,193,1
61,195,2
61,197,1
61,198,3
61,200,2
61,201,1
61,205,2
61,206,2
61,208,1
61,213,2
61,215,1
61,217,2
61,221,1
61,222,1
61,225,1
61,226,2
61,227,1
61,233,1
61,237,1
61,259,1
62,7,1
62,33,1
62,39,1
62,49,1
62,50,1
62,52,1
62,53,1
62,55,1
62,57,1
62,59,1
62,62,2
62,63,2
62,66,1
62,69,1
62,71,1
62,72,2
62,73,2
62,74,1
62,78,1
62,79,2
62,80,1
62,81,1
62,82,2
62,83,1
62,84,2
62,85,1
62,88,1
62,89,2
62,90,1
62,91,1
62,93,1
62,94,2
62,95,1
62,96,3
62,97,1
62,98,1
62,100,1
62,101,4
62,102,1
62,103,1
62,104,3
62,105,1
62,106,2
62,107,4
62,108,5
62,109,4
62,110,5
62,111,7
62,112,21
62,113,31
62,114,41
62,115,66
62,116,74
62,117,60
62,118,73
62,119,98
62,120,98
62,121,101
62,122,73
62,123,72
62,124,90
62,125,82
62,126,73
62,127,63
62,128,62
62,129,74
62,130,66
62,131,71
62,132,51
62,133,61
62,134,53
62,135,44
62,136,41
62,137,32
62,138,18
62,139,15
62,140,15
62,141,6
62,142,3
62,143,6
62,144,3
62,145,4
62,146,2
62,147,5
62,148,4
62,149,4
62,150,5
62,151,3
62,152,2
62,153,3
62,154,5
62,155,2
62,156,1
62,157,2
62,158,1
62,159,2
62,160,3
62,161,2
62,162,2
62,163,1
62,165,1
62,166,1
62,167,2
62,168,1
62,169,2
62,170,1
62,171,1
62,172,2
62,173,1
62,174,2
62,175,2
62,177,1
62,182,2
62,183,1
62,184,3
62,185,2
62,187,1
62,188,2
62,190,1
62,193,3
62,194,3
62,195,1
62,196,1
62,198,2
62,199,1
62,201,1
62,202,2
62,203,2
62,207,1
62,209,1
62,211,1
62,215,1
62,216,1
62,217,1
62,220,1
62,221,1
62,223,1
62,225,1
62,230,1
62,237,1
62,240,1
62,247,1
62,261,1
62,266,1
62,273,1
63,1,1
63,2,1
63,6,1
63,7,1
63,11,1
63,12,1
63,24,1
63,26,1
63,27,1
63,35,1
63,38,1
63,41,1
63,45,1
63,46,1
63,49,1
63,51,1
63,53,2
63,56,1
63,58,1
63,62,1
63,69,1
63,70,1
63,71,1
63,75,1
63,78,2
63,79,1
63,81,2
63,85,1
63,86,2
63,87,1
63,88,1
63,89,1
63,91,4
63,94,4
63,96,2
63,98,1
63,99,1
63,100,1
63,101,1
63,102,2
63,103,1
63,104,2
63,105,2
63,106,4
63,107,3
63,108,4
63,109,6
63,110,13
63,111,13
63,112,18
63,113,29
63,114,47
63,115,54
63,116,66
63,117,82
63,118,83
63,119,89
63,120,79
63,121,85
63,122,83
63,123,67
63,124,88
63,125,62
63,126,74
63,127,69
63,128,71
63,129,66
63,130,51
63,131,69
63,132,47
63,133,59
63,134,41
63,135,47
63,136,38
63,137,34
63,138,19
63,139,20
63,140,12
63,141,9
63,142,7
63,143,10
63,144,4
63,145,8
63,146,3
63,147,3
63,148,4
63,149,2
63,150,6
63,151,2
63,152,4
63,153,4
63,154,1
63,155,1
63,156,2
63,157,2
63,159,1
63,160,4
63,161,4
63,162,1
63,164,1
63,165,1
63,166,2
63,168,4
63,169,3
63,170,1
63,171,2
63,172,4
63,173,1
63,175,4
63,176,1
63,178,2
63,180,2
63,181,1
63,182,2
63,183,4
63,184,1
63,186,3
63,187,1
63,188,3
63,189,1
63,190,1
63,191,1
63,192,2
63,193,1
63,194,4
63,198,1
63,199,1
63,200,1
63,202,1
63,205,1
63,213,2
63,215,1
63,216,3
63,222,1
63,225,1
63,226,1
63,227,1
63,233,1
63,242,1
63,247,1
63,248,1
63,251,1
63,274,1
63,276,1
64,0,1
64,3,1
64,6,1
64,8,1
64,10,1
64,31,1
64,32,1
64,35,1
64,41,2
64,50,2
64,54,1
64,59,2
64,60,1
64,61,1
64,67,1
64,68,2
64,70,1
64,74,1
64,75,1
64,76,1
64,77,1
64,82,1
64,85,1
64,86,1
64,87,1
64,88,2
64,89,1
64,91,2
64,92,2
64,93,1
64,94,2
64,96,2
64,97,1
64,99,4
64,100,4
64,101,4
64,102,1
64,103,1
64,104,2
64,105,2
64,106,2
64,107,4
64,108,8
64,109,3
64,110,7
64,111,13
64,112,12
64,113,32
64,114,33
64,115,59
64,116,64
64,117,73
64,118,83
64,119,84
64,120,65
64,121,63
64,122,96
64,123,80
64,124,73
64,125,78
64,126,61
64,127,78
64,128,59
64,129,70
64,130,54
64,131,64
64,132,55
64,133,45
64,134,66
64,135,52
64,136,36
64,137,39
64,138,25
64,139,14
64,140,15
64,141,10
64,142,6
64,143,6
64,144,3
64,145,1
64,146,5
64,147,9
64,148,3
64,149,6
64,150,5
64,151,4
64,152,2
64,153,5
64,154,3
64,155,3
64,156,2
64,157,2
64,158,1
64,159,2
64,160,2
64,161,2
64,162,3
64,163,1
64,164,1
64,165,5
64,166,3
64,167,2
64,168,3
64,169,2
64,170,1
64,171,5
64,172,2
64,173,1
64,174,2
64,175,3
64,176,1
64,177,2
64,178,3
64,179,2
64,180,3
64,181,3
64,182,1
64,185,2
64,187,3
64,188,1
64,189,1
64,190,1
64,192,1
64,193,3
64,197,1
64,198,1
64,199,2
64,201,1
64,202,1
64,203,2
64,205,1
64,207,1
64,208,1
64,209,1
64,211,1
64,213,3
64,220,1
64,222,1
64,223,1
64,224,1
64,229,1
64,242,1
64,243,1
64,250,1
64,254,1
64,260,1
64,262,1
64,265,1
64,271,1
64,273,1
65,1,1
65,4,1
65,12,1
65,13,1
65,15,1
65,22,1
65,24,1
65,29,1
65,30,1
65,32,1
65,34,1
65,39,1
65,48,1
65,54,1
65,57,1
65,60,1
65,63,1
65,66,1
65,67,1
65,71,2
65,72,1
65,73,1
65,74,1
65,75,1
65,76,1
65,77,1
65,78,1
65,80,1
65,81,1
65,82,1
65,83,1
65,86,3
65,87,1
65,88,1
65,89,1
65,92,3
65,94,1
65,95,1
65,96,1
65,97,2
65,98,3
65,99,2
65,100,2
65,101,1
65,102,1
65,103,1
65,104,3
65,105,2
65,106,6
65,107,2
65,108,6
65,109,4
65,110,7
65,111,12
65,112,20
65,113,25
65,114,45
65,115,65
65,116,64
65,117,79
65,118,89
65,119,88
65,120,86
65,121,80
65,122,80
65,123,84
65,124,74
65,125,78
65,126,70
65,127,84
65,128,66
65,129,80
65,130,74
65,131,75
65,132,59
65,133,60
65,134,57
65,135,47
65,136,51
65,137,31
65,138,29
65,139,27
65,140,15
65,141,16
65,142,6
65,143,9
65,144,4
65,145,3
65,146,9
65,147,3
65,148,4
65,149,11
65,150,5
65,151,1
65,152,2
65,153,4
65,154,2
65,155,5
65,156,3
65,157,3
65,158,2
65,159,2
65,160,5
65,161,6
65,162,2
65,163,5
65,164,3
65,165,2
65,167,1
65,168,1
65,169,1
65,170,1
65,172,3
65,173,4
65,174,1
65,175,4
65,176,3
65,177,3
65,179,3
65,180,3
65,182,3
65,183,2
65,186,2
65,187,1
65,188,2
65,191,2
65,192,2
65,193,1
65,197,1
65,199,1
65,200,1
65,201,1
65,203,1
65,204,3
65,205,4
65,206,1
65,207,2
65,210,1
65,214,1
65,217,1
65,218,1
65,219,1
65,220,1
65,221,2
65,222,1
65,223,1
65,224,1
65,225,3
65,226,1
65,228,1
65,229,1
65,236,1
65,245,1
65,246,1
65,249,1
65,252,1
65,272,1
66,2,1
66,3,1
66,25,1
66,31,1
66,36,1
66,37,1
66,44,1
66,47,1
66,50,1
66,52,1
66,55,1
66,56,1
66,57,1
66,61,2
66,62,1
66,66,1
66,70,1
66,72,1
66,73,1
66,74,1
66,76,1
66,78,2
66,79,1
66,80,1
66,82,3
66,86,1
66,88,2
66,89,1
66,90,2
66,92,1
66,93,1
66,94,3
66,95,2
66,96,1
66,97,1
66,99,1
66,100,2
66,101,1
66,102,1
66,103,4
66,104,2
66,105,4
66,106,3
66,107,4
66,108,6
66,109,8
66,110,6
66,111,9
66,112,25
66,113,17
66,114,52
66,115,57
66,116,71
66,117,69
66,118,69
66,119,88
66,120,82
66,121,91
66,122,76
66,123,102
66,124,92
66,125,80
66,126,66
66,127,66
66,128,82
66,129,81
66,130,82
66,131,62
66,132,52
66,133,53
66,134,56
66,135,50
66,136,36
66,137,29
66,138,22
66,139,30
66,140,17
66,141,10
66,142,7
66,143,14
66,144,2
66,145,5
66,146,4
66,147,3
66,148,6
66,149,5
66,150,5
66,151,7
66,152,7
66,153,5
66,154,3
66,155,4
66,156,4
66,157,1
66,158,1
66,159,3
66,160,5
66,161,1
66,162,4
66,163,4
66,164,2
66,165,1
66,166,2
66,167,1
66,168,3
66,169,1
66,170,3
66,171,3
66,172,1
66,173,2
66,174,1
66,176,4
66,178,4
66,179,2
66,180,1
66,182,3
66,183,1
66,185,1
66,186,1
66,187,2
66,188,1
66,190,3
66,191,2
66,192,4
66,193,1
66,194,1
66,195,3
66,196,1
66,197,1
66,198,2
66,199,2
66,203,1
66,204,3
66,205,2
66,206,3
66,208,1
66,212,2
66,213,2
66,214,1
66,217,1
66,220,3
66,223,2
66,226,1
66,228,2
66,240,1
66,247,1
66,256,1
66,258,1
66,260,1
67,4,1
67,21,1
67,23,1
67,26,1
67,39,2
67,40,1
67,50,2
67,51,1
67,53,1
67,58,2
67,62,2
67,65,1
67,66,2
67,67,1
67,69,1
67,72,2
67,73,2
67,76,1
67,79,1
67,81,1
67,82,4
67,84,1
67,86,3
67,87,1
67,88,1
67,89,1
67,92,1
67,93,1
67,94,2
67,96,1
67,98,5
67,99,3
67,100,1
67,101,1
67,102,1
67,103,1
67,104,1
67,105,1
67,106,3
67,107,5
67,108,3
67,109,9
67,110,11
67,111,14
67,112,9
67,113,35
67,114,47
67,115,50
67,116,76
67,117,93
67,118,103
67,119,102
67,120,85
67,121,84
67,122,84
67,123,87
67,124,80
67,125,85
67,126,90
67,127,82
67,128,76
67,129,65
67,130,67
67,131,77
67,132,70
67,133,58
67,134,65
67,135,51
67,136,49
67,137,41
67,138,32
67,139,25
67,140,21
67,141,12
67,142,14
67,143,7
67,144,13
67,145,10
67,146,8
67,147,8
67,148,5
67,149,7
67,150,17
67,151,12
67,152,5
67,153,4
67,154,8
67,155,8
67,156,1
67,157,2
67,158,2
67,159,3
67,160,3
67,161,7
67,162,3
67,163,3
67,164,2
67,165,3
67,166,2
67,167,2
67,169,1
67,170,2
67,171,3
67,172,1
67,173,3
67,174,1
67,175,5
67,176,3
67,178,2
67,180,1
67,181,3
67,185,2
67,186,1
67,187,2
67,189,3
67,190,1
67,191,2
67,192,1
67,193,3
67,194,1
67,195,1
67,197,2
67,198,2
67,199,1
67,200,3
67,202,2
67,203,1
67,206,1
67,207,1
67,212,3
67,214,1
67,215,1
67,218,1
67,219,3
67,220,1
67,223,1
67,225,2
67,227,1
67,231,1
67,232,1
67,240,1
67,241,1
67,243,1
67,246,1
67,249,1
67,256,1
67,259,1
67,264,1
67,269,1
67,271,1
67,273,1
68,5,1
68,7,1
68,15,1
68,20,1
68,22,1
68,25,1
68,28,1
68,29,1
68,35,1
68,38,2
68,43,1
68,44,1
68,45,1
68,49,1
68,54,1
68,57,1
68,60,2
68,62,3
68,63,1
68,64,1
68,66,1
68,67,1
68,69,1
68,72,1
68,73,3
68,74,1
68,75,2
68,76,2
68,78,2
68,79,1
68,80,1
68,84,1
68,86,1
68,87,2
68,88,3
68,89,2
68,90,1
68,91,3
68,92,2
68,93,1
68,94,3
68,96,5
68,97,1
68,98,2
68,99,1
68,100,1
68,101,3
68,102,2
68,103,4
68,104,4
68,105,3
68,106,5
68,107,2
68,108,8
68,109,5
68,110,7
68,111,8
68,112,23
68,113,32
68,114,36
68,115,63
68,116,87
68,117,78
68,118,88
68,119,88
68,120,85
68,121,93
68,122,84
68,123,90
68,124,82
68,125,88
68,126,97
68,127,82
68,128,71
68,129,83
68,130,68
68,131,66
68,132,64
68,133,77
68,134,56
68,135,60
68,136,54
68,137,54
68,138,28
68,139,24
68,140,20
68,141,20
68,142,12
68,143,8
68,144,7
68,145,3
68,146,2
68,147,5
68,148,11
68,149,3
68,150,11
68,151,12
68,152,11
68,153,8
68,154,5
68,155,6
68,156,5
68,157,4
68,158,5
68,159,3
68,160,2
68,161,4
68,162,6
68,163,7
68,164,3
68,165,3
68,166,6
68,167,3
68,168,2
68,169,2
68,170,4
68,172,1
68,173,5
68,174,1
68,175,1
68,176,1
68,177,3
68,179,2
68,180,2
68,182,2
68,183,1
68,185,1
68,186,1
68,187,2
68,188,2
68,190,2
68,191,1
68,192,3
68,193,2
68,194,1
68,197,3
68,198,3
68,199,1
68,201,1
68,202,3
68,204,1
68,205,1
68,206,1
68,211,1
68,212,1
68,213,5
68,215,1
68,216,1
68,217,2
68,219,3
68,220,1
68,223,1
68,226,1
68,229,1
68,233,1
68,235,1
68,237,1
68,239,1
68,245,1
68,246,1
68,250,1
68,255,1
68,257,1
68,264,1
69,5,1
69,10,1
69,16,1
69,24,1
69,26,1
69,27,1
69,28,1
69,30,1
69,32,1
69,34,1
69,39,2
69,42,1
69,44,1
69,47,1
69,48,1
69,50,3
69,52,1
69,53,1
69,54,1
69,55,1
69,56,1
69,63,2
69,64,1
69,66,1
69,67,2
69,68,1
69,73,2
69,75,2
69,76,1
69,77,1
69,78,1
69,79,2
69,81,2
69,82,1
69,84,2
69,85,2
69,87,1
69,88,2
69,89,1
69,90,2
69,92,1
69,93,1
69,94,2
69,95,1
69,96,4
69,97,1
69,98,2
69,99,3
69,100,5
69,102,2
69,103,6
69,104,2
69,105,2
69,106,1
69,107,3
69,108,5
69,109,7
69,110,6
69,111,13
69,112,20
69,113,34
69,114,37
69,115,57
69,116,85
69,117,105
69,118,86
69,119,76
69,120,94
69,121,86
69,122,86
69,123,91
69,124,84
69,125,84
69,126,87
69,127,77
69,128,98
69,129,75
69,130,68
69,131,55
69,132,59
69,133,59
69,134,59
69,135,50
69,136,46
69,137,59
69,138,35
69,139,39
69,140,25
69,141,19
69,142,15
69,143,6
69,144,6
69,145,7
69,146,2
69,147,7
69,148,2
69,149,11
69,150,8
69,151,13
69,152,12
69,153,11
69,154,6
69,155,6
69,156,5
69,157,4
69,158,2
69,159,2
69,160,2
69,161,3
69,162,8
69,163,8
69,164,1
69,165,3
69,166,2
69,167,3
69,168,3
69,169,2
69,170,1
69,171,1
69,172,3
69,173,5
69,174,4
69,175,1
69,176,1
69,178,4
69,179,3
69,180,2
69,182,1
69,183,2
69,185,3
69,186,1
69,187,3
69,189,2
69,190,2
69,191,3
69,193,3
69,194,1
69,195,1
69,198,1
69,199,2
69,200,2
69,201,1
69,203,1
69,204,2
69,205,1
69,208,1
69,209,1
69,210,1
69,211,1
69,215,2
69,217,1
69,218,2
69,219,1
69,220,2
69,222,1
69,223,1
69,224,1
69,240,1
69,241,1
69,242,1
69,249,1
69,250,1
69,254,1
69,257,1
69,263,1
69,267,1
69,274,1
70,5,1
70,6,1
70,12,1
70,13,1
70,16,2
70,17,1
70,21,2
70,24,2
70,25,1
70,26,2
70,29,1
70,30,1
70,31,1
70,38,1
70,39,1
70,40,1
70,41,2
70,45,2
70,47,2
70,52,3
70,53,1
70,54,1
70,55,1
70,61,1
70,63,1
70,65,2
70,67,1
70,70,1
70,72,3
70,73,2
70,77,2
70,79,2
70,80,2
70,81,2
70,85,1
70,87,1
70,88,3
70,89,2
70,90,2
70,91,1
70,92,1
70,93,2
70,94,2
70,95,2
70,96,2
70,98,1
70,99,2
70,100,2
70,101,1
70,102,2
70,103,1
70,104,1
70,105,5
70,106,6
70,107,6
70,108,7
70,109,6
70,110,5
70,111,8
70,112,30
70,113,28
70,114,43
70,115,60
70,116,78
70,117,93
70,118,96
70,119,88
70,120,95
70,121,88
70,122,86
70,123,78
70,124,97
70,125,88
70,126,80
70,127,76
70,128,80
70,129,85
70,130,73
70,131,63
70,132,73
70,133,56
70,134,66
70,135,49
70,136,64
70,137,47
70,138,46
70,139,38
70,140,25
70,141,23
70,142,14
70,143,10
70,144,8
70,145,7
70,146,9
70,147,10
70,148,3
70,149,11
70,150,10
70,151,15
70,152,12
70,153,14
70,154,12
70,155,12
70,156,4
70,157,2
70,158,4
70,159,3
70,160,5
70,161,6
70,162,4
70,163,2
70,164,4
70,165,5
70,166,7
70,167,2
70,168,1
70,169,2
70,170,1
70,171,1
70,173,2
70,174,4
70,176,3
70,177,2
70,178,2
70,179,4
70,180,6
70,181,1
70,182,1
70,183,2
70,184,1
70,185,2
70,187,1
70,190,1
70,191,3
70,192,2
70,193,1
70,195,2
70,196,2
70,197,1
70,201,2
70,204,2
70,206,2
70,207,2
70,208,1
70,210,1
70,213,1
70,214,2
70,215,1
70,216,1
70,217,4
70,221,1
70,222,1
70,229,3
70,238,3
70,239,1
70,247,1
70,251,2
70,259,1
70,267,1
70,268,1
70,272,1
70,273,1
71,9,1
71,10,1
71,13,2
71,19,1
71,22,2
71,26,1
71,31,1
71,32,2
71,33,1
71,34,1
71,36,1
71,37,2
71,38,1
71,39,1
71,43,1
71,46,1
71,51,1
71,53,1
71,54,1
71,55,1
71,61,3
71,62,1
71,66,1
71,67,1
71,68,1
71,70,2
71,72,3
71,73,1
71,74,1
71,76,2
71,78,1
71,81,3
71,83,1
71,84,1
71,85,5
71,86,2
71,87,3
71,88,3
71,89,3
71,90,3
71,92,1
71,95,1
71,97,1
71,98,4
71,99,2
71,100,4
71,101,1
71,102,2
71,103,4
71,104,3
71,106,3
71,107,4
71,108,3
71,109,3
71,110,10
71,111,19
71,112,26
71,113,42
71,114,39
71,115,71
71,116,93
71,117,96
71,118,77
71,119,94
71,120,79
71,121,84
71,122,80
71,123,107
71,124,103
71,125,86
71,126,100
71,127,69
71,128,83
71,129,85
71,130,91
71,131,74
71,132,57
71,133,56
71,134,42
71,135,54
71,136,70
71,137,53
71,138,50
71,139,41
71,140,42
71,141,25
71,142,17
71,143,14
71,144,9
71,145,5
71,146,4
71,147,9
71,148,9
71,149,16
71,150,20
71,151,19
71,152,13
71,153,8
71,154,11
71,155,14
71,156,4
71,157,2
71,158,7
71,159,5
71,160,1
71,161,3
71,162,7
71,163,6
71,164,3
71,165,6
71,166,4
71,167,2
71,168,2
71,169,2
71,170,3
71,171,3
71,172,2
71,173,4
71,174,2
71,175,6
71,176,3
71,177,1
71,178,3
71,180,1
71,181,1
71,183,1
71,184,3
71,186,5
71,187,1
71,188,2
71,189,1
71,190,1
71,191,2
71,192,3
71,193,2
71,197,2
71,198,2
71,199,2
71,200,1
71,202,2
71,203,2
71,207,1
71,209,1
71,210,2
71,211,2
71,213,2
71,215,1
71,217,2
71,220,1
71,221,1
71,222,1
71,224,2
71,227,2
71,236,1
71,237,1
71,243,1
71,246,2
71,247,2
71,253,1
71,258,1
71,260,1
71,262,1
71,263,1
71,266,1
71,274,1
71,276,1
72,0,1
72,1,2
72,4,1
72,12,2
72,15,1
72,16,1
72,19,2
72,24,2
72,26,2
72,27,2
72,30,1
72,32,1
72,34,2
72,38,1
72,41,1
72,42,1
72,46,1
72,47,1
72,48,1
72,50,2
72,55,1
72,57,1
72,58,1
72,61,1
72,62,1
72,63,2
72,65,3
72,66,1
72,67,1
72,70,2
72,71,1
72,72,1
72,74,2
72,75,2
72,78,1
72,79,1
72,81,1
72,83,1
72,84,1
72,85,3
72,86,3
72,87,2
72,88,1
72,89,3
72,90,1
72,92,5
72,94,3
72,95,4
72,96,3
72,97,2
72,98,1
72,99,1
72,100,1
72,101,3
72,102,2
72,103,3
72,104,4
72,105,6
72,106,3
72,107,1
72,108,6
72,109,4
72,110,12
72,111,19
72,112,26
72,113,28
72,114,42
72,115,58
72,116,73
72,117,87
72,118,84
72,119,104
72,120,103
72,121,81
72,122,88
72,123,87
72,124,104
72,125,83
72,126,96
72,127,76
72,128,89
72,129,70
72,130,63
72,131,72
72,132,60
72,133,62
72,134,65
72,135,66
72,136,58
72,137,68
72,138,42
72,139,45
72,140,30
72,141,20
72,142,18
72,143,13
72,144,6
72,145,7
72,146,4
72,147,10
72,148,9
72,149,11
72,150,27
72,151,15
72,152,20
72,153,15
72,154,8
72,155,7
72,156,7
72,157,4
72,158,3
72,159,3
72,160,10
72,161,4
72,162,4
72,163,6
72,164,2
72,165,2
72,166,1
72,167,3
72,169,3
72,170,2
72,171,3
72,172,2
72,173,1
72,174,2
72,175,5
72,176,1
72,177,2
72,178,5
72,179,1
72,180,4
72,181,2
72,182,3
72,183,4
72,185,2
72,186,1
72,188,1
72,189,2
72,190,4
72,192,4
72,193,1
72,194,1
72,195,2
72,196,1
72,198,1
72,199,2
72,200,3
72,201,1
72,202,2
72,204,1
72,205,2
72,208,1
72,211,2
72,213,2
72,214,1
72,216,1
72,219,2
72,220,1
72,224,1
72,226,1
72,228,1
72,229,2
72,230,1
72,232,1
72,233,1
72,236,1
72,241,1
72,243,1
72,245,1
72,247,1
72,254,2
72,265,1
72,271,2
72,272,1
72,274,1
73,1,1
73,10,1
73,12,1
73,13,1
73,15,1
73,18,1
73,19,2
73,21,2
73,22,1
73,24,1
73,25,2
73,26,1
73,27,1
73,29,1
73,30,1
73,34,1
73,35,1
73,37,1
73,39,3
73,42,4
73,45,1
73,49,2
73,51,1
73,53,3
73,54,1
73,55,2
73,58,2
73,62,2
73,64,2
73,65,1
73,66,2
73,69,1
73,70,1
73,72,1
73,73,1
73,74,1
73,75,3
73,76,1
73,77,2
73,78,2
73,80,1
73,81,1
73,83,1
73,84,2
73,85,5
73,86,3
73,87,1
73,88,3
73,89,1
73,90,4
73,91,2
73,92,1
73,93,3
73,94,2
73,96,5
73,97,2
73,99,2
73,100,1
73,102,1
73,103,2
73,104,3
73,106,3
73,107,2
73,108,8
73,109,4
73,110,9
73,111,11
73,112,21
73,113,27
73,114,51
73,115,67
73,116,70
73,117,81
73,118,102
73,119,89
73,120,105
73,121,105
73,122,95
73,123,106
73,124,99
73,125,94
73,126,99
73,127,92
73,128,79
73,129,69
73,130,77
73,131,68
73,132,69
73,133,56
73,134,58
73,135,54
73,136,77
73,137,54
73,138,47
73,139,42
73,140,30
73,141,30
73,142,17
73,143,13
73,144,8
73,145,7
73,146,4
73,147,12
73,148,17
73,149,20
73,150,22
73,151,29
73,152,25
73,153,13
73,154,13
73,155,10
73,156,4
73,157,6
73,158,4
73,159,4
73,160,4
73,161,8
73,162,3
73,163,8
73,164,3
73,165,4
73,166,2
73,167,2
73,168,4
73,170,4
73,171,3
73,172,1
73,174,3
73,175,4
73,176,1
73,177,3
73,178,1
73,179,1
73,180,2
73,181,1
73,182,2
73,183,1
73,184,4
73,185,3
73,186,1
73,187,3
73,188,1
73,189,3
73,190,3
73,191,1
73,192,4
73,193,3
73,194,3
73,195,1
73,197,1
73,202,1
73,203,1
73,205,2
73,206,2
73,207,2
73,208,1
73,210,1
73,212,1
73,213,3
73,214,1
73,216,1
73,217,1
73,218,1
73,219,1
73,221,1
73,222,2
73,223,1
73,224,2
73,226,1
73,228,1
73,229,1
73,232,1
73,233,1
73,234,1
73,236,1
73,238,1
73,239,2
73,240,1
73,242,1
73,244,1
73,246,2
73,247,1
73,248,1
73,256,1
73,258,2
73,259,1
73,260,1
73,263,2
73,274,1
73,275,1
74,2,3
74,5,1
74,7,2
74,9,3
74,10,1
74,14,1
74,15,1
74,19,1
74,23,1
74,24,1
74,25,3
74,29,1
74,31,1
74,32,2
74,34,2
74,35,1
74,36,1
74,38,2
74,39,1
74,40,1
74,41,1
74,42,1
74,43,1
74,45,2
74,47,1
74,48,2
74,49,4
74,51,1
74,52,2
74,54,1
74,56,2
74,57,2
74,59,1
74,60,2
74,61,2
74,62,2
74,63,2
74,64,1
74,66,2
74,67,1
74,68,1
74,69,2
74,70,1
74,71,1
74,72,2
74,73,1
74,76,1
74,77,4
74,78,2
74,81,2
74,82,4
74,83,4
74,84,2
74,85,5
74,86,2
74,87,3
74,88,6
74,89,3
74,90,2
74,91,1
74,93,4
74,94,1
74,95,1
74,96,3
74,97,3
74,98,4
74,99,3
74,100,2
74,101,4
74,102,2
74,103,4
74,104,2
74,105,4
74,106,1
74,107,10
74,108,4
74,109,12
74,110,15
74,111,10
74,112,15
74,113,21
74,114,60
74,115,61
74,116,87
74,117,85
74,118,96
74,119,115
74,120,93
74,121,115
74,122,97
74,123,92
74,124,85
74,125,103
74,126,120
74,127,95
74,128,77
74,129,88
74,130,82
74,131,68
74,132,75
74,133,57
74,134,56
74,135,59
74,136,70
74,137,67
74,138,51
74,139,53
74,140,47
74,141,27
74,142,21
74,143,15
74,144,10
74,145,10
74,146,6
74,147,15
74,148,13
74,149,20
74,150,27
74,151,35
74,152,23
74,153,7
74,154,11
74,155,11
74,156,11
74,157,4
74,158,3
74,159,7
74,160,4
74,161,6
74,162,2
74,163,1
74,164,3
74,165,5
74,166,5
74,167,1
74,168,2
74,169,2
74,171,3
74,172,2
74,173,2
74,174,3
74,175,2
74,176,4
74,178,6
74,180,3
74,181,4
74,183,5
74,184,3
74,185,1
74,186,2
74,187,1
74,188,2
74,189,2
74,190,4
74,191,3
74,192,2
74,193,1
74,194,2
74,195,1
74,197,3
74,198,1
74,199,3
74,200,3
74,201,3
74,202,2
74,204,2
74,205,1
74,206,1
74,213,1
74,214,2
74,217,1
74,218,3
74,220,1
74,221,1
74,226,2
74,227,1
74,231,1
74,232,1
74,234,2
74,235,2
74,243,1
74,247,1
74,248,1
74,252,1
74,255,1
74,256,1
74,271,1
75,4,1
75,6,2
75,8,1
75,10,1
75,13,1
75,14,3
75,15,1
75,19,1
75,20,2
75,21,2
75,25,1
75,27,1
75,28,1
75,30,1
75,31,2
75,32,1
75,34,2
75,36,1
75,38,2
75,39,1
75,40,2
75,41,1
75,42,4
75,44,1
75,48,2
75,53,1
75,55,4
75,56,1
75,57,1
75,58,1
75,59,3
75,60,1
75,62,3
75,64,1
75,65,1
75,66,1
75,67,1
75,68,2
75,69,3
75,70,2
75,71,2
75,73,1
75,77,4
75,78,1
75,79,1
75,80,1
75,81,2
75,82,3
75,83,2
75,84,3
75,85,1
75,87,3
75,88,2
75,89,4
75,90,2
75,91,2
75,92,3
75,93,2
75,94,1
75,95,2
75,96,1
75,97,2
75,98,4
75,99,2
75,100,1
75,101,3
75,102,3
75,103,4
75,104,1
75,105,1
75,106,3
75,107,4
75,108,5
75,109,12
75,110,11
75,111,19
75,112,20
75,113,31
75,114,53
75,115,70
75,116,70
75,117,71
75,118,77
75,119,120
75,120,100
75,121,117
75,122,94
75,123,98
75,124,105
75,125,95
75,126,108
75,127,82
75,128,88
75,129,87
75,130,84
75,131,68
75,132,60
75,133,57
75,134,74
75,135,71
75,136,69
75,137,63
75,138,60
75,139,45
75,140,47
75,141,29
75,142,26
75,143,22
75,144,13
75,145,4
75,146,10
75,147,15
75,148,16
75,149,17
75,150,21
75,151,26
75,152,26
75,153,23
75,154,16
75,155,14
75,156,13
75,157,2
75,158,4
75,159,4
75,160,7
75,161,6
75,162,2
75,163,4
75,164,8
75,165,6
75,166,3
75,167,2
75,168,1
75,169,4
75,170,3
75,171,3
75,172,2
75,173,1
75,174,3
75,175,5
75,176,1
75,177,2
75,178,5
75,179,2
75,180,4
75,181,2
75,182,2
75,183,2
75,184,1
75,186,3
75,188,3
75,189,2
75,190,3
75,191,3
75,192,3
75,193,6
75,194,1
75,197,1
75,199,4
75,200,3
75,201,1
75,202,1
75,203,2
75,204,2
75,206,1
75,209,1
75,210,2
75,211,1
75,212,2
75,213,2
75,214,2
75,215,3
75,217,2
75,218,1
75,222,1
75,223,2
75,225,2
75,226,2
75,228,1
75,230,2
75,231,2
75,234,1
75,235,1
75,237,1
75,238,1
75,240,2
75,241,1
75,246,2
75,250,1
75,252,1
75,254,1
75,267,1
75,269,1
75,270,1
75,271,1
76,0,1
76,7,1
76,9,1
76,17,1
76,20,2
76,22,2
76,23,1
76,24,2
76,26,2
76,27,3
76,29,3
76,31,1
76,32,1
76,33,2
76,34,1
76,36,1
76,38,3
76,40,1
76,42,3
76,44,2
76,45,2
76,46,4
76,47,2
76,48,1
76,49,2
76,52,3
76,53,2
76,55,1
76,56,1
76,57,3
76,58,2
76,60,1
76,61,2
76,64,1
76,66,1
76,68,1
76,69,2
76,70,2
76,71,1
76,73,2
76,74,3
76,75,3
76,76,5
76,77,4
76,78,2
76,80,2
76,81,1
76,83,4
76,84,3
76,85,3
76,86,5
76,87,5
76,88,2
76,89,1
76,90,5
76,91,4
76,92,5
76,93,3
76,94,2
76,95,2
76,96,4
76,97,3
76,98,1
76,99,2
76,101,2
76,103,2
76,104,1
76,105,6
76,106,3
76,107,6
76,108,3
76,109,6
76,110,21
76,111,15
76,112,30
76,113,48
76,114,52
76,115,86
76,116,68
76,117,80
76,118,83
76,119,105
76,120,88
76,121,88
76,122,101
76,123,83
76,124,105
76,125,113
76,126,80
76,127,108
76,128,91
76,129,91
76,130,78
76,131,63
76,132,77
76,133,65
76,134,63
76,135,52
76,136,55
76,137,77
76,138,56
76,139,49
76,140,59
76,141,44
76,142,25
76,143,15
76,144,7
76,145,10
76,146,9
76,147,14
76,148,19
76,149,20
76,150,40
76,151,37
76,152,28
76,153,28
76,154,12
76,155,6
76,156,5
76,157,6
76,158,3
76,159,6
76,160,5
76,161,9
76,162,8
76,163,7
76,164,8
76,165,5
76,166,6
76,167,4
76,168,2
76,170,3
76,171,2
76,172,3
76,173,1
76,174,3
76,175,4
76,176,4
76,177,1
76,178,4
76,179,4
76,180,2
76,181,3
76,182,2
76,183,2
76,184,2
76,186,2
76,187,3
76,188,1
76,190,3
76,191,4
76,192,2
76,193,4
76,194,1
76,195,1
76,196,3
76,197,2
76,199,1
76,200,2
76,201,5
76,203,1
76,204,3
76,205,2
76,206,3
76,207,1
76,208,1
76,210,1
76,211,1
76,212,1
76,213,1
76,217,1
76,218,2
76,219,1
76,221,1
76,222,1
76,223,1
76,226,2
76,229,1
76,230,1
76,231,1
76,233,2
76,237,1
76,241,1
76,242,2
76,252,1
76,259,1
76,262,3
76,264,1
76,265,1
76,267,1
76,270,1
76,274,1
77,3,1
77,4,3
77,8,1
77,10,1
77,11,3
77,12,1
77,14,1
77,18,1
77,19,1
77,20,1
77,22,1
77,23,1
77,25,1
77,27,1
77,30,1
77,32,2
77,34,4
77,35,1
77,37,3
77,38,1
77,39,1
77,42,2
77,45,1
77,48,1
77,49,1
77,50,1
77,51,1
77,52,2
77,53,1
77,54,1
77,56,1
77,57,2
77,58,1
77,60,5
77,61,2
77,62,1
77,63,1
77,64,2
77,65,2
77,66,1
77,69,2
77,70,1
77,71,3
77,72,1
77,74,1
77,75,1
77,76,1
77,77,2
77,78,3
77,79,2
77,80,1
77,81,4
77,82,2
77,83,3
77,84,4
77,85,4
77,86,1
77,87,5
77,88,4
77,89,3
77,90,1
77,91,4
77,92,2
77,94,1
77,95,3
77,96,4
77,97,3
77,98,6
77,99,6
77,100,4
77,101,3
77,102,2
77,103,5
77,104,2
77,105,5
77,106,3
77,107,6
77,108,1
77,109,7
77,110,17
77,111,21
77,112,16
77,113,47
77,114,59
77,115,71
77,116,63
77,117,98
77,118,98
77,119,107
77,120,109
77,121,102
77,122,90
77,123,107
77,124,97
77,125,95
77,126,125
77,127,96
77,128,100
77,129,78
77,130,74
77,131,82
77,132,70
77,133,66
77,134,77
77,135,61
77,136,92
77,137,67
77,138,62
77,139,58
77,140,45
77,141,35
77,142,21
77,143,17
77,144,19
77,145,6
77,146,11
77,147,19
77,148,29
77,149,24
77,150,32
77,151,30
77,152,28
77,153,26
77,154,12
77,155,10
77,156,13
77,157,2
77,158,2
77,159,8
77,160,3
77,161,9
77,162,4
77,163,7
77,164,7
77,165,4
77,166,6
77,167,2
77,168,2
77,169,2
77,170,1
77,172,3
77,174,4
77,175,1
77,176,2
77,177,2
77,178,5
77,179,3
77,180,4
77,181,4
77,182,2
77,183,2
77,184,1
77,185,2
77,186,4
77,188,2
77,189,6
77,190,2
77,191,2
77,192,3
77,193,3
77,194,2
77,197,1
77,199,3
77,200,1
77,201,1
77,202,2
77,203,2
77,204,2
77,206,1
77,207,1
77,208,1
77,209,2
77,214,2
77,216,2
77,217,1
77,218,2
77,219,1
77,220,2
77,221,1
77,222,1
77,224,1
77,226,2
77,234,3
77,235,1
77,236,1
77,237,2
77,238,1
77,241,1
77,243,1
77,244,3
77,246,1
77,247,2
77,251,2
77,258,1
77,260,1
77,261,2
77,262,1
77,263,1
77,270,1
77,271,1
77,275,1
78,4,1
78,6,1
78,7,1
78,8,4
78,9,2
78,10,1
78,11,1
78,12,2
78,18,1
78,19,3
78,21,1
78,22,2
78,23,1
78,25,3
78,26,1
78,27,1
78,28,2
78,30,2
78,31,3
78,32,1
78,33,2
78,34,1
78,35,1
78,36,1
78,37,1
78,40,4
78,41,1
78,43,2
78,44,3
78,46,1
78,47,1
78,48,1
78,50,4
78,51,1
78,52,3
78,53,3
78,54,1
78,55,1
78,56,1
78,57,5
78,58,3
78,61,1
78,62,3
78,63,2
78,64,1
78,65,1
78,66,1
78,67,1
78,69,4
78,70,3
78,71,3
78,72,2
78,73,1
78,74,5
78,76,3
78,77,2
78,79,2
78,80,1
78,81,1
78,82,1
78,83,6
78,84,5
78,85,3
78,86,3
78,87,5
78,88,3
78,89,3
78,90,2
78,91,2
78,92,3
78,93,3
78,94,1
78,95,2
78,96,1
78,97,3
78,98,6
78,99,2
78,100,3
78,101,1
78,102,1
78,103,5
78,104,4
78,105,5
78,106,2
78,107,4
78,108,5
78,109,9
78,110,14
78,111,15
78,112,30
78,113,47
78,114,70
78,115,72
78,116,62
78,117,87
78,118,105
78,119,115
78,120,89
78,121,116
78,122,104
78,123,75
78,124,101
78,125,105
78,126,102
78,127,112
78,128,79
78,129,86
78,130,70
78,131,73
78,132,59
78,133,69
78,134,57
78,135,76
78,136,62
78,137,76
78,138,63
78,139,61
78,140,61
78,141,49
78,142,37
78,143,19
78,144,10
78,145,12
78,146,12
78,147,10
78,148,25
78,149,33
78,150,26
78,151,27
78,152,32
78,153,33
78,154,25
78,155,10
78,156,11
78,157,9
78,158,3
78,159,6
78,160,4
78,161,12
78,162,6
78,163,8
78,164,5
78,165,3
78,166,4
78,167,5
78,168,3
78,169,4
78,170,1
78,171,3
78,172,2
78,173,1
78,174,1
78,175,4
78,176,3
78,177,6
78,178,5
78,179,5
78,180,1
78,181,2
78,182,2
78,183,1
78,184,2
78,185,3
78,186,2
78,187,3
78,189,2
78,190,1
78,191,4
78,192,2
78,193,2
78,194,1
78,195,1
78,196,1
78,197,2
78,198,3
78,199,3
78,200,1
78,201,3
78,202,1
78,203,1
78,204,3
78,207,2
78,208,2
78,209,2
78,210,2
78,212,1
78,213,1
78,215,2
78,216,2
78,217,3
78,218,2
78,219,2
78,220,1
78,222,2
78,223,1
78,225,1
78,226,3
78,227,1
78,229,2
78,230,1
78,233,1
78,234,2
78,236,1
78,239,1
78,246,2
78,249,1
78,252,2
78,254,1
78,256,1
78,261,1
78,262,2
79,0,1
79,1,1
79,4,1
79,5,1
79,10,1
79,16,2
79,21,2
79,22,1
79,24,4
79,25,2
79,27,2
79,28,1
79,29,1
79,30,2
79,31,1
79,32,1
79,34,2
79,35,2
79,37,4
79,38,1
79,40,1
79,41,3
79,42,3
79,43,1
79,44,1
79,45,2
79,46,1
79,47,3
79,48,2
79,49,2
79,51,2
79,52,3
79,53,2
79,56,3
79,57,3
79,58,4
79,59,4
79,60,3
79,61,1
79,62,2
79,63,3
79,64,1
79,65,1
79,66,2
79,67,2
79,68,1
79,69,3
79,71,1
79,72,2
79,73,1
79,74,4
79,75,2
79,76,2
79,77,1
79,78,2
79,79,1
79,80,1
79,81,2
79,82,4
79,83,1
79,84,7
79,85,2
79,86,1
79,87,5
79,88,3
79,89,4
79,90,2
79,91,4
79,92,2
79,93,2
79,94,7
79,95,5
79,96,4
79,97,6
79,98,4
79,99,6
79,100,4
79,101,4
79,102,3
79,103,4
79,104,3
79,105,2
79,106,2
79,107,4
79,108,3
79,109,5
79,110,9
79,111,28
79,112,29
79,113,40
79,114,60
79,115,72
79,116,73
79,117,82
79,118,92
79,119,96
79,120,92
79,121,86
79,122,106
79,123,108
79,124,125
79,125,113
79,126,96
79,127,100
79,128,93
79,129,102
79,130,84
79,131,67
79,132,75
79,133,62
79,134,68
79,135,75
79,136,68
79,137,82
79,138,67
79,139,82
79,140,53
79,141,49
79,142,36
79,143,17
79,144,19
79,145,14
79,146,8
79,147,19
79,148,18
79,149,29
79,150,39
79,151,38
79,152,38
79,153,28
79,154,26
79,155,25
79,156,18
79,157,9
79,158,6
79,159,5
79,160,2
79,161,14
79,162,5
79,163,8
79,164,4
79,165,4
79,166,5
79,167,1
79,168,6
79,170,2
79,171,5
79,173,4
79,174,3
79,175,2
79,176,2
79,177,2
79,178,5
79,179,5
79,180,1
79,181,6
79,182,3
79,183,5
79,184,2
79,185,1
79,186,1
79,187,6
79,188,1
79,189,3
79,190,2
79,191,7
79,192,4
79,193,2
79,194,2
79,195,2
79,196,1
79,198,2
79,200,2
79,201,3
79,202,3
79,204,2
79,205,3
79,206,3
79,207,1
79,209,3
79,210,1
79,212,1
79,214,1
79,217,3
79,218,1
79,219,1
79,220,1
79,223,3
79,225,1
79,226,1
79,231,2
79,234,1
79,237,1
79,239,1
79,240,1
79,241,1
79,242,1
79,244,2
79,250,1
79,251,1
79,254,2
79,259,1
79,264,1
79,268,1
79,271,1
79,273,1
79,276,1
80,0,1
80,2,1
80,3,2
80,4,1
80,7,2
80,9,1
80,10,1
80,11,3
80,12,1
80,13,1
80,14,1
80,16,1
80,17,1
80,18,1
80,20,2
80,21,1
80,22,2
80,24,1
80,25,1
80,26,3
80,27,5
80,28,1
80,29,1
80,31,3
80,32,2
80,33,1
80,34,5
80,35,1
80,36,2
80,39,3
80,40,2
80,41,1
80,42,1
80,45,1
80,46,2
80,47,3
80,50,6
80,51,1
80,52,2
80,53,3
80,54,1
80,55,1
80,56,2
80,57,2
80,58,1
80,59,3
80,60,3
80,61,3
80,62,1
80,63,2
80,64,1
80,65,2
80,66,2
80,67,2
80,68,3
80,69,2
80,70,2
80,71,1
80,72,2
80,73,1
80,74,2
80,75,1
80,76,2
80,77,2
80,78,4
80,79,1
80,80,3
80,81,2
80,82,1
80,83,2
80,84,4
80,85,4
80,86,4
80,87,4
80,88,4
80,89,1
80,90,1
80,91,1
80,93,4
80,94,6
80,95,1
80,96,4
80,97,2
80,98,6
80,99,4
80,100,5
80,101,3
80,102,2
80,103,3
80,104,3
80,105,4
80,106,3
80,107,4
80,108,8
80,109,5
80,110,9
80,111,14
80,112,26
80,113,38
80,114,52
80,115,63
80,116,92
80,117,94
80,118,84
80,119,105
80,120,86
80,121,90
80,122,121
80,123,91
80,124,101
80,125,108
80,126,114
80,127,119
80,128,93
80,129,81
80,130,74
80,131,68
80,132,57
80,133,73
80,134,81
80,135,75
80,136,69
80,137,94
80,138,72
80,139,89
80,140,67
80,141,48
80,142,28
80,143,28
80,144,14
80,145,8
80,146,16
80,147,17
80,148,30
80,149,31
80,150,39
80,151,38
80,152,38
80,153,28
80,154,27
80,155,14
80,156,4
80,157,8
80,158,7
80,159,6
80,160,9
80,161,11
80,162,4
80,163,9
80,164,10
80,165,3
80,166,3
80,167,5
80,168,2
80,169,2
80,170,3
80,171,1
80,172,2
80,173,6
80,174,3
80,175,1
80,176,3
80,177,4
80,178,4
80,180,1
80,181,4
80,182,4
80,183,3
80,184,2
80,185,2
80,186,4
80,187,3
80,189,2
80,190,3
80,191,1
80,192,1
80,193,3
80,194,4
80,196,2
80,197,1
80,200,2
80,202,2
80,204,2
80,205,2
80,206,1
80,207,1
80,208,1
80,210,2
80,212,1
80,213,1
80,214,3
80,215,1
80,217,1
80,218,2
80,219,2
80,220,1
80,222,2
80,223,2
80,224,1
80,226,3
80,227,2
80,230,1
80,231,2
80,233,1
80,242,1
80,247,1
80,250,1
80,253,1
80,255,2
80,258,1
80,263,1
80,264,2
80,267,1
80,269,1
80,271,1
80,274,1
80,276,1
81,2,1
81,3,1
81,5,1
81,6,1
81,7,1
81,8,2
81,9,1
81,10,1
81,13,2
81,15,2
81,16,2
81,18,2
81,19,1
81,20,1
81,21,5
81,23,3
81,25,1
81,26,2
81,27,1
81,28,1
81,32,1
81,35,2
81,36,2
81,37,1
81,38,1
81,39,2
81,40,1
81,41,1
81,43,4
81,44,1
81,47,2
81,49,4
81,50,2
81,51,2
81,53,1
81,55,1
81,56,7
81,57,3
81,58,7
81,59,6
81,60,4
81,61,2
81,62,1
81,63,2
81,64,1
81,65,2
81,66,4
81,67,1
81,69,3
81,70,5
81,71,3
81,75,3
81,76,5
81,77,1
81,78,5
81,79,2
81,80,1
81,81,4
81,82,3
81,83,4
81,84,5
81,85,3
81,86,7
81,87,2
81,88,6
81,89,5
81,90,3
81,91,4
81,92,6
81,93,3
81,94,2
81,95,7
81,96,8
81,97,6
81,98,5
81,99,4
81,100,3
81,101,1
81,102,2
81,103,4
81,104,6
81,105,3
81,106,5
81,107,5
81,108,5
81,109,7
81,110,17
81,111,9
81,112,26
81,113,42
81,114,43
81,115,55
81,116,93
81,117,88
81,118,93
81,119,103
81,120,96
81,121,80
81,122,107
81,123,90
81,124,114
81,125,115
81,126,119
81,127,111
81,128,100
81,129,104
81,130,85
81,131,93
81,132,77
81,133,74
81,134,84
81,135,73
81,136,83
81,137,79
81,138,72
81,139,67
81,140,71
81,141,55
81,142,40
81,143,20
81,144,14
81,145,13
81,146,12
81,147,19
81,148,32
81,149,41
81,150,45
81,151,31
81,152,35
81,153,35
81,154,19
81,155,21
81,156,12
81,157,9
81,158,5
81,159,7
81,160,7
81,161,9
81,162,6
81,163,5
81,164,5
81,165,7
81,166,7
81,167,4
81,168,9
81,169,3
81,170,3
81,171,3
81,172,4
81,174,5
81,175,4
81,176,2
81,177,4
81,178,3
81,179,3
81,180,5
81,181,2
81,183,2
81,184,2
81,185,2
81,186,3
81,187,2
81,188,5
81,189,4
81,191,3
81,192,4
81,193,1
81,195,2
81,196,1
81,197,1
81,198,1
81,199,3
81,200,1
81,201,2
81,203,2
81,204,1
81,205,5
81,207,1
81,208,1
81,209,1
81,210,1
81,211,2
81,213,1
81,214,3
81,215,1
81,216,3
81,217,3
81,218,4
81,219,3
81,220,4
81,222,1
81,223,1
81,225,1
81,228,1
81,229,2
81,230,1
81,232,1
81,234,2
81,237,1
81,243,2
81,245,1
81,246,1
81,247,1
81,251,1
81,253,2
81,254,1
81,257,1
81,261,2
81,268,1
81,270,2
81,274,1
81,276,1
82,2,1
82,3,1
82,5,2
82,6,3
82,7,3
82,8,1
82,10,3
82,11,2
82,12,1
82,15,2
82,16,1
82,17,1
82,19,1
82,20,1
82,23,1
82,24,1
82,25,1
82,26,1
82,30,1
82,31,3
82,32,1
82,33,2
82,34,3
82,35,3
82,36,2
82,38,2
82,40,2
82,42,3
82,43,1
82,44,1
82,45,1
82,46,1
82,47,3
82,48,1
82,49,3
82,50,1
82,52,2
82,54,1
82,55,2
82,56,1
82,58,5
82,59,3
82,60,4
82,61,3
82,63,1
82,64,5
82,65,2
82,66,3
82,67,3
82,68,2
82,69,2
82,70,2
82,71,2
82,72,1
82,73,2
82,74,2
82,75,3
82,76,5
82,77,3
82,78,4
82,79,3
82,81,2
82,82,2
82,83,1
82,84,2
82,85,2
82,86,6
82,87,2
82,88,5
82,89,7
82,90,2
82,91,2
82,92,4
82,93,1
82,94,3
82,95,5
82,96,6
82,97,4
82,98,9
82,99,7
82,100,3
82,101,1
82,102,4
82,103,3
82,104,6
82,105,9
82,106,7
82,107,4
82,108,9
82,109,9
82,110,18
82,111,19
82,112,23
82,113,35
82,114,59
82,115,66
82,116,64
82,117,94
82,118,97
82,119,110
82,120,79
82,121,106
82,122,94
82,123,123
82,124,115
82,125,113
82,126,130
82,127,87
82,128,104
82,129,100
82,130,85
82,131,78
82,132,78
82,133,74
82,134,58
82,135,72
82,136,94
82,137,84
82,138,88
82,139,76
82,140,79
82,141,60
82,142,35
82,143,19
82,144,25
82,145,12
82,146,17
82,147,14
82,148,33
82,149,29
82,150,44
82,151,44
82,152,43
82,153,25
82,154,19
82,155,23
82,156,8
82,157,7
82,158,5
82,159,5
82,160,10
82,161,11
82,162,7
82,163,9
82,164,8
82,165,5
82,166,5
82,167,6
82,168,5
82,169,3
82,170,5
82,171,5
82,172,3
82,173,5
82,174,3
82,175,4
82,176,4
82,177,4
82,178,4
82,179,3
82,180,3
82,181,3
82,182,2
82,183,2
82,184,1
82,185,4
82,186,3
82,187,2
82,188,4
82,189,3
82,190,6
82,191,1
82,192,3
82,194,5
82,195,1
82,196,1
82,197,1
82,198,1
82,199,3
82,200,1
82,201,2
82,203,1
82,204,1
82,205,2
82,207,1
82,208,1
82,209,1
82,210,5
82,211,2
82,214,1
82,216,1
82,217,2
82,218,1
82,219,4
82,220,1
82,221,1
82,223,1
82,226,2
82,228,2
82,231,1
82,234,1
82,235,1
82,236,1
82,238,2
82,239,1
82,244,1
82,246,1
82,252,3
82,255,1
82,256,1
82,258,2
82,261,2
82,262,1
82,264,1
82,265,1
82,273,1
83,1,1
83,2,1
83,4,1
83,5,1
83,6,1
83,7,3
83,8,2
83,9,1
83,11,2
83,12,1
83,14,3
83,16,1
83,17,1
83,18,1
83,20,2
83,21,2
83,22,1
83,24,1
83,25,2
83,26,1
83,28,1
83,30,2
83,31,4
83,32,2
83,33,2
83,34,2
83,35,1
83,36,2
83,37,1
83,38,3
83,39,1
83,42,4
83,43,3
83,45,5
83,48,3
83,49,2
83,50,2
83,51,2
83,53,2
83,54,1
83,55,3
83,56,2
83,57,3
83,58,1
83,61,7
83,62,2
83,63,1
83,64,1
83,65,1
83,66,1
83,67,2
83,68,3
83,69,1
83,70,2
83,71,3
83,72,1
83,74,3
83,75,5
83,76,3
83,77,4
83,78,4
83,79,2
83,80,1
83,81,5
83,82,2
83,83,4
83,84,3
83,85,3
83,86,5
83,87,2
83,88,4
83,89,6
83,90,1
83,91,3
83,92,3
83,93,2
83,94,2
83,95,3
83,96,5
83,97,4
83,98,5
83,99,4
83,100,1
83,101,2
83,102,4
83,103,2
83,104,6
83,105,3
83,106,3
83,107,4
83,108,7
83,109,8
83,110,12
83,111,14
83,112,32
83,113,39
83,114,47
83,115,81
83,116,89
83,117,86
83,118,110
83,119,99
83,120,93
83,121,117
83,122,124
83,123,110
83,124,100
83,125,128
83,126,135
83,127,127
83,128,105
83,129,103
83,130,78
83,131,78
83,132,58
83,133,78
83,134,65
83,135,76
83,136,75
83,137,83
83,138,90
83,139,109
83,140,67
83,141,51
83,142,39
83,143,41
83,144,17
83,145,10
83,146,8
83,147,21
83,148,36
83,149,47
83,150,37
83,151,39
83,152,44
83,153,43
83,154,22
83,155,21
83,156,12
83,157,8
83,158,5
83,159,4
83,160,8
83,161,6
83,162,6
83,163,8
83,164,7
83,165,5
83,166,4
83,167,5
83,168,1
83,169,2
83,170,2
83,171,3
83,172,3
83,174,4
83,175,9
83,176,5
83,177,6
83,178,7
83,179,4
83,180,3
83,181,3
83,182,2
83,183,4
83,186,4
83,187,3
83,188,3
83,189,5
83,190,4
83,191,3
83,192,1
83,193,4
83,195,4
83,196,2
83,197,2
83,198,3
83,199,1
83,200,4
83,201,2
83,202,2
83,203,1
83,205,1
83,206,3
83,207,1
83,208,2
83,210,1
83,211,1
83,212,1
83,213,1
83,214,1
83,216,1
83,217,2
83,219,1
83,220,1
83,221,1
83,222,2
83,223,3
83,224,2
83,225,2
83,227,1
83,228,2
83,231,3
83,233,2
83,236,1
83,237,1
83,238,1
83,241,1
83,242,1
83,248,2
83,252,1
83,255,2
83,256,1
83,257,1
83,258,1
83,260,1
83,262,1
83,263,1
83,273,1
83,276,1
84,0,1
84,1,1
84,2,2
84,4,3
84,5,1
84,7,2
84,9,2
84,10,3
84,11,3
84,13,2
84,15,1
84,16,3
84,17,1
84,18,2
84,19,2
84,21,1
84,22,1
84,23,4
84,24,1
84,26,3
84,27,1
84,28,4
84,32,3
84,33,3
84,34,6
84,35,2
84,36,2
84,37,3
84,38,1
84,39,1
84,40,1
84,41,1
84,42,3
84,44,5
84,45,1
84,46,1
84,47,3
84,49,1
84,50,2
84,51,3
84,52,2
84,54,2
84,56,3
84,57,5
84,58,4
84,59,4
84,60,5
84,61,4
84,62,2
84,63,2
84,64,2
84,65,3
84,67,3
84,68,2
84,70,3
84,71,2
84,72,3
84,74,2
84,75,2
84,76,5
84,77,1
84,78,3
84,79,4
84,80,2
84,81,3
84,82,2
84,83,6
84,84,3
84,85,4
84,86,7
84,87,7
84,88,7
84,89,1
84,90,5
84,91,4
84,92,3
84,93,2
84,94,2
84,95,4
84,96,1
84,97,4
84,98,4
84,99,7
84,100,5
84,101,5
84,102,5
84,103,4
84,104,3
84,105,5
84,106,7
84,107,7
84,108,5
84,109,6
84,110,11
84,111,23
84,112,25
84,113,28
84,114,64
84,115,96
84,116,93
84,117,87
84,118,87
84,119,119
84,120,94
84,121,115
84,122,97
84,123,140
84,124,122
84,125,128
84,126,128
84,127,114
84,128,107
84,129,64
84,130,85
84,131,67
84,132,78
84,133,81
84,134,63
84,135,67
84,136,91
84,137,103
84,138,76
84,139,97
84,140,74
84,141,64
84,142,50
84,143,28
84,144,16
84,145,11
84,146,8
84,147,23
84,148,37
84,149,46
84,150,49
84,151,47
84,152,51
84,153,38
84,154,30
84,155,16
84,156,9
84,157,6
84,158,6
84,159,7
84,160,7
84,161,6
84,162,13
84,163,11
84,164,3
84,165,5
84,166,8
84,167,9
84,168,2
84,169,2
84,170,5
84,171,3
84,172,1
84,173,5
84,174,6
84,175,2
84,176,7
84,177,6
84,178,3
84,179,5
84,180,4
84,181,2
84,183,3
84,184,3
84,185,2
84,186,1
84,187,2
84,188,2
84,189,3
84,190,6
84,191,4
84,192,2
84,193,3
84,194,3
84,195,9
84,196,2
84,197,3
84,198,2
84,199,2
84,200,2
84,204,1
84,205,2
84,206,3
84,207,3
84,209,1
84,211,3
84,212,3
84,213,3
84,216,2
84,217,1
84,218,2
84,220,1
84,221,2
84,223,1
84,224,1
84,225,1
84,226,3
84,227,1
84,228,1
84,230,1
84,234,1
84,235,1
84,237,1
84,238,2
84,241,1
84,244,1
84,245,2
84,249,1
84,252,1
84,253,1
84,255,1
84,257,1
84,258,1
84,259,1
84,262,1
84,267,1
84,268,1
84,269,1
84,270,1
84,271,1
84,272,1
85,1,2
85,2,2
85,3,1
85,5,1
85,6,2
85,8,2
85,10,1
85,11,2
85,12,1
85,13,3
85,14,3
85,15,1
85,17,2
85,18,1
85,19,1
85,20,2
85,22,1
85,23,1
85,26,3
85,28,2
85,30,2
85,31,1
85,32,2
85,33,1
85,34,2
85,35,4
85,36,3
85,37,2
85,38,1
85,39,1
85,40,2
85,41,1
85,43,2
85,44,2
85,45,2
85,46,1
85,48,2
85,49,2
85,50,1
85,51,2
85,52,4
85,53,1
85,54,2
85,55,3
85,57,5
85,58,1
85,59,5
85,60,3
85,61,3
85,62,2
85,63,1
85,64,4
85,65,3
85,66,2
85,67,1
85,68,3
85,69,1
85,70,2
85,72,1
85,73,2
85,74,5
85,75,1
85,76,3
85,77,5
85,78,1
85,79,1
85,80,1
85,82,1
85,83,2
85,84,5
85,85,3
85,86,4
85,87,6
85,88,7
85,90,4
85,91,4
85,92,4
85,93,5
85,94,2
85,95,3
85,96,2
85,97,1
85,98,5
85,99,5
85,100,3
85,101,3
85,102,2
85,103,4
85,104,4
85,105,6
85,106,4
85,107,3
85,108,3
85,109,11
85,110,15
85,111,20
85,112,24
85,113,35
85,114,68
85,115,72
85,116,71
85,117,98
85,118,93
85,119,113
85,120,103
85,121,109
85,122,98
85,123,115
85,124,129
85,125,118
85,126,113
85,127,117
85,128,118
85,129,91
85,130,83
85,131,87
85,132,68
85,133,65
85,134,79
85,135,87
85,136,84
85,137,94
85,138,77
85,139,99
85,140,83
85,141,61
85,142,45
85,143,30
85,144,16
85,145,8
85,146,13
85,147,14
85,148,38
85,149,53
85,150,46
85,151,60
85,152,48
85,153,45
85,154,27
85,155,22
85,156,17
85,157,12
85,158,3
85,159,7
85,160,10
85,161,11
85,162,7
85,163,10
85,164,8
85,165,13
85,166,4
85,167,9
85,168,2
85,169,4
85,170,4
85,171,3
85,172,11
85,173,2
85,174,5
85,176,7
85,177,8
85,178,7
85,179,2
85,180,7
85,181,2
85,182,1
85,183,2
85,184,1
85,185,2
85,186,2
85,187,4
85,188,5
85,189,1
85,190,1
85,191,2
85,192,3
85,193,3
85,194,4
85,195,1
85,196,1
85,197,2
85,198,2
85,199,3
85,200,3
85,202,1
85,205,2
85,207,1
85,209,1
85,210,1
85,212,1
85,213,2
85,214,1
85,215,1
85,216,1
85,217,2
85,219,1
85,221,2
85,222,1
85,225,2
85,226,4
85,227,1
85,230,1
85,231,1
85,233,1
85,234,1
85,240,1
85,242,1
85,245,2
85,246,1
85,252,2
85,255,1
85,257,1
85,258,2
85,261,1
85,262,1
85,263,1
85,269,2
85,274,1
85,276,1
86,0,1
86,1,3
86,2,1
86,3,3
86,4,3
86,6,1
86,7,1
86,8,2
86,9,1
86,12,2
86,13,1
86,15,3
86,17,1
86,18,1
86,19,2
86,20,2
86,21,1
86,22,1
86,23,2
86,24,5
86,25,1
86,27,2
86,28,1
86,29,2
86,30,2
86,31,6
86,32,3
86,33,3
86,34,1
86,35,2
86,36,4
86,37,3
86,38,3
86,39,1
86,40,2
86,41,4
86,42,4
86,43,3
86,44,1
86,45,4
86,46,1
86,47,4
86,48,2
86,49,1
86,50,5
86,51,2
86,52,1
86,53,2
86,54,2
86,55,2
86,56,3
86,58,5
86,59,3
86,60,7
86,61,4
86,62,7
86,63,2
86,64,5
86,65,3
86,66,6
86,68,2
86,69,4
86,70,2
86,71,5
86,72,4
86,73,2
86,74,4
86,75,4
86,76,3
86,77,6
86,78,2
86,79,4
86,80,3
86,81,2
86,82,4
86,83,3
86,84,6
86,85,3
86,86,5
86,87,4
86,88,7
86,89,9
86,90,6
86,91,2
86,92,3
86,93,4
86,94,2
86,95,4
86,96,2
86,97,2
86,98,3
86,99,2
86,100,1
86,101,3
86,102,4
86,103,3
86,104,2
86,105,4
86,106,3
86,107,3
86,108,4
86,109,8
86,110,15
86,111,20
86,112,25
86,113,54
86,114,58
86,115,80
86,116,84
86,117,89
86,118,105
86,119,105
86,120,118
86,121,122
86,122,96
86,123,117
86,124,120
86,125,118
86,126,118
86,127,119
86,128,102
86,129,75
86,130,87
86,131,82
86,132,75
86,133,93
86,134,70
86,135,87
86,136,101
86,137,102
86,138,103
86,139,93
86,140,95
86,141,62
86,142,38
86,143,29
86,144,16
86,145,11
86,146,23
86,147,29
86,148,36
86,149,41
86,150,50
86,151,67
86,152,53
86,153,46
86,154,31
86,155,18
86,156,16
86,157,7
86,158,5
86,159,9
86,160,5
86,161,7
86,162,10
86,163,10
86,164,7
86,165,8
86,166,6
86,167,7
86,168,3
86,169,3
86,170,5
86,171,2
86,172,4
86,173,6
86,174,7
86,175,8
86,176,9
86,177,7
86,178,4
86,179,3
86,180,2
86,181,5
86,182,6
86,183,5
86,184,3
86,185,1
86,186,1
86,187,3
86,188,3
86,189,4
86,190,7
86,191,5
86,192,3
86,193,3
86,194,3
86,195,5
86,196,2
86,197,3
86,198,1
86,199,1
86,200,1
86,201,2
86,202,1
86,203,1
86,204,3
86,205,2
86,207,1
86,208,1
86,209,1
86,210,2
86,211,4
86,212,1
86,214,2
86,215,1
86,217,1
86,218,1
86,219,2
86,220,1
86,222,2
86,224,1
86,225,3
86,226,1
86,229,1
86,230,1
86,231,1
86,236,2
86,237,1
86,239,1
86,240,1
86,242,1
86,244,1
86,245,1
86,246,1
86,247,2
86,249,1
86,252,1
86,253,1
86,254,1
86,256,1
86,257,1
86,258,1
86,259,1
86,260,1
86,261,2
86,262,1
86,266,1
86,269,1
86,271,1
86,272,1
86,273,2
86,274,1
87,0,3
87,1,2
87,2,2
87,3,2
87,4,1
87,5,2
87,6,3
87,7,2
87,10,2
87,11,2
87,14,1
87,16,2
87,17,2
87,19,2
87,20,1
87,21,1
87,22,2
87,23,3
87,24,1
87,25,1
87,26,1
87,27,3
87,29,2
87,30,2
87,31,2
87,32,4
87,33,6
87,35,3
87,36,4
87,37,1
87,38,2
87,39,5
87,40,1
87,41,2
87,42,1
87,43,1
87,44,1
87,45,1
87,47,1
87,48,5
87,49,4
87,50,1
87,51,4
87,52,2
87,53,3
87,54,1
87,55,2
87,56,2
87,57,1
87,58,5
87,59,5
87,60,3
87,61,7
87,62,2
87,63,7
87,64,1
87,65,2
87,66,2
87,67,3
87,68,2
87,69,1
87,70,4
87,71,2
87,72,2
87,73,2
87,74,3
87,75,2
87,76,1
87,77,2
87,78,6
87,79,2
87,80,1
87,81,1
87,82,1
87,83,2
87,84,3
87,85,3
87,86,5
87,87,4
87,88,8
87,89,4
87,90,1
87,91,5
87,92,5
87,93,3
87,94,10
87,95,7
87,96,4
87,97,5
87,98,7
87,99,1
87,100,3
87,101,5
87,102,1
87,103,5
87,104,4
87,105,6
87,106,3
87,107,5
87,108,5
87,109,8
87,110,6
87,111,20
87,112,32
87,113,50
87,114,43
87,115,84
87,116,85
87,117,96
87,118,96
87,119,131
87,120,133
87,121,107
87,122,110
87,123,113
87,124,125
87,125,112
87,126,133
87,127,120
87,128,141
87,129,100
87,130,96
87,131,77
87,132,86
87,133,78
87,134,85
87,135,85
87,136,88
87,137,105
87,138,120
87,139,122
87,140,90
87,141,69
87,142,53
87,143,39
87,144,22
87,145,10
87,146,17
87,147,30
87,148,30
87,149,45
87,150,51
87,151,61
87,152,55
87,153,34
87,154,38
87,155,29
87,156,21
87,157,6
87,158,5
87,159,8
87,160,7
87,161,12
87,162,14
87,163,10
87,164,14
87,165,4
87,166,8
87,167,8
87,168,4
87,169,3
87,170,5
87,171,6
87,172,5
87,173,4
87,174,3
87,175,6
87,176,4
87,177,4
87,178,8
87,179,4
87,180,4
87,181,3
87,182,1
87,183,2
87,184,2
87,185,2
87,186,3
87,187,3
87,188,2
87,189,3
87,190,6
87,191,5
87,192,5
87,193,3
87,194,2
87,195,5
87,196,3
87,197,3
87,198,2
87,199,2
87,200,1
87,202,2
87,203,3
87,204,1
87,205,5
87,206,3
87,207,1
87,208,1
87,209,1
87,210,1
87,212,1
87,214,1
87,216,2
87,218,1
87,219,1
87,220,2
87,221,3
87,222,2
87,226,1
87,227,1
87,228,1
87,229,1
87,231,1
87,232,2
87,234,1
87,236,1
87,242,2
87,244,2
87,245,1
87,248,1
87,252,2
87,256,1
87,257,2
87,259,1
87,264,1
87,266,1
87,268,2
87,271,1
87,272,1
87,273,1
87,276,2
88,1,3
88,2,1
88,3,1
88,4,2
88,5,1
88,7,1
88,8,3
88,10,1
88,12,3
88,13,2
88,15,2
88,16,1
88,17,3
88,18,1
88,19,1
88,22,1
88,23,1
88,24,1
88,26,2
88,27,1
88,28,2
88,30,3
88,31,5
88,32,2
88,33,2
88,34,3
88,35,2
88,36,2
88,37,2
88,39,6
88,41,3
88,42,2
88,43,2
88,44,3
88,45,3
88,46,1
88,47,2
88,48,2
88,49,3
88,50,2
88,52,3
88,53,2
88,54,2
88,56,4
88,57,2
88,58,3
88,59,5
88,60,3
88,61,5
88,62,5
88,63,3
88,66,3
88,67,5
88,68,2
88,69,4
88,70,1
88,71,3
88,72,4
88,73,4
88,74,2
88,75,3
88,76,4
88,77,3
88,78,2
88,79,2
88,80,4
88,81,1
88,82,1
88,83,4
88,84,4
88,85,9
88,86,7
88,87,9
88,88,6
88,89,7
88,90,7
88,91,3
88,92,7
88,93,3
88,94,3
88,95,5
88,96,8
88,97,7
88,98,5
88,99,1
88,100,6
88,101,5
88,102,4
88,103,7
88,104,11
88,105,3
88,106,6
88,107,8
88,108,7
88,109,15
88,110,12
88,111,12
88,112,29
88,113,54
88,114,62
88,115,79
88,116,94
88,117,111
88,118,113
88,119,88
88,120,119
88,121,106
88,122,130
88,123,150
88,124,122
88,125,140
88,126,137
88,127,113
88,128,111
88,129,101
88,130,90
88,131,80
88,132,74
88,133,72
88,134,77
88,135,69
88,136,102
88,137,131
88,138,113
88,139,133
88,140,96
88,141,83
88,142,48
88,143,49
88,144,23
88,145,17
88,146,13
88,147,24
88,148,36
88,149,42
88,150,63
88,151,65
88,152,64
88,153,41
88,154,30
88,155,33
88,156,16
88,157,7
88,158,6
88,159,6
88,160,12
88,161,6
88,162,8
88,163,10
88,164,11
88,165,8
88,166,7
88,167,5
88,168,2
88,169,1
88,170,7
88,171,2
88,172,5
88,173,5
88,174,4
88,175,6
88,176,2
88,177,6
88,178,7
88,179,6
88,180,6
88,181,8
88,182,5
88,183,5
88,184,4
88,185,5
88,186,5
88,187,1
88,188,6
88,189,4
88,190,5
88,191,2
88,192,2
88,194,3
88,195,6
88,196,3
88,197,2
88,199,2
88,200,2
88,202,1
88,204,2
88,205,4
88,206,3
88,208,2
88,209,2
88,211,1
88,212,1
88,214,4
88,215,1
88,217,2
88,218,2
88,219,3
88,220,1
88,221,1
88,222,2
88,224,3
88,226,3
88,227,2
88,230,2
88,231,1
88,232,2
88,233,1
88,236,3
88,238,1
88,240,1
88,241,1
88,242,1
88,244,1
88,246,1
88,248,1
88,255,1
88,256,1
88,259,1
88,265,1
88,271,3
88,273,3
88,274,1
88,276,1
89,0,1
89,2,2
89,3,1
89,4,1
89,5,1
89,6,2
89,7,2
89,8,5
89,9,3
89,11,4
89,12,2
89,13,2
89,14,1
89,16,2
89,17,1
89,18,5
89,19,1
89,20,4
89,21,1
89,22,2
89,23,1
89,24,2
89,25,4
89,26,2
89,27,2
89,28,3
89,29,2
89,30,2
89,31,2
89,32,4
89,34,2
89,35,2
89,36,4
89,37,4
89,38,2
89,40,2
89,41,6
89,42,3
89,43,1
89,44,2
89,45,1
89,46,2
89,47,3
89,48,2
89,49,3
89,50,1
89,51,5
89,52,4
89,53,2
89,54,5
89,55,1
89,56,1
89,57,5
89,58,4
89,59,4
89,60,4
89,61,1
89,62,1
89,63,7
89,64,2
89,65,3
89,66,3
89,67,3
89,68,1
89,70,1
89,71,2
89,72,3
89,73,1
89,74,1
89,75,2
89,76,1
89,77,4
89,78,3
89,79,1
89,80,1
89,81,3
89,82,1
89,83,4
89,84,6
89,85,6
89,86,6
89,87,4
89,88,4
89,89,6
89,90,5
89,91,5
89,92,2
89,93,4
89,94,3
89,95,5
89,96,9
89,97,3
89,98,10
89,99,3
89,100,5
89,101,3
89,102,5
89,103,1
89,104,9
89,105,6
89,106,8
89,107,7
89,108,4
89,109,9
89,110,13
89,111,18
89,112,29
89,113,51
89,114,50
89,115,81
89,116,95
89,117,105
89,118,108
89,119,96
89,120,101
89,121,113
89,122,127
89,123,115
89,124,122
89,125,169
89,126,147
89,127,134
89,128,121
89,129,115
89,130,97
89,131,96
89,132,75
89,133,65
89,134,60
89,135,83
89,136,102
89,137,111
89,138,112
89,139,99
89,140,99
89,141,74
89,142,55
89,143,36
89,144,23
89,145,18
89,146,20
89,147,34
89,148,43
89,149,39
89,150,57
89,151,67
89,152,65
89,153,51
89,154,31
89,155,23
89,156,24
89,157,13
89,158,10
89,159,10
89,160,8
89,161,13
89,162,13
89,163,14
89,164,11
89,165,9
89,166,2
89,167,5
89,168,7
89,169,5
89,170,4
89,171,5
89,172,4
89,173,6
89,174,3
89,175,6
89,176,1
89,177,1
89,178,3
89,179,5
89,180,5
89,181,4
89,182,6
89,183,2
89,184,2
89,185,1
89,186,1
89,187,3
89,188,6
89,189,8
89,190,4
89,191,7
89,192,1
89,193,5
89,194,3
89,195,5
89,196,4
89,197,1
89,198,5
89,201,3
89,203,1
89,204,1
89,205,3
89,206,3
89,207,1
89,210,2
89,211,2
89,212,1
89,213,2
89,214,3
89,215,1
89,217,1
89,218,1
89,219,1
89,220,2
89,221,2
89,225,1
89,226,2
89,227,1
89,228,1
89,230,1
89,231,1
89,232,1
89,233,2
89,234,3
89,243,1
89,249,1
89,250,1
89,252,1
89,253,1
89,256,1
89,257,2
89,258,1
89,259,3
89,261,1
89,265,1
89,275,1
90,0,1
90,3,2
90,4,2
90,7,2
90,8,1
90,10,1
90,11,1
90,14,3
90,15,1
90,17,3
90,18,1
90,19,2
90,20,1
90,21,4
90,23,2
90,24,1
90,25,6
90,26,6
90,27,1
90,28,3
90,29,1
90,30,1
90,31,3
90,32,6
90,33,6
90,34,3
90,35,1
90,36,3
90,37,4
90,39,6
90,40,3
90,41,1
90,42,3
90,43,2
90,44,1
90,45,2
90,46,1
90,48,3
90,49,4
90,50,1
90,51,1
90,52,2
90,54,2
90,55,5
90,56,4
90,57,4
90,58,3
90,59,3
90,60,5
90,61,1
90,62,2
90,63,5
90,64,4
90,65,1
90,66,6
90,67,3
90,68,6
90,69,3
90,70,1
90,71,5
90,72,5
90,73,2
90,74,4
90,76,2
90,77,5
90,78,5
90,80,5
90,82,2
90,83,3
90,84,1
90,85,6
90,86,6
90,87,8
90,88,2
90,89,6
90,90,3
90,91,4
90,92,5
90,93,3
90,94,2
90,95,8
90,96,2
90,97,3
90,98,4
90,99,2
90,100,11
90,101,2
90,102,2
90,103,3
90,104,4
90,105,1
90,106,6
90,107,4
90,108,6
90,109,11
90,110,14
90,111,22
90,112,35
90,113,45
90,114,67
90,115,72
90,116,93
90,117,124
90,118,98
90,119,124
90,120,108
90,121,112
90,122,129
90,123,113
90,124,129
90,125,133
90,126,124
90,127,151
90,128,130
90,129,114
90,130,108
90,131,98
90,132,76
90,133,67
90,134,69
90,135,92
90,136,105
90,137,102
90,138,135
90,139,95
90,140,75
90,141,78
90,142,64
90,143,43
90,144,13
90,145,28
90,146,17
90,147,31
90,148,38
90,149,57
90,150,78
90,151,75
90,152,63
90,153,60
90,154,47
90,155,21
90,156,17
90,157,12
90,158,6
90,159,13
90,160,8
90,161,11
90,162,7
90,163,9
90,164,12
90,165,12
90,166,15
90,167,6
90,168,10
90,169,3
90,170,6
90,171,6
90,172,2
90,173,3
90,174,4
90,175,4
90,176,5
90,177,3
90,178,5
90,179,4
90,180,7
90,181,1
90,182,1
90,183,4
90,184,4
90,185,2
90,186,5
90,187,4
90,188,7
90,189,6
90,191,5
90,192,5
90,193,9
90,194,5
90,195,4
90,196,3
90,197,2
90,198,3
90,199,2
90,200,3
90,201,2
90,202,2
90,203,5
90,204,3
90,206,2
90,207,1
90,208,2
90,209,2
90,210,1
90,211,1
90,212,2
90,213,3
90,214,1
90,215,1
90,216,1
90,217,4
90,218,1
90,219,6
90,220,2
90,221,1
90,222,1
90,223,1
90,224,1
90,225,3
90,226,1
90,228,2
90,230,2
90,231,2
90,234,1
90,237,1
90,244,1
90,245,1
90,248,1
90,253,3
90,255,2
90,256,1
90,257,4
90,259,1
90,262,1
90,265,1
90,268,2
90,269,1
90,272,1
91,0,2
91,1,1
91,3,2
91,5,2
91,6,1
91,7,4
91,8,3
91,9,3
91,10,3
91,11,2
91,12,3
91,13,1
91,14,3
91,15,2
91,16,2
91,17,2
91,18,2
91,20,2
91,21,1
91,23,1
91,24,3
91,25,4
91,27,2
91,28,2
91,29,1
91,30,1
91,31,2
91,32,2
91,33,1
91,34,5
91,35,1
91,36,2
91,37,1
91,38,5
91,39,3
91,40,5
91,41,7
91,42,2
91,43,3
91,44,1
91,45,1
91,46,1
91,47,1
91,48,1
91,49,7
91,50,1
91,51,4
91,52,4
91,54,1
91,55,2
91,56,1
91,57,4
91,58,3
91,59,5
91,60,2
91,61,3
91,62,6
91,63,1
91,64,3
91,65,2
91,66,1
91,67,2
91,68,6
91,69,2
91,70,5
91,71,3
91,72,2
91,74,5
91,75,4
91,76,5
91,77,5
91,78,5
91,79,1
91,80,6
91,81,2
91,82,7
91,83,5
91,84,4
91,85,8
91,86,8
91,87,15
91,88,14
91,89,7
91,90,5
91,91,4
91,92,6
91,94,2
91,95,7
91,96,8
91,97,2
91,98,9
91,99,3
91,100,5
91,101,2
91,102,5
91,103,5
91,104,4
91,105,3
91,106,7
91,107,9
91,108,4
91,109,9
91,110,13
91,111,21
91,112,41
91,113,42
91,114,54
91,115,76
91,116,91
91,117,116
91,118,110
91,119,116
91,120,113
91,121,128
91,122,116
91,123,110
91,124,137
91,125,118
91,126,150
91,127,140
91,128,127
91,129,106
91,130,96
91,131,81
91,132,55
91,133,62
91,134,91
91,135,84
91,136,97
91,137,123
91,138,147
91,139,96
91,140,100
91,141,88
91,142,57
91,143,35
91,144,35
91,145,17
91,146,21
91,147,36
91,148,38
91,149,57
91,150,59
91,151,74
91,152,60
91,153,50
91,154,52
91,155,25
91,156,22
91,157,11
91,158,7
91,159,6
91,160,19
91,161,11
91,162,19
91,163,12
91,164,11
91,165,10
91,166,7
91,167,4
91,168,4
91,169,4
91,170,2
91,171,5
91,172,3
91,173,2
91,174,6
91,175,8
91,176,5
91,177,8
91,178,4
91,179,1
91,180,6
91,181,5
91,183,2
91,184,4
91,185,2
91,186,7
91,187,7
91,188,7
91,189,7
91,190,8
91,191,6
91,192,3
91,193,5
91,194,5
91,195,3
91,196,2
91,198,2
91,199,1
91,200,1
91,201,1
91,202,1
91,203,1
91,204,3
91,205,1
91,207,7
91,208,1
91,209,1
91,210,2
91,211,3
91,212,2
91,213,2
91,215,1
91,216,2
91,217,2
91,218,3
91,220,2
91,221,3
91,222,1
91,224,1
91,225,1
91,226,1
91,229,1
91,230,2
91,232,1
91,235,2
91,238,3
91,239,1
91,241,2
91,243,5
91,244,1
91,247,2
91,248,1
91,251,1
91,252,2
91,253,2
91,255,1
91,256,1
91,257,1
91,258,1
91,259,2
91,260,1
91,262,1
91,263,1
91,264,2
91,272,1
91,273,1
91,274,2
91,276,1
92,0,4
92,1,1
92,2,1
92,4,2
92,5,1
92,6,1
92,7,2
92,8,1
92,10,3
92,11,1
92,12,1
92,13,3
92,14,1
92,15,1
92,16,2
92,17,5
92,18,1
92,19,3
92,20,2
92,21,2
92,23,2
92,24,6
92,25,2
92,26,2
92,27,2
92,29,2
92,30,2
92,31,4
92,32,1
92,33,2
92,34,1
92,35,2
92,36,3
92,37,1
92,38,3
92,39,2
92,40,2
92,41,2
92,42,1
92,43,4
92,44,2
92,45,5
92,46,2
92,47,3
92,48,4
92,49,6
92,50,1
92,51,1
92,52,4
92,53,1
92,54,6
92,55,6
92,56,4
92,57,3
92,58,12
92,59,6
92,60,6
92,61,2
92,62,5
92,63,4
92,64,3
92,65,4
92,66,6
92,67,3
92,69,4
92,70,3
92,71,1
92,72,2
92,74,3
92,75,2
92,76,6
92,77,6
92,78,2
92,79,2
92,80,4
92,81,5
92,82,5
92,83,5
92,84,4
92,85,5
92,86,4
92,87,10
92,88,3
92,89,7
92,90,6
92,91,8
92,92,4
92,93,3
92,94,5
92,95,5
92,96,4
92,97,12
92,98,8
92,99,11
92,100,5
92,101,6
92,103,5
92,104,2
92,105,1
92,106,5
92,107,4
92,108,5
92,109,15
92,110,13
92,111,25
92,112,31
92,113,50
92,114,89
92,115,84
92,116,95
92,117,114
92,118,108
92,119,124
92,120,114
92,121,117
92,122,119
92,123,136
92,124,152
92,125,134
92,126,144
92,127,144
92,128,145
92,129,100
92,130,99
92,131,88
92,132,65
92,133,72
92,134,76
92,135,106
92,136,114
92,137,120
92,138,116
92,139,108
92,140,123
92,141,68
92,142,60
92,143,45
92,144,35
92,145,26
92,146,14
92,147,24
92,148,30
92,149,57
92,150,63
92,151,76
92,152,69
92,153,60
92,154,49
92,155,45
92,156,16
92,157,16
92,158,8
92,159,11
92,160,14
92,161,11
92,162,21
92,163,12
92,164,15
92,165,7
92,166,6
92,167,9
92,168,5
92,169,2
92,170,4
92,171,5
92,172,7
92,173,4
92,174,6
92,175,6
92,176,5
92,177,2
92,178,5
92,179,4
92,180,4
92,181,6
92,182,2
92,183,4
92,184,2
92,185,4
92,186,2
92,187,4
92,188,3
92,189,7
92,190,4
92,191,9
92,192,1
92,193,6
92,194,3
92,195,5
92,196,3
92,197,4
92,198,2
92,199,2
92,200,4
92,201,3
92,202,1
92,203,3
92,204,5
92,205,1
92,206,1
92,207,4
92,208,2
92,210,1
92,212,3
92,214,4
92,215,4
92,216,1
92,217,2
92,218,2
92,219,4
92,220,3
92,221,3
92,224,2
92,226,1
92,227,1
92,228,1
92,229,2
92,230,1
92,231,3
92,233,1
92,234,1
92,235,1
92,238,1
92,239,1
92,240,1
92,241,1
92,243,3
92,247,2
92,248,2
92,250,1
92,255,2
92,256,1
92,258,1
92,260,2
92,261,1
92,266,1
92,273,2
92,274,1
92,275,1
93,0,1
93,2,1
93,3,3
93,4,1
93,5,1
93,6,5
93,7,1
93,8,2
93,9,2
93,10,1
93,11,3
93,12,3
93,13,3
93,14,3
93,15,1
93,16,1
93,17,1
93,18,2
93,20,2
93,21,5
93,22,2
93,23,3
93,24,3
93,25,4
93,26,2
93,27,1
93,28,3
93,29,2
93,30,2
93,31,3
93,32,4
93,33,2
93,34,1
93,35,2
93,36,2
93,37,4
93,38,1
93,39,5
93,40,5
93,41,2
93,42,2
93,43,3
93,44,3
93,45,2
93,46,2
93,47,1
93,48,2
93,49,1
93,50,1
93,51,2
93,52,2
93,53,2
93,54,2
93,55,3
93,56,6
93,57,2
93,58,3
93,59,5
93,60,4
93,61,1
93,62,1
93,63,4
93,64,2
93,65,3
93,66,4
93,67,5
93,68,3
93,69,5
93,70,3
93,71,2
93,72,2
93,74,3
93,75,2
93,76,4
93,77,4
93,78,5
93,79,4
93,80,5
93,81,3
93,82,2
93,83,6
93,84,7
93,85,4
93,86,8
93,87,11
93,88,2
93,89,3
93,90,6
93,91,1
93,92,6
93,93,5
93,94,3
93,95,5
93,96,9
93,97,3
93,98,4
93,99,5
93,100,5
93,101,5
93,102,3
93,103,4
93,104,5
93,105,5
93,106,9
93,107,3
93,108,3
93,109,7
93,110,11
93,111,23
93,112,36
93,113,62
93,114,70
93,115,87
93,116,90
93,117,130
93,118,111
93,119,132
93,120,130
93,121,129
93,122,107
93,123,136
93,124,146
93,125,130
93,126,146
93,127,142
93,128,129
93,129,113
93,130,89
93,131,91
93,132,88
93,133,77
93,134,89
93,135,94
93,136,109
93,137,119
93,138,125
93,139,109
93,140,108
93,141,83
93,142,66
93,143,43
93,144,28
93,145,13
93,146,20
93,147,20
93,148,35
93,149,63
93,150,66
93,151,73
93,152,73
93,153,73
93,154,59
93,155,30
93,156,19
93,157,13
93,158,6
93,159,6
93,160,6
93,161,11
93,162,12
93,163,16
93,164,13
93,165,7
93,166,8
93,167,6
93,168,6
93,169,4
93,170,6
93,171,6
93,172,1
93,173,1
93,174,5
93,175,5
93,176,1
93,177,4
93,178,5
93,179,8
93,180,1
93,181,7
93,183,1
93,184,2
93,185,1
93,186,2
93,187,2
93,188,6
93,189,3
93,190,6
93,191,1
93,192,5
93,193,5
93,194,3
93,195,1
93,196,4
93,197,1
93,198,3
93,199,2
93,200,1
93,201,1
93,202,2
93,203,2
93,204,2
93,205,2
93,206,2
93,209,1
93,211,1
93,214,3
93,215,2
93,216,1
93,217,3
93,218,2
93,219,4
93,220,1
93,221,3
93,222,1
93,223,2
93,224,3
93,225,1
93,226,4
93,227,1
93,230,1
93,232,1
93,235,2
93,238,2
93,239,1
93,240,1
93,243,1
93,244,1
93,245,1
93,247,1
93,252,2
93,256,1
93,260,1
93,262,1
93,265,1
93,266,1
93,268,1
93,274,1
93,275,3
93,276,2
94,1,6
94,2,1
94,3,1
94,4,2
94,5,1
94,6,2
94,7,1
94,8,3
94,9,4
94,10,1
94,11,1
94,12,1
94,13,1
94,14,2
94,15,3
94,16,2
94,18,1
94,20,1
94,21,2
94,22,7
94,24,3
94,25,2
94,26,2
94,27,3
94,29,2
94,30,3
94,31,4
94,32,6
94,33,4
94,34,2
94,35,6
94,36,4
94,38,6
94,39,3
94,40,2
94,41,4
94,42,2
94,43,1
94,44,1
94,47,1
94,49,4
94,50,2
94,51,3
94,53,5
94,54,1
94,55,3
94,56,2
94,57,6
94,58,1
94,59,8
94,60,4
94,61,9
94,62,1
94,63,6
94,64,3
94,65,7
94,66,3
94,67,1
94,68,3
94,69,6
94,70,3
94,71,2
94,72,5
94,73,8
94,74,4
94,75,7
94,76,2
94,77,4
94,78,4
94,79,5
94,80,4
94,81,2
94,82,3
94,83,9
94,84,8
94,85,7
94,86,7
94,87,13
94,88,9
94,89,11
94,90,10
94,91,6
94,92,1
94,93,6
94,94,2
94,95,7
94,96,9
94,97,5
94,98,6
94,99,6
94,100,4
94,101,2
94,102,10
94,103,3
94,104,4
94,105,5
94,106,7
94,107,6
94,108,8
94,109,16
94,110,11
94,111,14
94,112,28
94,113,45
94,114,73
94,115,100
94,116,109
94,117,103
94,118,135
94,119,124
94,120,111
94,121,113
94,122,145
94,123,128
94,124,137
94,125,158
94,126,151
94,127,138
94,128,121
94,129,102
94,130,83
94,131,83
94,132,68
94,133,72
94,134,91
94,135,93
94,136,97
94,137,138
94,138,140
94,139,133
94,140,125
94,141,110
94,142,69
94,143,46
94,144,26
94,145,18
94,146,21
94,147,37
94,148,55
94,149,59
94,150,65
94,151,97
94,152,80
94,153,65
94,154,50
94,155,42
94,156,24
94,157,11
94,158,10
94,159,9
94,160,12
94,161,12
94,162,17
94,163,13
94,164,13
94,165,11
94,166,11
94,167,10
94,168,4
94,169,5
94,170,4
94,171,3
94,172,7
94,173,2
94,174,5
94,175,8
94,176,12
94,177,6
94,178,4
94,179,3
94,180,6
94,181,4
94,182,5
94,183,3
94,184,3
94,185,4
94,186,8
94,187,7
94,188,4
94,189,6
94,190,4
94,191,6
94,192,2
94,193,4
94,194,1
94,196,2
94,197,4
94,198,4
94,199,2
94,200,2
94,201,2
94,202,1
94,204,2
94,205,4
94,207,1
94,208,2
94,209,1
94,210,4
94,211,2
94,212,3
94,213,2
94,214,3
94,216,2
94,217,3
94,218,1
94,219,3
94,220,2
94,221,1
94,222,1
94,225,1
94,226,1
94,227,2
94,228,1
94,229,3
94,231,1
94,232,1
94,233,1
94,235,1
94,236,2
94,239,1
94,241,2
94,242,2
94,243,2
94,244,2
94,245,2
94,249,2
94,251,2
94,252,1
94,253,1
94,254,1
94,256,1
94,257,4
94,260,1
94,261,1
94,262,1
94,264,1
94,266,1
94,271,2
94,272,1
94,273,1
95,0,2
95,1,4
95,2,3
95,3,2
95,4,3
95,5,2
95,6,2
95,7,1
95,8,2
95,9,1
95,10,1
95,11,2
95,12,1
95,13,1
95,14,2
95,15,1
95,16,2
95,17,2
95,18,1
95,20,3
95,21,4
95,22,1
95,23,5
95,24,3
95,25,1
95,26,1
95,27,6
95,28,4
95,29,1
95,30,3
95,31,3
95,32,1
95,33,5
95,34,3
95,35,1
95,36,2
95,37,5
95,38,6
95,39,1
95,40,6
95,41,4
95,42,5
95,43,4
95,44,1
95,45,2
95,46,2
95,48,4
95,49,4
95,50,3
95,51,3
95,52,1
95,53,5
95,54,7
95,55,5
95,56,1
95,57,6
95,58,3
95,59,9
95,60,6
95,61,3
95,62,7
95,63,7
95,64,5
95,65,2
95,66,2
95,67,5
95,68,6
95,69,4
95,70,2
95,72,1
95,73,2
95,74,3
95,75,7
95,76,6
95,77,6
95,78,1
95,79,3
95,80,1
95,81,6
95,82,1
95,83,3
95,84,2
95,85,5
95,86,9
95,87,9
95,88,10
95,89,5
95,90,6
95,91,4
95,92,1
95,93,4
95,94,4
95,95,11
95,96,4
95,97,6
95,98,9
95,99,4
95,100,2
95,101,6
95,102,2
95,103,2
95,104,4
95,105,2
95,106,3
95,107,8
95,108,2
95,109,14
95,110,16
95,111,29
95,112,28
95,113,59
95,114,67
95,115,93
95,116,100
95,117,105
95,118,136
95,119,125
95,120,101
95,121,101
95,122,141
95,123,132
95,124,147
95,125,149
95,126,154
95,127,133
95,128,143
95,129,96
95,130,120
95,131,88
95,132,71
95,133,63
95,134,85
95,135,83
95,136,95
95,137,126
95,138,118
95,139,145
95,140,131
95,141,93
95,142,68
95,143,39
95,144,31
95,145,18
95,146,18
95,147,29
95,148,56
95,149,61
95,150,91
95,151,81
95,152,91
95,153,56
95,154,58
95,155,33
95,156,24
95,157,5
95,158,7
95,159,16
95,160,14
95,161,13
95,162,18
95,163,11
95,164,18
95,165,12
95,166,7
95,167,4
95,168,5
95,169,5
95,170,1
95,171,6
95,172,4
95,173,9
95,174,6
95,175,10
95,176,4
95,177,10
95,178,6
95,179,8
95,180,6
95,181,4
95,182,4
95,183,1
95,184,2
95,185,2
95,186,7
95,187,8
95,188,6
95,189,10
95,190,4
95,191,8
95,192,1
95,193,1
95,194,4
95,195,2
95,196,2
95,197,5
95,198,6
95,199,2
95,200,1
95,202,1
95,203,2
95,204,3
95,205,1
95,206,2
95,208,1
95,209,1
95,210,2
95,211,2
95,213,1
95,214,1
95,215,2
95,216,3
95,217,2
95,218,1
95,219,1
95,220,2
95,221,3
95,222,1
95,223,2
95,224,1
95,225,6
95,227,1
95,228,2
95,230,4
95,232,1
95,235,2
95,238,2
95,239,2
95,240,1
95,241,1
95,244,1
95,245,1
95,247,1
95,249,1
95,250,1
95,251,1
95,254,1
95,255,3
95,256,3
95,257,2
95,260,2
95,261,1
95,263,1
95,266,1
95,268,1
95,270,2
95,271,1
95,273,1
95,276,2
96,0,3
96,1,1
96,2,3
96,3,3
96,4,4
96,5,1
96,6,2
96,7,3
96,8,3
96,9,2
96,10,4
96,11,3
96,12,1
96,13,1
96,14,2
96,15,2
96,16,5
96,17,2
96,19,2
96,20,2
96,21,4
96,22,2
96,23,2
96,24,3
96,25,2
96,26,2
96,28,3
96,30,5
96,31,5
96,32,2
96,33,2
96,34,4
96,35,2
96,36,1
96,37,3
96,38,3
96,39,3
96,40,3
96,41,3
96,42,5
96,43,1
96,45,3
96,46,4
96,47,1
96,49,3
96,50,3
96,51,2
96,52,2
96,53,2
96,54,3
96,55,4
96,56,1
96,57,2
96,58,3
96,59,6
96,60,5
96,61,8
96,62,7
96,63,7
96,64,3
96,65,3
96,66,4
96,67,2
96,68,6
96,69,6
96,70,2
96,71,6
96,72,2
96,73,3
96,74,1
96,75,4
96,76,4
96,77,3
96,78,5
96,79,2
96,80,3
96,81,1
96,82,2
96,83,3
96,84,3
96,85,4
96,86,9
96,87,15
96,88,5
96,89,2
96,90,7
96,91,3
96,92,3
96,93,4
96,94,6
96,95,11
96,96,4
96,97,5
96,98,5
96,99,7
96,100,5
96,101,4
96,102,4
96,103,6
96,104,5
96,105,6
96,106,2
96,107,6
96,108,5
96,109,7
96,110,21
96,111,19
96,112,25
96,113,36
96,114,60
96,115,101
96,116,107
96,117,104
96,118,122
96,119,130
96,120,118
96,121,125
96,122,144
96,123,120
96,124,118
96,125,153
96,126,152
96,127,147
96,128,115
96,129,108
96,130,97
96,131,85
96,132,75
96,133,58
96,134,97
96,135,87
96,136,98
96,137,123
96,138,137
96,139,149
96,140,120
96,141,109
96,142,69
96,143,52
96,144,34
96,145,27
96,146,24
96,147,34
96,148,50
96,149,66
96,150,86
96,151,96
96,152,65
96,153,65
96,154,48
96,155,29
96,156,25
96,157,10
96,158,11
96,159,16
96,160,11
96,161,14
96,162,12
96,163,11
96,164,11
96,165,6
96,166,7
96,167,5
96,168,6
96,169,3
96,170,4
96,171,7
96,172,5
96,173,8
96,174,2
96,175,9
96,176,3
96,177,9
96,178,5
96,179,9
96,180,6
96,181,6
96,182,6
96,183,4
96,184,2
96,185,4
96,186,3
96,187,4
96,188,3
96,189,2
96,190,4
96,191,6
96,192,6
96,193,3
96,194,2
96,195,4
96,196,2
96,197,5
96,198,1
96,199,2
96,200,3
96,201,3
96,202,3
96,204,3
96,205,2
96,206,6
96,207,1
96,208,1
96,209,4
96,210,2
96,211,1
96,212,2
96,213,3
96,214,2
96,215,3
96,216,1
96,217,1
96,218,3
96,220,3
96,221,4
96,222,2
96,223,2
96,225,1
96,226,1
96,227,1
96,229,2
96,231,2
96,232,2
96,233,1
96,235,1
96,241,1
96,242,1
96,246,1
96,248,1
96,249,1
96,250,2
96,251,2
96,254,1
96,255,4
96,256,2
96,259,1
96,265,1
96,266,1
96,272,1
96,275,2
96,276,2
97,0,2
97,1,2
97,2,1
97,3,1
97,4,3
97,5,2
97,6,6
97,7,4
97,8,4
97,10,1
97,11,1
97,13,3
97,14,3
97,15,2
97,16,2
97,17,5
97,18,2
97,19,3
97,20,3
97,21,3
97,22,6
97,23,5
97,24,6
97,25,3
97,26,3
97,27,1
97,29,4
97,30,3
97,31,3
97,32,2
97,33,2
97,34,4
97,35,4
97,36,3
97,37,4
97,38,2
97,39,3
97,40,6
97,41,6
97,42,3
97,43,1
97,44,3
97,45,4
97,46,4
97,47,4
97,48,3
97,49,1
97,50,4
97,51,6
97,52,1
97,53,6
97,54,5
97,55,2
97,56,4
97,57,1
97,58,6
97,59,4
97,60,9
97,61,3
97,62,2
97,63,7
97,64,4
97,65,7
97,66,4
97,67,7
97,68,5
97,69,9
97,70,6
97,71,5
97,72,4
97,73,6
97,74,4
97,75,2
97,76,5
97,77,2
97,78,3
97,79,1
97,80,3
97,81,1
97,82,6
97,83,2
97,84,6
97,85,11
97,86,7
97,87,7
97,88,7
97,89,7
97,90,7
97,91,6
97,92,4
97,93,5
97,94,6
97,95,13
97,96,7
97,97,4
97,98,11
97,99,4
97,100,7
97,101,5
97,102,3
97,103,2
97,104,2
97,105,7
97,106,8
97,107,4
97,108,11
97,109,11
97,110,16
97,111,25
97,112,31
97,113,42
97,114,69
97,115,72
97,116,111
97,117,114
97,118,141
97,119,132
97,120,138
97,121,108
97,122,127
97,123,135
97,124,127
97,125,161
97,126,133
97,127,151
97,128,150
97,129,126
97,130,106
97,131,76
97,132,59
97,133,78
97,134,76
97,135,88
97,136,107
97,137,155
97,138,148
97,139,163
97,140,119
97,141,108
97,142,73
97,143,48
97,144,32
97,145,19
97,146,24
97,147,20
97,148,56
97,149,52
97,150,91
97,151,94
97,152,84
97,153,83
97,154,64
97,155,38
97,156,30
97,157,12
97,158,12
97,159,7
97,160,10
97,161,10
97,162,10
97,163,23
97,164,12
97,165,9
97,166,8
97,167,10
97,168,8
97,169,3
97,170,9
97,171,6
97,172,7
97,173,5
97,174,5
97,175,10
97,176,10
97,177,9
97,178,5
97,179,5
97,180,9
97,181,2
97,182,4
97,183,2
97,184,2
97,185,4
97,186,7
97,187,7
97,188,7
97,189,5
97,190,5
97,191,5
97,192,4
97,193,4
97,194,4
97,195,3
97,196,2
97,197,4
97,198,3
97,199,1
97,200,1
97,201,1
97,203,2
97,204,4
97,205,1
97,206,2
97,207,3
97,208,2
97,209,2
97,210,4
97,211,2
97,212,1
97,214,1
97,215,2
97,216,3
97,217,1
97,218,4
97,219,1
97,222,2
97,224,1
97,225,1
97,226,1
97,227,1
97,230,2
97,231,1
97,233,2
97,234,1
97,235,1
97,236,2
97,239,1
97,241,1
97,242,1
97,246,1
97,247,4
97,248,1
97,251,1
97,254,1
97,256,3
97,257,1
97,259,3
97,261,1
97,263,1
97,272,2
97,275,1
97,276,1
98,0,2
98,1,2
98,2,1
98,3,1
98,4,2
98,5,5
98,6,5
98,7,2
98,8,2
98,10,2
98,11,3
98,12,3
98,13,8
98,14,2
98,15,2
98,16,1
98,17,3
98,18,2
98,19,4
98,20,1
98,21,3
98,22,3
98,23,2
98,24,1
98,25,2
98,26,2
98,27,3
98,29,1
98,30,3
98,31,3
98,32,4
98,33,3
98,34,3
98,35,6
98,37,5
98,38,2
98,39,5
98,40,3
98,41,4
98,42,3
98,43,1
98,44,4
98,45,1
98,46,5
98,47,3
98,48,1
98,49,4
98,50,8
98,51,3
98,52,3
98,53,4
98,54,1
98,55,3
98,56,2
98,57,4
98,58,4
98,59,5
98,60,4
98,61,7
98,62,2
98,63,7
98,64,2
98,65,4
98,66,3
98,67,5
98,68,8
98,69,5
98,70,6
98,71,3
98,72,4
98,73,3
98,74,2
98,75,2
98,76,4
98,77,5
98,78,7
98,79,8
98,80,2
98,81,4
98,82,4
98,83,2
98,84,4
98,85,9
98,86,7
98,87,12
98,88,6
98,89,10
98,90,8
98,91,7
98,92,2
98,93,9
98,94,3
98,95,9
98,96,3
98,97,8
98,98,1
98,99,5
98,100,6
98,101,4
98,102,3
98,103,10
98,104,4
98,105,3
98,106,5
98,107,8
98,108,5
98,109,8
98,110,18
98,111,25
98,112,28
98,113,40
98,114,67
98,115,101
98,116,105
98,117,128
98,118,126
98,119,145
98,120,136
98,121,127
98,122,122
98,123,137
98,124,173
98,125,164
98,126,158
98,127,148
98,128,128
98,129,137
98,130,83
98,131,90
98,132,62
98,133,86
98,134,66
98,135,105
98,136,106
98,137,119
98,138,152
98,139,135
98,140,115
98,141,117
98,142,107
98,143,55
98,144,38
98,145,26
98,146,28
98,147,22
98,148,56
98,149,76
98,150,87
98,151,92
98,152,80
98,153,78
98,154,39
98,155,37
98,156,22
98,157,18
98,158,8
98,159,8
98,160,13
98,161,14
98,162,18
98,163,15
98,164,16
98,165,7
98,166,10
98,167,5
98,168,8
98,169,7
98,170,3
98,171,8
98,172,4
98,173,6
98,174,3
98,175,3
98,176,7
98,177,7
98,178,9
98,179,4
98,180,3
98,181,5
98,182,3
98,183,5
98,184,4
98,186,8
98,187,4
98,188,2
98,189,6
98,190,5
98,191,5
98,192,7
98,193,4
98,194,5
98,195,7
98,196,2
98,197,4
98,198,3
98,199,4
98,200,4
98,201,3
98,202,2
98,203,4
98,204,2
98,206,1
98,208,2
98,209,2
98,210,1
98,211,2
98,212,3
98,214,2
98,215,3
98,216,3
98,217,2
98,218,3
98,219,1
98,220,1
98,221,1
98,222,1
98,223,2
98,224,1
98,225,2
98,226,1
98,227,1
98,228,3
98,229,1
98,231,2
98,232,1
98,234,4
98,235,1
98,237,1
98,240,1
98,241,1
98,243,1
98,244,1
98,246,2
98,247,2
98,255,1
98,256,1
98,257,3
98,260,1
98,261,1
98,262,1
98,263,1
98,266,1
98,267,1
98,272,1
98,274,1
98,276,1
99,0,3
99,1,1
99,2,3
99,4,1
99,5,4
99,6,2
99,7,4
99,8,4
99,9,3
99,10,4
99,11,7
99,12,2
99,14,3
99,15,2
99,16,5
99,17,1
99,18,2
99,19,1
99,20,2
99,21,4
99,22,4
99,23,3
99,24,3
99,25,3
99,26,4
99,27,2
99,29,1
99,30,5
99,31,5
99,32,3
99,33,5
99,34,7
99,35,2
99,36,4
99,37,2
99,38,6
99,39,4
99,40,3
99,41,1
99,42,6
99,43,4
99,44,4
99,45,2
99,46,4
99,47,3
99,48,5
99,49,5
99,50,6
99,51,5
99,52,1
99,53,4
99,54,5
99,55,4
99,57,5
99,58,6
99,59,3
99,60,3
99,61,5
99,62,3
99,63,3
99,64,5
99,65,3
99,67,4
99,68,5
99,69,5
99,70,2
99,71,9
99,72,3
99,73,4
99,74,3
99,75,2
99,76,3
99,77,7
99,78,3
99,79,3
99,80,3
99,81,2
99,82,6
99,83,1
99,84,7
99,85,12
99,86,7
99,87,7
99,88,12
99,89,15
99,90,6
99,91,3
99,92,4
99,93,5
99,94,7
99,95,8
99,96,5
99,97,11
99,98,11
99,99,7
99,100,5
99,101,2
99,102,10
99,103,5
99,104,5
99,105,4
99,106,5
99,107,7
99,108,8
99,109,13
99,110,8
99,111,21
99,112,35
99,113,35
99,114,65
99,115,94
99,116,107
99,117,127
99,118,113
99,119,111
99,120,121
99,121,130
99,122,150
99,123,138
99,124,169
99,125,130
99,126,177
99,127,158
99,128,143
99,129,116
99,130,104
99,131,79
99,132,83
99,133,67
99,134,100
99,135,91
99,136,127
99,137,146
99,138,163
99,139,135
99,140,151
99,141,102
99,142,75
99,143,52
99,144,35
99,145,11
99,146,22
99,147,34
99,148,49
99,149,78
99,150,83
99,151,85
99,152,103
99,153,79
99,154,59
99,155,38
99,156,31
99,157,22
99,158,10
99,159,7
99,160,8
99,161,18
99,162,18
99,163,15
99,164,17
99,165,7
99,166,7
99,167,6
99,168,3
99,169,6
99,170,4
99,171,4
99,172,5
99,173,11
99,174,6
99,175,2
99,176,6
99,177,4
99,178,8
99,179,5
99,180,1
99,181,1
99,182,3
99,183,2
99,184,3
99,185,5
99,186,4
99,187,8
99,188,6
99,189,6
99,190,9
99,191,5
99,192,6
99,193,4
99,194,6
99,195,3
99,196,4
99,197,2
99,198,6
99,199,2
99,200,2
99,202,1
99,203,1
99,204,2
99,205,2
99,206,2
99,207,3
99,208,3
99,209,1
99,210,5
99,211,2
99,212,1
99,214,3
99,215,2
99,216,1
99,217,3
99,218,2
99,220,4
99,221,2
99,224,1
99,225,2
99,226,1
99,227,3
99,228,3
99,229,1
99,230,2
99,231,2
99,232,1
99,235,1
99,236,3
99,237,1
99,238,1
99,239,1
99,240,2
99,244,1
99,247,2
99,249,2
99,250,1
99,253,2
99,255,1
99,256,2
99,257,1
99,258,1
99,259,1
99,261,1
99,263,1
99,265,1
99,266,2
99,270,1
99,272,1
99,274,3
99,276,1
100,0,2
100,1,4
100,2,2
100,3,1
100,6,2
100,7,4
100,8,3
100,10,3
100,11,1
100,12,3
100,13,2
100,14,3
100,15,5
100,16,6
100,17,4
100,18,4
100,19,1
100,20,1
100,21,1
100,22,2
100,23,4
100,24,4
100,25,3
100,26,4
100,27,2
100,28,2
100,29,2
100,30,5
100,31,5
100,32,4
100,33,4
100,34,7
100,35,4
100,36,1
100,37,2
100,38,1
100,39,2
100,40,4
100,41,6
100,42,8
100,43,3
100,44,4
100,45,4
100,46,1
100,47,1
100,48,4
100,49,5
100,50,1
100,51,1
100,52,5
100,53,3
100,54,1
100,55,3
100,56,7
100,57,1
100,58,5
100,59,3
100,60,6
100,61,7
100,62,8
100,63,6
100,64,5
100,65,5
100,66,4
100,67,3
100,68,5
100,69,1
100,70,6
100,71,4
100,72,4
100,73,4
100,74,2
100,75,4
100,76,2
100,77,5
100,78,5
100,79,5
100,80,2
100,81,1
100,82,2
100,83,5
100,84,7
100,85,7
100,86,6
100,87,13
100,88,8
100,89,6
100,90,9
100,91,10
100,92,6
100,93,5
100,94,3
100,95,6
100,96,7
100,97,10
100,98,12
100,99,3
100,100,6
100,101,3
100,102,4
100,103,2
100,104,8
100,105,4
100,106,5
100,107,4
100,108,10
100,109,15
100,110,11
100,111,20
100,112,39
100,113,59
100,114,65
100,115,77
100,116,92
100,117,106
100,118,104
100,119,132
100,120,107
100,121,115
100,122,137
100,123,138
100,124,150
100,125,144
100,126,179
100,127,151
100,128,142
100,129,128
100,130,100
100,131,77
100,132,89
100,133,71
100,134,79
100,135,91
100,136,136
100,137,164
100,138,200
100,139,143
100,140,123
100,141,117
100,142,79
100,143,57
100,144,36
100,145,24
100,146,20
100,147,28
100,148,47
100,149,72
100,150,101
100,151,89
100,152,99
100,153,71
100,154,67
100,155,37
100,156,31
100,157,26
100,158,7
100,159,9
100,160,18
100,161,13
100,162,11
100,163,16
100,164,10
100,165,18
100,166,11
100,167,8
100,168,7
100,169,5
100,170,7
100,171,6
100,172,9
100,173,3
100,174,2
100,175,3
100,176,6
100,177,9
100,178,13
100,179,5
100,180,4
100,181,6
100,182,3
100,183,8
100,184,3
100,185,5
100,186,7
100,187,6
100,188,6
100,189,5
100,190,6
100,191,4
100,192,3
100,193,3
100,194,5
100,195,3
100,197,1
100,198,4
100,199,3
100,200,4
100,201,2
100,202,2
100,203,1
100,204,1
100,205,3
100,208,1
100,209,1
100,210,2
100,211,2
100,212,4
100,213,2
100,214,2
100,216,3
100,217,2
100,218,1
100,219,2
100,220,2
100,222,1
100,223,1
100,226,1
100,227,1
100,228,1
100,229,3
100,230,2
100,231,2
100,233,1
100,235,1
100,236,1
100,237,1
100,238,3
100,241,2
100,242,2
100,245,1
100,248,2
100,250,1
100,251,1
100,253,3
100,254,1
100,255,1
100,256,2
100,258,1
100,259,1
100,260,2
100,262,2
100,263,1
100,269,1
100,270,2
100,274,1
101,0,1
101,1,3
101,2,2
101,3,5
101,4,1
101,5,3
101,6,2
101,7,4
101,8,5
101,9,1
101,10,1
101,11,5
101,12,1
101,13,2
101,14,5
101,15,3
101,16,3
101,18,3
101,20,1
101,21,1
101,22,2
101,23,5
101,25,3
101,26,7
101,27,2
101,29,2
101,30,4
101,31,2
101,32,1
101,33,5
101,34,3
101,35,4
101,36,3
101,37,3
101,38,1
101,39,2
101,40,2
101,41,3
101,42,5
101,43,1
101,45,6
101,46,6
101,47,1
101,48,3
101,49,2
101,50,6
101,51,4
101,52,4
101,53,3
101,54,2
101,55,2
101,56,3
101,57,6
101,58,9
101,59,6
101,60,4
101,61,4
101,62,6
101,63,2
101,64,5
101,65,3
101,66,4
101,67,6
101,68,1
101,69,5
101,70,3
101,71,2
101,72,2
101,73,6
101,74,3
101,75,4
101,76,5
101,77,5
101,78,5
101,79,4
101,80,3
101,81,5
101,82,3
101,83,7
101,84,7
101,85,5
101,86,8
101,87,11
101,88,13
101,89,7
101,90,8
101,91,5
101,92,6
101,93,6
101,94,5
101,95,11
101,96,7
101,97,12
101,98,8
101,99,7
101,100,6
101,101,5
101,102,6
101,103,5
101,104,3
101,105,7
101,106,6
101,107,5
101,108,8
101,109,21
101,110,16
101,111,21
101,112,35
101,113,49
101,114,78
101,115,93
101,116,103
101,117,89
101,118,132
101,119,123
101,120,144
101,121,120
101,122,113
101,123,129
101,124,139
101,125,154
101,126,181
101,127,162
101,128,145
101,129,129
101,130,104
101,131,97
101,132,50
101,133,66
101,134,85
101,135,106
101,136,113
101,137,149
101,138,150
101,139,156
101,140,134
101,141,113
101,142,74
101,143,58
101,144,43
101,145,28
101,146,27
101,147,31
101,148,46
101,149,71
101,150,90
101,151,93
101,152,101
101,153,79
101,154,76
101,155,42
101,156,27
101,157,19
101,158,15
101,159,15
101,160,10
101,161,16
101,162,23
101,163,11
101,164,15
101,165,18
101,166,8
101,167,6
101,168,8
101,169,10
101,170,5
101,171,6
101,172,3
101,173,8
101,174,7
101,175,8
101,176,8
101,177,10
101,178,12
101,179,8
101,180,12
101,181,6
101,182,8
101,183,8
101,184,8
101,185,5
101,186,8
101,187,3
101,188,9
101,189,7
101,190,9
101,191,7
101,192,3
101,193,2
101,194,6
101,195,2
101,196,4
101,197,4
101,198,3
101,199,4
101,200,1
101,201,3
101,202,3
101,203,4
101,204,1
101,205,1
101,206,1
101,207,1
101,208,1
101,209,2
101,210,2
101,211,5
101,213,5
101,214,1
101,215,4
101,216,1
101,217,2
101,218,3
101,219,3
101,220,1
101,221,2
101,222,1
101,223,2
101,224,4
101,227,1
101,228,2
101,229,2
101,231,1
101,233,1
101,235,1
101,238,2
101,239,1
101,240,2
101,241,1
101,244,2
101,252,2
101,253,3
101,254,2
101,257,1
101,258,1
101,259,1
101,261,3
101,262,1
101,267,1
101,270,2
101,274,3
101,276,1
102,1,1
102,2,3
102,3,3
102,4,2
102,5,1
102,6,2
102,7,3
102,8,4
102,9,1
102,10,3
102,11,3
102,12,3
102,13,1
102,14,3
102,15,2
102,16,4
102,17,5
102,18,2
102,19,2
102,20,2
102,21,1
102,22,1
102,23,4
102,24,2
102,25,6
102,26,4
102,27,3
102,28,1
102,29,1
102,30,5
102,31,5
102,32,2
102,33,1
102,34,8
102,35,3
102,36,4
102,37,2
102,38,3
102,39,5
102,40,8
102,41,4
102,42,7
102,43,6
102,44,9
102,45,5
102,46,1
102,47,3
102,48,3
102,49,4
102,50,3
102,51,14
102,52,6
102,53,4
102,54,5
102,56,5
102,57,3
102,58,6
102,59,3
102,60,2
102,61,3
102,62,5
102,63,3
102,64,3
102,65,7
102,66,11
102,67,4
102,68,7
102,69,9
102,70,5
102,71,5
102,72,3
102,73,2
102,74,3
102,75,5
102,76,6
102,77,2
102,78,5
102,79,3
102,80,8
102,81,2
102,82,3
102,83,6
102,84,9
102,85,7
102,86,5
102,87,10
102,88,6
102,89,10
102,90,4
102,91,10
102,92,4
102,93,6
102,94,6
102,95,8
102,96,6
102,97,7
102,98,6
102,99,7
102,100,3
102,101,9
102,102,11
102,103,6
102,104,3
102,105,3
102,106,7
102,107,7
102,108,3
102,109,13
102,110,21
102,111,23
102,112,36
102,113,52
102,114,82
102,115,92
102,116,92
102,117,112
102,118,147
102,119,118
102,120,130
102,121,111
102,122,147
102,123,129
102,124,122
102,125,165
102,126,165
102,127,136
102,128,147
102,129,151
102,130,108
102,131,87
102,132,95
102,133,72
102,134,99
102,135,81
102,136,112
102,137,151
102,138,175
102,139,160
102,140,138
102,141,118
102,142,72
102,143,70
102,144,38
102,145,27
102,146,24
102,147,47
102,148,63
102,149,59
102,150,81
102,151,111
102,152,98
102,153,83
102,154,81
102,155,43
102,156,34
102,157,23
102,158,6
102,159,12
102,160,14
102,161,16
102,162,16
102,163,16
102,164,12
102,165,12
102,166,4
102,167,8
102,168,2
102,169,4
102,170,13
102,171,7
102,172,5
102,173,6
102,174,7
102,175,8
102,176,8
102,177,8
102,178,9
102,179,6
102,180,3
102,181,4
102,182,5
102,183,7
102,184,1
102,185,3
102,186,2
102,187,3
102,188,8
102,189,5
102,190,10
102,191,3
102,192,9
102,193,6
102,194,5
102,195,5
102,196,3
102,197,2
102,198,5
102,199,2
102,200,3
102,201,3
102,202,2
102,203,1
102,204,3
102,205,3
102,206,2
102,207,1
102,208,2
102,209,4
102,211,1
102,214,1
102,215,3
102,216,2
102,217,2
102,219,3
102,220,3
102,221,1
102,223,1
102,224,1
102,225,1
102,226,1
102,229,1
102,230,1
102,231,1
102,232,1
102,233,4
102,234,2
102,236,2
102,238,1
102,240,2
102,241,1
102,244,1
102,245,3
102,247,1
102,248,1
102,253,2
102,254,2
102,255,1
102,257,1
102,258,1
102,259,1
102,260,1
102,262,2
102,263,1
102,270,1
102,271,1
102,273,1
102,274,1
102,276,2
103,0,1
103,2,1
103,3,1
103,4,4
103,5,3
103,6,5
103,7,1
103,8,2
103,9,2
103,11,5
103,12,2
103,13,2
103,14,1
103,15,1
103,16,5
103,18,2
103,19,2
103,20,2
103,21,2
103,22,2
103,23,2
103,24,6
103,25,8
103,27,2
103,28,1
103,29,5
103,30,10
103,31,2
103,32,6
103,33,6
103,34,8
103,35,7
103,36,1
103,37,3
103,38,1
103,39,1
103,40,4
103,41,5
103,42,2
103,43,7
103,44,5
103,45,7
103,46,4
103,47,4
103,48,2
103,49,2
103,50,3
103,51,4
103,52,4
103,53,6
103,54,5
103,55,1
103,56,1
103,57,3
103,58,11
103,59,9
103,60,8
103,61,6
103,62,6
103,63,5
103,64,4
103,65,7
103,66,9
103,67,8
103,68,12
103,69,6
103,70,4
103,71,1
103,72,6
103,73,3
103,74,2
103,75,7
103,76,3
103,77,2
103,78,4
103,79,1
103,80,2
103,81,8
103,82,4
103,83,6
103,84,4
103,85,8
103,86,7
103,87,9
103,88,14
103,89,12
103,90,8
103,91,5
103,92,7
103,93,4
103,94,4
103,95,6
103,96,5
103,97,9
103,98,9
103,99,6
103,100,5
103,101,5
103,102,4
103,103,5
103,104,2
103,105,3
103,106,3
103,107,4
103,108,11
103,109,9
103,110,19
103,111,31
103,112,36
103,113,52
103,114,72
103,115,94
103,116,108
103,117,144
103,118,112
103,119,129
103,120,135
103,121,122
103,122,122
103,123,151
103,124,161
103,125,162
103,126,159
103,127,173
103,128,142
103,129,143
103,130,90
103,131,82
103,132,93
103,133,87
103,134,87
103,135,98
103,136,120
103,137,137
103,138,134
103,139,150
103,140,144
103,141,131
103,142,83
103,143,64
103,144,29
103,145,26
103,146,24
103,147,44
103,148,64
103,149,83
103,150,105
103,151,115
103,152,110
103,153,95
103,154,66
103,155,44
103,156,30
103,157,14
103,158,17
103,159,8
103,160,5
103,161,14
103,162,20
103,163,17
103,164,20
103,165,19
103,166,8
103,167,9
103,168,7
103,169,6
103,170,6
103,171,7
103,172,6
103,173,10
103,174,6
103,175,7
103,176,5
103,177,5
103,178,6
103,179,13
103,180,6
103,181,2
103,182,4
103,183,3
103,184,5
103,185,4
103,186,3
103,187,7
103,188,8
103,189,10
103,190,2
103,191,5
103,192,5
103,193,4
103,194,2
103,195,4
103,196,1
103,197,3
103,198,4
103,199,1
103,200,1
103,201,2
103,202,3
103,203,2
103,204,3
103,205,2
103,207,3
103,208,3
103,209,3
103,210,1
103,211,4
103,212,2
103,213,2
103,214,3
103,216,3
103,217,2
103,218,1
103,219,3
103,220,1
103,221,5
103,224,1
103,225,2
103,226,1
103,227,2
103,228,3
103,229,5
103,230,2
103,231,1
103,232,1
103,234,2
103,235,1
103,236,1
103,237,2
103,239,1
103,241,1
103,242,1
103,246,2
103,248,1
103,249,3
103,250,1
103,251,3
103,252,1
103,253,1
103,255,1
103,256,1
103,257,1
103,263,1
103,269,1
103,270,1
103,273,3
103,275,1
103,276,2
104,1,3
104,2,5
104,3,2
104,4,1
104,5,5
104,6,2
104,7,1
104,8,1
104,9,3
104,10,2
104,11,7
104,12,5
104,13,4
104,14,4
104,15,4
104,16,3
104,17,3
104,18,2
104,19,3
104,20,2
104,21,5
104,23,1
104,24,3
104,25,5
104,26,3
104,27,4
104,28,3
104,30,7
104,31,5
104,32,4
104,33,6
104,34,12
104,35,3
104,36,6
104,37,5
104,38,1
104,39,6
104,40,2
104,41,4
104,42,6
104,43,5
104,44,5
104,45,5
104,46,3
104,47,1
104,48,1
104,49,5
104,50,6
104,51,7
104,52,5
104,53,8
104,55,3
104,56,3
104,57,3
104,58,5
104,59,8
104,60,8
104,61,11
104,62,9
104,63,6
104,64,4
104,65,8
104,66,9
104,67,4
104,68,8
104,69,8
104,70,3
104,71,4
104,72,3
104,73,4
104,74,1
104,75,3
104,76,4
104,77,5
104,78,2
104,79,5
104,80,2
104,81,2
104,82,3
104,84,9
104,85,9
104,86,14
104,87,6
104,88,12
104,89,10
104,90,8
104,91,6
104,92,5
104,93,5
104,94,7
104,95,7
104,96,11
104,97,11
104,98,9
104,99,7
104,100,10
104,101,5
104,102,6
104,103,6
104,104,1
104,105,9
104,106,5
104,107,10
104,108,8
104,109,9
104,110,15
104,111,27
104,112,37
104,113,53
104,114,73
104,115,111
104,116,119
104,117,143
104,118,134
104,119,131
104,120,133
104,121,145
104,122,125
104,123,132
104,124,181
104,125,139
104,126,151
104,127,155
104,128,159
104,129,132
104,130,112
104,131,106
104,132,77
104,133,58
104,134,89
104,135,110
104,136,127
104,137,146
104,138,160
104,139,182
104,140,161
104,141,128
104,142,88
104,143,79
104,144,50
104,145,28
104,146,32
104,147,53
104,148,56
104,149,74
104,150,106
104,151,98
104,152,98
104,153,81
104,154,54
104,155,42
104,156,41
104,157,20
104,158,12
104,159,16
104,160,12
104,161,14
104,162,18
104,163,21
104,164,12
104,165,9
104,166,13
104,167,6
104,168,6
104,169,5
104,170,3
104,171,10
104,172,6
104,173,4
104,174,8
104,175,13
104,176,8
104,177,8
104,178,7
104,179,5
104,180,6
104,181,7
104,182,3
104,183,4
104,184,6
104,185,5
104,186,3
104,187,8
104,188,5
104,189,6
104,190,6
104,191,4
104,192,5
104,193,9
104,194,3
104,195,6
104,196,3
104,197,4
104,198,1
104,199,3
104,200,3
104,201,2
104,202,3
104,203,1
104,204,3
104,205,1
104,206,7
104,207,3
104,208,3
104,209,2
104,210,4
104,212,3
104,214,5
104,215,2
104,216,2
104,217,1
104,218,2
104,219,2
104,222,4
104,224,2
104,225,1
104,226,2
104,227,1
104,228,2
104,229,2
104,231,2
104,233,3
104,234,1
104,238,1
104,241,1
104,243,2
104,245,1
104,246,1
104,248,3
104,252,2
104,255,1
104,260,1
104,264,1
104,265,1
104,267,1
104,269,1
104,271,2
104,274,1
104,275,3
104,276,1
105,0,2
105,2,1
105,3,3
105,4,8
105,5,3
105,7,2
105,8,1
105,9,4
105,10,10
105,11,2
105,12,1
105,13,2
105,14,5
105,15,3
105,16,1
105,17,2
105,18,4
105,19,3
105,20,2
105,21,3
105,22,1
105,23,2
105,24,5
105,25,4
105,26,5
105,27,5
105,28,6
105,29,1
105,30,4
105,31,4
105,32,2
105,33,4
105,34,14
105,35,4
105,36,5
105,37,6
105,38,4
105,39,5
105,40,3
105,41,7
105,42,5
105,43,4
105,44,7
105,45,2
105,47,5
105,48,5
105,49,5
105,50,4
105,51,3
105,52,6
105,53,4
105,54,1
105,55,4
105,56,5
105,57,10
105,58,4
105,59,7
105,60,9
105,61,14
105,62,2
105,63,4
105,64,4
105,65,7
105,66,7
105,67,5
105,68,6
105,69,10
105,70,8
105,71,2
105,72,7
105,73,4
105,74,3
105,75,3
105,76,3
105,77,7
105,78,9
105,79,4
105,80,1
105,81,3
105,82,3
105,83,3
105,84,5
105,85,6
105,86,14
105,87,7
105,88,11
105,89,7
105,90,7
105,91,4
105,92,6
105,93,3
105,94,5
105,95,5
105,96,12
105,97,9
105,98,16
105,99,10
105,100,7
105,101,9
105,102,14
105,103,3
105,104,6
105,105,4
105,106,8
105,107,5
105,108,6
105,109,8
105,110,13
105,111,28
105,112,35
105,113,48
105,114,95
105,115,86
105,116,100
105,117,131
105,118,137
105,119,129
105,120,127
105,121,159
105,122,144
105,123,138
105,124,176
105,125,158
105,126,184
105,127,165
105,128,153
105,129,116
105,130,127
105,131,90
105,132,72
105,133,69
105,134,74
105,135,129
105,136,121
105,137,132
105,138,167
105,139,185
105,140,154
105,141,128
105,142,121
105,143,74
105,144,30
105,145,23
105,146,24
105,147,40
105,148,74
105,149,78
105,150,106
105,151,122
105,152,112
105,153,79
105,154,66
105,155,48
105,156,42
105,157,19
105,158,15
105,159,11
105,160,18
105,161,16
105,162,17
105,163,21
105,164,16
105,165,19
105,166,20
105,167,18
105,168,5
105,169,6
105,170,2
105,171,7
105,172,8
105,173,8
105,174,8
105,175,7
105,176,9
105,177,7
105,178,3
105,179,3
105,180,9
105,181,3
105,182,3
105,183,4
105,184,3
105,185,2
105,186,4
105,187,12
105,188,8
105,189,5
105,190,4
105,191,4
105,192,6
105,193,7
105,194,6
105,195,1
105,196,2
105,197,1
105,198,4
105,199,1
105,200,4
105,201,2
105,202,5
105,203,1
105,205,2
105,206,3
105,207,2
105,208,2
105,209,2
105,210,1
105,212,1
105,213,1
105,214,4
105,215,2
105,216,2
105,217,1
105,218,1
105,219,3
105,220,3
105,221,1
105,222,2
105,225,1
105,226,4
105,227,1
105,228,4
105,229,1
105,230,1
105,233,2
105,235,1
105,236,1
105,240,1
105,243,1
105,244,1
105,245,2
105,248,1
105,251,3
105,253,3
105,254,1
105,255,2
105,256,3
105,257,1
105,259,1
105,264,2
105,266,1
105,267,2
105,269,1
105,271,3
105,273,1
105,274,2
105,276,3
106,0,6
106,1,1
106,2,4
106,4,2
106,5,2
106,6,3
106,7,2
106,8,4
106,9,2
106,10,3
106,12,1
106,14,2
106,15,2
106,16,2
106,17,4
106,18,1
106,19,7
106,20,2
106,21,1
106,22,6
106,23,1
106,24,4
106,25,2
106,26,5
106,27,3
106,29,3
106,30,6
106,31,1
106,32,5
106,33,5
106,34,5
106,35,3
106,36,7
106,37,2
106,38,6
106,39,7
106,40,6
106,42,3
106,43,5
106,44,8
106,45,4
106,46,4
106,47,2
106,48,5
106,49,5
106,50,6
106,51,5
106,52,5
106,53,2
106,54,4
106,55,1
106,56,5
106,57,5
106,58,7
106,59,8
106,60,4
106,61,11
106,62,6
106,63,4
106,64,9
106,65,4
106,66,5
106,67,7
106,68,8
106,69,5
106,70,6
106,71,5
106,72,2
106,73,5
106,74,3
106,75,6
106,76,5
106,77,2
106,78,6
106,79,6
106,80,3
106,81,5
106,82,7
106,83,4
106,84,2
106,85,14
106,86,11
106,87,9
106,88,7
106,89,12
106,90,6
106,91,7
106,92,11
106,93,3
106,94,6
106,95,8
106,96,10
106,97,7
106,98,5
106,99,6
106,100,5
106,101,7
106,102,7
106,103,5
106,104,8
106,105,6
106,106,7
106,107,9
106,108,9
106,109,9
106,110,17
106,111,29
106,112,35
106,113,52
106,114,102
106,115,101
106,116,112
106,117,116
106,118,100
106,119,127
106,120,126
106,121,143
106,122,138
106,123,160
106,124,164
106,125,181
106,126,163
106,127,160
106,128,165
106,129,132
106,130,102
106,131,88
106,132,63
106,133,71
106,134,73
106,135,89
106,136,139
106,137,172
106,138,154
106,139,181
106,140,130
106,141,135
106,142,99
106,143,62
106,144,47
106,145,38
106,146,39
106,147,40
106,148,56
106,149,82
106,150,106
106,151,98
106,152,125
106,153,89
106,154,68
106,155,49
106,156,33
106,157,22
106,158,17
106,159,14
106,160,15
106,161,17
106,162,14
106,163,13
106,164,21
106,165,19
106,166,5
106,167,10
106,168,8
106,169,10
106,170,9
106,171,10
106,172,7
106,173,6
106,174,7
106,175,4
106,176,5
106,177,6
106,178,8
106,179,14
106,180,6
106,181,5
106,182,4
106,183,1
106,184,3
106,185,4
106,186,6
106,187,4
106,188,7
106,189,7
106,190,2
106,191,5
106,192,8
106,193,6
106,194,7
106,195,4
106,196,2
106,197,5
106,198,6
106,199,2
106,200,3
106,201,3
106,202,4
106,203,3
106,204,1
106,205,2
106,206,3
106,207,5
106,208,2
106,209,1
106,210,4
106,211,3
106,212,1
106,214,2
106,215,1
106,216,3
106,217,2
106,218,3
106,219,4
106,220,3
106,221,2
106,222,2
106,223,1
106,224,2
106,225,2
106,226,2
106,229,2
106,230,1
106,232,1
106,233,1
106,234,1
106,238,1
106,239,1
106,240,2
106,241,2
106,243,1
106,244,5
106,245,3
106,246,2
106,247,1
106,248,1
106,249,2
106,251,2
106,252,1
106,254,1
106,255,1
106,256,2
106,257,2
106,259,1
106,260,3
106,262,3
106,263,2
106,268,1
106,271,1
106,272,1
106,275,1
106,276,2
107,0,1
107,1,2
107,2,3
107,3,2
107,4,3
107,5,1
107,6,5
107,7,3
107,8,2
107,9,4
107,10,2
107,11,1
107,12,3
107,13,4
107,14,3
107,15,5
107,16,6
107,17,4
107,18,1
107,19,4
107,20,2
107,21,1
107,22,7
107,23,6
107,24,2
107,25,3
107,26,2
107,27,3
107,28,2
107,30,2
107,31,7
107,32,4
107,33,2
107,34,1
107,35,2
107,36,1
107,37,9
107,38,6
107,39,7
107,40,4
107,41,2
107,42,4
107,43,6
107,44,1
107,45,8
107,47,4
107,48,9
107,49,3
107,50,3
107,51,2
107,52,5
107,53,6
107,54,2
107,55,7
107,56,3
107,57,1
107,58,3
107,59,11
107,60,9
107,61,6
107,62,8
107,63,7
107,64,6
107,65,6
107,66,3
107,67,5
107,68,5
107,69,10
107,70,6
107,71,9
107,72,3
107,73,5
107,74,6
107,75,2
107,76,3
107,77,2
107,78,6
107,79,10
107,80,3
107,81,5
107,82,6
107,83,4
107,84,3
107,85,7
107,86,7
107,87,19
107,88,12
107,89,11
107,90,8
107,91,7
107,92,8
107,93,4
107,94,4
107,95,7
107,96,8
107,97,12
107,98,9
107,99,9
107,100,9
107,101,5
107,102,8
107,103,6
107,104,5
107,105,4
107,106,5
107,107,7
107,108,11
107,109,17
107,110,16
107,111,24
107,112,52
107,113,53
107,114,79
107,115,100
107,116,121
107,117,125
107,118,144
107,119,135
107,120,120
107,121,125
107,122,131
107,123,139
107,124,160
107,125,180
107,126,182
107,127,197
107,128,140
107,129,142
107,130,112
107,131,73
107,132,88
107,133,93
107,134,86
107,135,89
107,136,128
107,137,155
107,138,161
107,139,165
107,140,168
107,141,128
107,142,111
107,143,62
107,144,35
107,145,28
107,146,40
107,147,45
107,148,66
107,149,100
107,150,112
107,151,121
107,152,123
107,153,107
107,154,68
107,155,61
107,156,39
107,157,15
107,158,14
107,159,11
107,160,12
107,161,19
107,162,20
107,163,23
107,164,16
107,165,14
107,166,13
107,167,10
107,168,15
107,169,5
107,170,8
107,171,5
107,172,7
107,173,3
107,174,9
107,175,9
107,176,10
107,177,7
107,178,9
107,179,15
107,180,5
107,181,5
107,182,6
107,183,6
107,184,5
107,185,5
107,186,4
107,187,8
107,188,12
107,189,7
107,190,7
107,191,14
107,192,3
107,193,4
107,194,3
107,195,2
107,196,2
107,197,3
107,198,7
107,199,4
107,200,4
107,201,1
107,202,3
107,203,4
107,205,2
107,206,1
107,208,4
107,209,2
107,210,2
107,211,2
107,212,4
107,213,2
107,214,3
107,215,1
107,216,3
107,217,1
107,218,2
107,219,4
107,220,3
107,221,2
107,222,4
107,223,1
107,225,3
107,226,4
107,227,2
107,228,1
107,229,1
107,230,2
107,231,2
107,232,1
107,234,1
107,235,1
107,236,1
107,237,1
107,239,2
107,240,2
107,241,1
107,244,1
107,245,1
107,248,1
107,249,2
107,250,2
107,252,2
107,254,2
107,255,1
107,257,1
107,259,1
107,262,2
107,264,1
107,266,1
107,269,1
107,270,2
107,272,1
108,0,3
108,1,4
108,2,3
108,3,2
108,4,2
108,5,4
108,6,2
108,7,3
108,8,6
108,9,3
108,10,3
108,11,3
108,12,1
108,13,8
108,14,1
108,15,2
108,16,3
108,17,2
108,18,2
108,19,5
108,20,1
108,21,3
108,22,6
108,23,1
108,24,7
108,25,5
108,26,3
108,27,4
108,29,2
108,30,7
108,31,4
108,32,4
108,33,4
108,34,3
108,35,3
108,37,5
108,38,8
108,39,1
108,40,7
108,41,10
108,42,2
108,43,4
108,44,5
108,45,2
108,46,4
108,47,2
108,48,5
108,49,4
108,50,7
108,51,6
108,52,10
108,53,5
108,54,1
108,55,6
108,56,6
108,57,8
108,58,8
108,59,3
108,60,4
108,61,8
108,62,11
108,63,9
108,64,7
108,65,2
108,66,3
108,67,7
108,68,5
108,69,8
108,70,4
108,71,6
108,72,3
108,73,5
108,74,4
108,75,12
108,76,5
108,77,4
108,78,4
108,79,4
108,80,9
108,81,1
108,82,6
108,83,7
108,84,8
108,85,13
108,86,10
108,87,13
108,88,15
108,89,6
108,90,10
108,91,9
108,92,5
108,93,5
108,94,11
108,95,6
108,96,9
108,97,7
108,98,15
108,99,6
108,100,5
108,101,6
108,102,6
108,103,4
108,104,3
108,105,8
108,106,10
108,108,14
108,109,16
108,110,11
108,111,28
108,112,49
108,113,51
108,114,66
108,115,111
108,116,123
108,117,147
108,118,127
108,119,128
108,120,119
108,121,153
108,122,146
108,123,178
108,124,164
108,125,159
108,126,179
108,127,172
108,128,165
108,129,117
108,130,101
108,131,75
108,132,85
108,133,76
108,134,103
108,135,88
108,136,143
108,137,159
108,138,167
108,139,202
108,140,182
108,141,142
108,142,142
108,143,81
108,144,34
108,145,24
108,146,26
108,147,41
108,148,60
108,149,87
108,150,107
108,151,133
108,152,137
108,153,106
108,154,77
108,155,57
108,156,35
108,157,23
108,158,11
108,159,12
108,160,14
108,161,16
108,162,21
108,163,22
108,164,18
108,165,12
108,166,9
108,167,5
108,168,7
108,169,5
108,170,5
108,171,5
108,172,9
108,173,7
108,174,7
108,175,11
108,176,8
108,177,8
108,178,6
108,179,1
108,180,5
108,181,6
108,182,5
108,183,8
108,184,5
108,185,8
108,186,5
108,187,8
108,188,4
108,189,8
108,190,8
108,191,9
108,192,11
108,193,3
108,194,5
108,195,3
108,196,5
108,197,6
108,198,4
108,199,3
108,201,2
108,202,2
108,203,2
108,204,3
108,205,2
108,206,2
108,207,2
108,208,1
108,209,2
108,210,5
108,211,2
108,212,3
108,213,1
108,214,2
108,215,3
108,216,5
108,217,4
108,218,3
108,219,5
108,220,3
108,221,3
108,222,2
108,224,2
108,225,1
108,226,2
108,227,4
108,228,1
108,229,2
108,230,3
108,231,3
108,232,2
108,233,1
108,236,2
108,237,1
108,239,1
108,240,1
108,243,2
108,246,1
108,251,2
108,252,1
108,255,1
108,259,1
108,261,1
108,263,1
108,264,2
108,265,1
108,267,1
108,268,1
108,270,2
108,271,1
108,272,2
108,275,1
108,276,1
109,0,4
109,1,5
109,2,4
109,3,2
109,4,1
109,5,1
109,6,6
109,7,3
109,8,4
109,9,7
109,10,1
109,11,1
109,12,2
109,13,3
109,14,3
109,15,1
109,16,6
109,17,3
109,18,2
109,19,2
109,20,4
109,21,2
109,22,1
109,23,1
109,24,3
109,25,3
109,26,3
109,27,2
109,28,2
109,29,3
109,30,9
109,31,3
109,32,7
109,33,4
109,34,3
109,35,10
109,36,7
109,37,3
109,38,2
109,39,6
109,40,7
109,41,7
109,42,1
109,43,12
109,44,2
109,45,7
109,46,5
109,47,6
109,48,1
109,49,1
109,50,9
109,51,4
109,52,5
109,53,4
109,54,5
109,55,3
109,56,5
109,57,5
109,58,9
109,59,6
109,60,7
109,61,7
109,62,7
109,63,7
109,64,5
109,65,3
109,66,8
109,67,7
109,68,9
109,69,8
109,70,8
109,71,5
109,72,6
109,73,8
109,74,4
109,75,9
109,76,3
109,77,4
109,78,3
109,79,6
109,80,3
109,81,5
109,82,3
109,83,8
109,84,9
109,85,10
109,86,15
109,87,18
109,88,12
109,89,11
109,90,11
109,91,5
109,92,8
109,93,13
109,94,3
109,95,8
109,96,6
109,97,11
109,98,13
109,99,5
109,100,5
109,101,3
109,102,4
109,103,7
109,104,4
109,105,8
109,106,8
109,107,10
109,108,10
109,109,12
109,110,14
109,111,31
109,112,48
109,113,75
109,114,86
109,115,74
109,116,136
109,117,125
109,118,145
109,119,118
109,120,133
109,121,138
109,122,134
109,123,174
109,124,161
109,125,164
109,126,213
109,127,150
109,128,177
109,129,146
109,130,87
109,131,81
109,132,72
109,133,77
109,134,81
109,135,103
109,136,129
109,137,174
109,138,178
109,139,183
109,140,206
109,141,159
109,142,133
109,143,76
109,144,40
109,145,29
109,146,36
109,147,44
109,148,69
109,149,90
109,150,114
109,151,144
109,152,137
109,153,95
109,154,106
109,155,63
109,156,29
109,157,17
109,158,18
109,159,12
109,160,11
109,161,17
109,162,14
109,163,21
109,164,17
109,165,14
109,166,13
109,167,7
109,168,5
109,169,9
109,170,3
109,171,12
109,172,6
109,173,5
109,174,13
109,175,6
109,176,8
109,177,6
109,178,7
109,179,8
109,180,5
109,181,8
109,182,2
109,183,4
109,184,5
109,185,4
109,186,7
109,187,7
109,188,6
109,189,11
109,190,4
109,191,6
109,192,6
109,193,4
109,194,2
109,195,6
109,196,4
109,197,8
109,198,4
109,199,2
109,200,2
109,201,5
109,202,2
109,203,2
109,205,2
109,207,4
109,208,2
109,210,3
109,211,3
109,212,3
109,213,3
109,214,3
109,215,5
109,217,2
109,218,2
109,219,3
109,220,4
109,222,2
109,223,1
109,224,3
109,225,2
109,226,2
109,227,1
109,229,1
109,230,1
109,231,1
109,232,2
109,233,2
109,234,2
109,235,1
109,236,2
109,237,1
109,238,3
109,240,2
109,241,1
109,243,1
109,246,1
109,247,2
109,250,1
109,251,1
109,253,1
109,254,1
109,255,1
109,256,3
109,257,2
109,258,1
109,259,2
109,260,2
109,261,1
109,262,3
109,264,1
109,265,1
109,266,2
109,267,3
109,268,2
109,269,1
109,270,1
109,271,1
109,275,1
109,276,4
110,0,4
110,2,1
110,3,5
110,4,5
110,5,5
110,6,3
110,7,3
110,8,5
110,9,3
110,11,1
110,12,3
110,13,4
110,14,8
110,15,2
110,16,1
110,17,3
110,18,2
110,19,1
110,20,3
110,21,3
110,22,1
110,23,1
110,24,3
110,25,1
110,26,2
110,27,4
110,28,4
110,29,1
110,30,3
110,31,3
110,32,2
110,33,2
110,34,7
110,35,6
110,36,10
110,37,4
110,38,6
110,39,7
110,40,12
110,41,6
110,42,9
110,43,2
110,44,6
110,45,2
110,46,7
110,47,5
110,48,5
110,49,3
110,50,3
110,51,2
110,52,5
110,53,8
110,54,4
110,55,6
110,56,4
110,57,3
110,58,8
110,59,8
110,60,8
110,61,10
110,62,8
110,63,7
110,64,5
110,65,5
110,66,1
110,67,3
110,68,10
110,69,9
110,70,9
110,71,8
110,72,6
110,73,2
110,74,6
110,75,8
110,76,5
110,77,5
110,78,5
110,79,5
110,80,5
110,81,2
110,82,3
110,83,8
110,84,9
110,85,10
110,86,11
110,87,4
110,88,11
110,89,11
110,90,6
110,91,6
110,92,11
110,93,3
110,94,8
110,95,13
110,96,8
110,97,8
110,98,9
110,99,12
110,100,9
110,101,7
110,102,5
110,103,4
110,104,6
110,105,8
110,106,10
110,107,11
110,108,7
110,109,11
110,110,23
110,111,29
110,112,32
110,113,52
110,114,88
110,115,114
110,116,97
110,117,142
110,118,138
110,119,147
110,120,136
110,121,143
110,122,130
110,123,183
110,124,149
110,125,199
110,126,178
110,127,160
110,128,182
110,129,149
110,130,112
110,131,92
110,132,66
110,133,72
110,134,83
110,135,91
110,136,129
110,137,200
110,138,187
110,139,194
110,140,169
110,141,147
110,142,113
110,143,98
110,144,40
110,145,23
110,146,32
110,147,48
110,148,65
110,149,111
110,150,120
110,151,135
110,152,137
110,153,108
110,154,81
110,155,70
110,156,36
110,157,17
110,158,12
110,159,12
110,160,16
110,161,20
110,162,20
110,163,17
110,164,10
110,165,20
110,166,9
110,167,13
110,168,7
110,169,6
110,170,5
110,171,5
110,172,5
110,173,6
110,174,6
110,175,11
110,176,9
110,177,8
110,178,8
110,179,10
110,180,8
110,181,5
110,182,4
110,183,11
110,184,7
110,185,3
110,186,4
110,187,6
110,188,9
110,189,10
110,190,7
110,191,7
110,192,6
110,193,4
110,194,4
110,195,5
110,196,3
110,197,3
110,198,2
110,199,3
110,200,1
110,201,2
110,202,3
110,204,1
110,205,2
110,206,2
110,207,1
110,208,3
110,209,2
110,211,3
110,212,3
110,213,4
110,214,1
110,215,2
110,216,4
110,218,1
110,219,6
110,220,4
110,221,2
110,222,1
110,223,2
110,225,1
110,226,1
110,230,2
110,231,3
110,232,1
110,233,2
110,235,1
110,236,1
110,237,2
110,239,1
110,240,1
110,241,1
110,242,1
110,243,2
110,244,1
110,246,4
110,248,1
110,250,2
110,252,1
110,254,1
110,255,1
110,256,1
110,259,2
110,261,1
110,263,1
110,264,1
110,265,1
110,266,1
110,267,1
110,270,1
110,271,2
110,272,1
110,273,1
110,274,4
110,275,1
110,276,1
111,0,1
111,1,2
111,2,1
111,3,3
111,5,2
111,6,3
111,7,4
111,8,5
111,9,3
111,10,4
111,11,5
111,12,2
111,13,2
111,14,3
111,15,7
111,16,3
111,17,3
111,18,4
111,19,2
111,20,1
111,21,1
111,22,4
111,23,5
111,24,3
111,25,5
111,26,3
111,27,2
111,28,5
111,29,2
111,30,6
111,31,7
111,32,6
111,33,5
111,34,2
111,35,3
111,36,4
111,37,9
111,38,4
111,39,8
111,40,6
111,41,8
111,42,2
111,43,4
111,44,3
111,46,4
111,47,3
111,48,9
111,49,3
111,50,4
111,51,3
111,52,5
111,53,3
111,54,1
111,55,5
111,56,3
111,57,7
111,58,10
111,59,8
111,60,6
111,61,10
111,62,7
111,63,10
111,64,3
111,65,3
111,66,6
111,67,3
111,68,2
111,69,7
111,70,3
111,71,7
111,72,4
111,73,6
111,74,4
111,75,5
111,76,3
111,77,7
111,78,4
111,79,3
111,80,3
111,81,3
111,82,3
111,83,7
111,84,5
111,85,14
111,86,9
111,87,14
111,88,18
111,89,12
111,90,7
111,91,1
111,92,6
111,93,7
111,94,5
111,95,3
111,96,4
111,97,12
111,98,14
111,99,9
111,100,6
111,101,3
111,102,3
111,103,7
111,104,5
111,105,4
111,106,5
111,107,11
111,108,11
111,109,14
111,110,7
111,111,27
111,112,51
111,113,67
111,114,62
111,115,110
111,116,91
111,117,127
111,118,129
111,119,107
111,120,143
111,121,138
111,122,157
111,123,153
111,124,187
111,125,186
111,126,192
111,127,161
111,128,174
111,129,152
111,130,132
111,131,91
111,132,69
111,133,64
111,134,100
111,135,120
111,136,123
111,137,173
111,138,189
111,139,222
111,140,189
111,141,158
111,142,100
111,143,65
111,144,45
111,145,26
111,146,37
111,147,43
111,148,68
111,149,98
111,150,114
111,151,140
111,152,130
111,153,105
111,154,86
111,155,63
111,156,47
111,157,21
111,158,21
111,159,12
111,160,12
111,161,21
111,162,21
111,163,12
111,164,20
111,165,23
111,166,11
111,167,8
111,168,9
111,169,8
111,170,1
111,171,6
111,172,9
111,173,7
111,174,13
111,175,6
111,176,5
111,177,6
111,178,9
111,179,10
111,180,6
111,181,5
111,182,5
111,183,5
111,184,4
111,185,7
111,186,4
111,187,8
111,188,8
111,189,3
111,190,4
111,191,5
111,192,8
111,193,7
111,194,11
111,195,7
111,196,3
111,197,4
111,198,7
111,199,5
111,200,3
111,201,3
111,202,1
111,204,3
111,206,3
111,207,3
111,208,4
111,209,1
111,210,3
111,211,2
111,212,3
111,213,3
111,214,4
111,215,4
111,216,2
111,217,2
111,218,5
111,219,2
111,220,5
111,221,3
111,222,1
111,223,1
111,224,2
111,225,3
111,226,4
111,228,2
111,230,2
111,231,2
111,232,1
111,233,4
111,234,2
111,236,2
111,237,1
111,239,2
111,240,2
111,241,1
111,242,1
111,244,1
111,245,1
111,246,1
111,247,1
111,248,2
111,251,1
111,252,2
111,254,1
111,256,2
111,257,2
111,261,1
111,262,1
111,266,2
111,267,1
111,268,1
111,269,1
111,271,2
111,272,1
111,273,2
111,275,1
111,276,1
112,0,3
112,1,5
112,2,2
112,3,4
112,4,5
112,5,2
112,6,4
112,7,1
112,8,7
112,9,4
112,10,4
112,11,2
112,12,3
112,13,5
112,14,7
112,15,1
112,16,3
112,17,5
112,18,2
112,19,2
112,20,3
112,21,5
112,22,2
112,23,4
112,24,6
112,25,2
112,26,9
112,27,4
112,28,4
112,29,4
112,30,2
112,31,4
112,32,4
112,33,4
112,34,6
112,35,3
112,36,11
112,37,10
112,38,3
112,39,8
112,40,5
112,41,6
112,42,3
112,43,8
112,44,7
112,45,7
112,46,2
112,47,4
112,48,2
112,49,4
112,50,4
112,51,3
112,52,9
112,53,8
112,54,5
112,55,3
112,56,2
112,57,5
112,58,7
112,59,13
112,60,5
112,61,9
112,62,7
112,63,8
112,64,5
112,65,5
112,66,5
112,67,5
112,68,5
112,69,3
112,70,10
112,71,5
112,72,5
112,73,4
112,74,4
112,75,7
112,76,5
112,77,11
112,78,7
112,79,4
112,80,7
112,81,4
112,82,7
112,83,11
112,84,7
112,85,8
112,86,12
112,87,19
112,88,7
112,89,14
112,90,14
112,91,4
112,92,4
112,93,2
112,94,9
112,95,4
112,96,12
112,97,12
112,98,6
112,99,8
112,100,8
112,101,6
112,102,5
112,103,7
112,104,8
112,105,2
112,106,3
112,107,7
112,108,9
112,109,12
112,110,22
112,111,29
112,112,39
112,113,77
112,114,74
112,115,119
112,116,121
112,117,133
112,118,135
112,119,120
112,120,145
112,121,137
112,122,160
112,123,173
112,124,184
112,125,184
112,126,199
112,127,200
112,128,172
112,129,149
112,130,103
112,131,96
112,132,73
112,133,62
112,134,86
112,135,153
112,136,130
112,137,221
112,138,205
112,139,226
112,140,205
112,141,182
112,142,114
112,143,84
112,144,48
112,145,34
112,146,38
112,147,51
112,148,73
112,149,109
112,150,122
112,151,143
112,152,122
112,153,120
112,154,85
112,155,71
112,156,37
112,157,17
112,158,18
112,159,13
112,160,19
112,161,21
112,162,26
112,163,15
112,164,22
112,165,13
112,166,19
112,167,11
112,168,10
112,169,5
112,170,10
112,171,2
112,172,2
112,173,3
112,174,12
112,175,3
112,176,5
112,177,7
112,178,9
112,179,15
112,180,3
112,181,11
112,182,7
112,183,3
112,184,3
112,185,4
112,186,7
112,187,6
112,188,7
112,189,6
112,190,8
112,191,11
112,192,4
112,193,8
112,194,6
112,195,7
112,196,11
112,197,5
112,198,5
112,199,1
112,200,3
112,201,5
112,202,1
112,203,1
112,204,2
112,205,3
112,206,2
112,207,2
112,208,2
112,209,3
112,210,2
112,211,1
112,212,2
112,213,1
112,214,2
112,215,4
112,216,2
112,217,3
112,218,1
112,219,1
112,220,4
112,221,1
112,222,2
112,225,1
112,226,4
112,227,1
112,228,2
112,229,1
112,230,3
112,231,2
112,233,3
112,234,3
112,235,2
112,237,1
112,239,2
112,240,2
112,241,2
112,242,2
112,243,1
112,244,2
112,248,1
112,249,1
112,254,5
112,255,2
112,256,1
112,257,1
112,260,2
112,263,1
112,265,1
112,266,1
112,267,2
112,269,1
112,271,1
112,273,3
112,274,3
112,275,1
112,276,1
113,0,2
113,1,3
113,2,3
113,3,7
113,4,3
113,5,2
113,6,3
113,7,7
113,8,3
113,9,2
113,10,6
113,11,7
113,12,3
113,13,4
113,14,5
113,15,3
113,16,3
113,17,4
113,18,2
113,19,1
113,20,3
113,21,7
113,22,2
113,23,5
113,24,5
113,25,6
113,26,4
113,27,1
113,28,1
113,29,5
113,30,4
113,31,4
113,32,6
113,33,4
113,34,7
113,35,7
113,36,5
113,37,3
113,38,6
113,39,5
113,40,11
113,41,4
113,42,5
113,43,6
113,44,5
113,45,5
113,46,3
113,47,6
113,48,2
113,49,4
113,50,7
113,51,8
113,52,5
113,53,4
113,55,8
113,56,7
113,57,6
113,58,7
113,59,11
113,60,6
113,61,10
113,62,8
113,63,10
113,64,4
113,65,6
113,66,5
113,67,9
113,68,10
113,69,7
113,70,6
113,71,10
113,72,5
113,73,5
113,74,6
113,75,8
113,76,5
113,77,5
113,78,5
113,79,7
113,80,4
113,81,4
113,82,3
113,83,5
113,84,8
113,85,10
113,86,17
113,87,18
113,88,15
113,89,12
113,90,12
113,91,9
113,92,9
113,93,9
113,94,6
113,95,10
113,96,14
113,97,13
113,98,19
113,99,11
113,100,5
113,101,5
113,102,8
113,103,9
113,104,3
113,105,2
113,106,6
113,107,5
113,108,9
113,109,15
113,110,12
113,111,24
113,112,36
113,113,69
113,114,84
113,115,102
113,116,104
113,117,118
113,118,130
113,119,133
113,120,134
113,121,145
113,122,137
113,123,168
113,124,186
113,125,202
113,126,219
113,127,181
113,128,191
113,129,139
113,130,97
113,131,89
113,132,79
113,133,81
113,134,89
113,135,117
113,136,148
113,137,190
113,138,204
113,139,192
113,140,208
113,141,176
113,142,125
113,143,93
113,144,53
113,145,32
113,146,37
113,147,36
113,148,69
113,149,124
113,150,122
113,151,143
113,152,120
113,153,108
113,154,96
113,155,55
113,156,32
113,157,18
113,158,17
113,159,9
113,160,15
113,161,19
113,162,22
113,163,18
113,164,23
113,165,16
113,166,12
113,167,9
113,168,11
113,169,4
113,170,6
113,171,9
113,172,10
113,173,6
113,174,7
113,175,10
113,176,3
113,177,8
113,178,9
113,179,10
113,180,9
113,181,7
113,182,5
113,183,4
113,184,1
113,185,5
113,186,4
113,187,7
113,188,9
113,189,4
113,190,7
113,191,10
113,192,8
113,193,5
113,194,6
113,195,4
113,196,5
113,197,5
113,198,6
113,199,3
113,200,4
113,202,5
113,203,6
113,204,2
113,205,1
113,206,4
113,207,2
113,208,1
113,209,3
113,210,3
113,211,2
113,212,2
113,213,2
113,214,3
113,215,3
113,216,4
113,217,4
113,218,3
113,219,2
113,220,3
113,221,4
113,222,3
113,223,3
113,224,3
113,225,1
113,226,1
113,227,1
113,228,1
113,229,2
113,231,1
113,232,1
113,233,2
113,235,1
113,236,1
113,237,1
113,238,2
113,239,2
113,242,1
113,244,1
113,247,1
113,248,2
113,249,1
113,250,2
113,252,1
113,254,5
113,255,3
113,256,2
113,257,2
113,258,4
113,259,2
113,260,2
113,262,3
113,263,1
113,264,2
113,265,1
113,266,2
113,270,2
113,271,1
113,272,2
113,273,3
113,274,1
113,275,3
114,1,2
114,2,3
114,3,4
114,4,7
114,5,5
114,6,4
114,7,6
114,8,4
114,9,3
114,10,2
114,11,2
114,12,3
114,13,7
114,14,3
114,15,1
114,16,3
114,17,2
114,18,1
114,19,1
114,20,3
114,21,1
114,22,8
114,23,1
114,24,6
114,25,3
114,26,6
114,27,1
114,28,6
114,29,4
114,30,4
114,31,7
114,32,3
114,33,2
114,34,7
114,35,4
114,36,3
114,37,7
114,38,6
114,39,8
114,40,8
114,41,6
114,42,6
114,43,5
114,44,1
114,45,4
114,46,6
114,47,3
114,48,4
114,49,4
114,50,8
114,51,8
114,52,7
114,53,3
114,54,1
114,55,2
114,56,4
114,57,2
114,58,12
114,59,9
114,60,10
114,61,10
114,62,14
114,63,11
114,64,7
114,65,7
114,66,7
114,67,8
114,68,8
114,69,7
114,70,6
114,71,8
114,72,11
114,73,5
114,74,3
114,75,6
114,76,7
114,77,4
114,78,8
114,79,6
114,80,7
114,81,5
114,82,1
114,83,5
114,84,4
114,85,8
114,86,19
114,87,16
114,88,21
114,89,12
114,90,13
114,91,10
114,92,8
114,93,5
114,94,8
114,95,10
114,96,12
114,97,9
114,98,11
114,99,6
114,100,10
114,101,9
114,102,7
114,103,5
114,104,7
114,105,1
114,106,10
114,107,10
114,108,8
114,109,11
114,110,17
114,111,44
114,112,41
114,113,52
114,114,103
114,115,118
114,116,115
114,117,122
114,118,121
114,119,120
114,120,130
114,121,144
114,122,133
114,123,137
114,124,181
114,125,181
114,126,190
114,127,199
114,128,176
114,129,142
114,130,128
114,131,81
114,132,70
114,133,80
114,134,87
114,135,117
114,136,140
114,137,179
114,138,213
114,139,218
114,140,212
114,141,145
114,142,116
114,143,96
114,144,50
114,145,37
114,146,31
114,147,38
114,148,64
114,149,111
114,150,145
114,151,139
114,152,125
114,153,123
114,154,92
114,155,68
114,156,45
114,157,28
114,158,16
114,159,14
114,160,19
114,161,27
114,162,25
114,163,29
114,164,19
114,165,12
114,166,7
114,167,12
114,168,7
114,169,8
114,170,8
114,171,3
114,172,7
114,173,5
114,174,12
114,175,9
114,176,8
114,177,8
114,178,9
114,179,9
114,180,7
114,181,6
114,182,6
114,183,3
114,184,3
114,185,3
114,186,10
114,187,7
114,188,8
114,189,7
114,190,10
114,191,3
114,192,2
114,193,6
114,194,5
114,195,3
114,196,4
114,197,2
114,198,5
114,199,4
114,200,3
114,201,2
114,202,1
114,203,2
114,204,5
114,205,4
114,206,2
114,207,2
114,208,1
114,210,2
114,211,5
114,212,1
114,213,3
114,214,2
114,215,2
114,216,9
114,217,2
114,218,3
114,219,4
114,220,2
114,221,1
114,222,4
114,223,4
114,225,2
114,226,3
114,227,1
114,230,1
114,232,1
114,234,3
114,235,1
114,236,2
114,239,2
114,240,2
114,241,2
114,242,1
114,243,1
114,244,2
114,245,1
114,246,2
114,247,2
114,248,1
114,249,1
114,250,1
114,251,1
114,252,2
114,253,1
114,255,2
114,256,2
114,259,2
114,260,1
114,262,2
114,263,1
114,266,2
114,267,2
114,269,1
114,270,2
114,272,1
114,274,1
114,275,2
114,276,2
115,1,3
115,2,1
115,3,4
115,4,3
115,5,4
115,6,3
115,7,6
115,8,1
115,9,3
115,10,5
115,11,4
115,12,3
115,13,2
115,14,3
115,15,3
115,16,5
115,18,3
115,19,2
115,20,3
115,22,3
115,23,2
115,24,4
115,25,3
115,26,1
115,27,3
115,28,5
115,29,8
115,30,8
115,31,7
115,32,4
115,33,8
115,34,9
115,35,9
115,36,4
115,37,6
115,38,4
115,39,4
115,40,6
115,41,10
115,43,7
115,44,4
115,45,5
115,46,2
115,47,1
115,48,5
115,49,4
115,50,4
115,51,4
115,52,5
115,53,6
115,54,3
115,55,6
115,56,9
115,57,5
115,58,8
115,59,9
115,60,8
115,61,11
115,62,8
115,63,6
115,64,5
115,65,4
115,66,9
115,67,6
115,68,5
115,69,4
115,70,11
115,71,8
115,72,5
115,73,3
115,74,5
115,75,4
115,76,8
115,77,3
115,78,4
115,79,4
115,80,5
115,81,1
115,82,3
115,83,12
115,84,8
115,85,19
115,86,11
115,87,20
115,88,17
115,89,6
115,90,10
115,91,9
115,92,6
115,93,7
115,94,6
115,95,5
115,96,16
115,97,11
115,98,5
115,99,9
115,100,10
115,101,9
115,102,10
115,103,4
115,104,5
115,105,4
115,106,7
115,107,10
115,108,7
115,109,18
115,110,19
115,111,28
115,112,40
115,113,62
115,114,78
115,115,108
115,116,98
115,117,139
115,118,118
115,119,131
115,120,121
115,121,137
115,122,160
115,123,151
115,124,167
115,125,192
115,126,223
115,127,169
115,128,159
115,129,154
115,130,118
115,131,99
115,132,65
115,133,52
115,134,93
115,135,127
115,136,140
115,137,200
115,138,218
115,139,237
115,140,211
115,141,164
115,142,145
115,143,87
115,144,48
115,145,27
115,146,33
115,147,54
115,148,69
115,149,99
115,150,134
115,151,159
115,152,142
115,153,118
115,154,115
115,155,74
115,156,36
115,157,27
115,158,10
115,159,16
115,160,16
115,161,27
115,162,22
115,163,26
115,164,19
115,165,17
115,166,15
115,167,11
115,168,4
115,169,4
115,170,7
115,171,7
115,172,14
115,173,10
115,174,12
115,175,9
115,176,7
115,177,6
115,178,10
115,179,13
115,180,8
115,181,5
115,182,8
115,183,5
115,184,3
115,185,4
115,186,4
115,187,8
115,188,9
115,189,10
115,190,7
115,191,2
115,192,3
115,193,7
115,194,5
115,195,6
115,196,5
115,197,6
115,198,5
115,199,6
115,200,7
115,201,3
115,202,2
115,203,1
115,204,3
115,205,1
115,207,2
115,208,3
115,209,2
115,210,2
115,211,2
115,212,2
115,213,3
115,214,2
115,215,3
115,216,5
115,217,4
115,218,2
115,219,5
115,220,1
115,221,3
115,222,2
115,223,2
115,224,3
115,226,3
115,227,4
115,228,2
115,229,3
115,230,1
115,231,6
115,232,4
115,234,1
115,235,1
115,236,2
115,237,1
115,239,2
115,240,1
115,245,2
115,246,1
115,248,2
115,249,2
115,250,1
115,253,1
115,254,1
115,255,1
115,256,2
115,257,6
115,258,1
115,261,2
115,262,2
115,263,1
115,266,1
115,270,3
115,272,2
115,274,2
115,276,2
116,0,7
116,1,1
116,2,4
116,3,3
116,4,8
116,5,2
116,6,5
116,7,5
116,8,5
116,9,4
116,10,5
116,11,5
116,12,6
116,13,4
116,14,5
116,15,3
116,16,5
116,17,3
116,18,2
116,19,9
116,20,3
116,21,1
116,22,6
116,23,3
116,24,3
116,25,3
116,26,6
116,27,4
116,28,4
116,29,7
116,30,5
116,31,6
116,32,4
116,33,10
116,34,3
116,35,2
116,36,1
116,37,7
116,38,7
116,39,4
116,40,7
116,41,7
116,42,4
116,43,8
116,44,5
116,45,4
116,46,5
116,47,6
116,48,5
116,49,5
116,50,6
116,51,4
116,52,3
116,53,2
116,54,7
116,55,2
116,56,5
116,57,3
116,58,11
116,59,11
116,60,15
116,61,12
116,62,5
116,63,5
116,64,4
116,65,6
116,66,6
116,67,6
116,68,10
116,69,8
116,70,7
116,71,2
116,72,4
116,73,7
116,74,3
116,75,6
116,76,5
116,77,8
116,78,6
116,79,6
116,80,8
116,81,1
116,82,2
116,83,8
116,84,6
116,85,18
116,86,13
116,87,10
116,88,15
116,89,17
116,90,12
116,91,11
116,92,6
116,93,11
116,94,2
116,95,8
116,96,10
116,97,9
116,98,12
116,99,8
116,100,4
116,101,6
116,102,5
116,103,6
116,104,5
116,105,9
116,106,9
116,107,12
116,108,4
116,109,18
116,110,23
116,111,27
116,112,55
116,113,75
116,114,87
116,115,87
116,116,108
116,117,146
116,118,137
116,119,112
116,120,142
116,121,146
116,122,140
116,123,170
116,124,176
116,125,180
116,126,176
116,127,183
116,128,183
116,129,169
116,130,108
116,131,123
116,132,71
116,133,70
116,134,87
116,135,109
116,136,139
116,137,209
116,138,232
116,139,252
116,140,216
116,141,184
116,142,144
116,143,91
116,144,68
116,145,37
116,146,32
116,147,36
116,148,88
116,149,119
116,150,128
116,151,168
116,152,169
116,153,114
116,154,113
116,155,64
116,156,38
116,157,23
116,158,14
116,159,29
116,160,15
116,161,26
116,162,33
116,163,26
116,164,21
116,165,17
116,166,18
116,167,10
116,168,11
116,169,8
116,170,5
116,171,6
116,172,6
116,173,8
116,174,13
116,175,10
116,176,9
116,177,8
116,178,15
116,179,8
116,180,8
116,181,6
116,182,2
116,183,7
116,184,4
116,185,2
116,186,2
116,187,5
116,188,10
116,189,8
116,190,9
116,191,8
116,192,4
116,193,5
116,194,6
116,195,3
116,196,4
116,197,7
116,198,4
116,199,3
116,200,3
116,201,1
116,202,5
116,204,2
116,205,2
116,206,2
116,207,4
116,208,2
116,209,3
116,210,1
116,211,5
116,212,3
116,213,2
116,214,1
116,215,1
116,216,3
116,217,3
116,219,4
116,221,1
116,222,1
116,223,1
116,224,1
116,225,3
116,226,1
116,227,3
116,228,2
116,229,6
116,230,1
116,231,3
116,232,1
116,234,1
116,235,3
116,237,1
116,238,3
116,239,1
116,240,2
116,241,2
116,242,1
116,243,1
116,244,1
116,245,1
116,246,1
116,247,1
116,248,2
116,249,1
116,250,2
116,251,2
116,252,2
116,253,1
116,254,2
116,255,1
116,256,2
116,257,1
116,258,1
116,259,2
116,260,1
116,262,2
116,264,2
116,265,1
116,266,1
116,268,1
116,270,1
116,273,2
116,276,3
117,0,6
117,1,4
117,2,6
117,3,1
117,4,1
117,5,3
117,6,4
117,7,5
117,8,5
117,9,3
117,10,4
117,11,5
117,12,8
117,13,7
117,14,3
117,15,6
117,16,3
117,17,3
117,18,4
117,19,6
117,20,3
117,21,4
117,22,4
117,23,4
117,24,3
117,25,5
117,26,6
117,27,6
117,28,7
117,29,6
117,30,2
117,31,5
117,32,5
117,33,11
117,34,4
117,35,1
117,36,6
117,37,7
117,38,7
117,39,5
117,40,6
117,41,6
117,42,1
117,43,8
117,44,6
117,45,5
117,46,5
117,47,4
117,48,4
117,49,7
117,50,6
117,51,6
117,52,9
117,53,5
117,54,3
117,55,7
117,56,5
117,57,11
117,58,14
117,59,9
117,60,12
117,61,14
117,62,8
117,63,8
117,64,5
117,65,7
117,66,8
117,67,7
117,68,6
117,69,16
117,70,8
117,71,10
117,72,6
117,73,6
117,74,5
117,75,8
117,76,2
117,77,7
117,78,8
117,79,6
117,80,2
117,81,1
117,82,2
117,83,3
117,84,7
117,85,12
117,86,14
117,87,20
117,88,17
117,89,22
117,90,10
117,91,9
117,92,7
117,93,8
117,94,11
117,95,14
117,96,15
117,97,13
117,98,12
117,99,9
117,100,4
117,101,10
117,102,2
117,103,4
117,104,4
117,105,3
117,106,7
117,107,8
117,108,5
117,109,17
117,110,18
117,111,28
117,112,36
117,113,57
117,114,97
117,115,106
117,116,106
117,117,121
117,118,143
117,119,124
117,120,150
117,121,143
117,122,151
117,123,138
117,124,186
117,125,207
117,126,207
117,127,196
117,128,198
117,129,136
117,130,104
117,131,92
117,132,72
117,133,75
117,134,90
117,135,129
117,136,157
117,137,192
117,138,218
117,139,217
117,140,241
117,141,186
117,142,135
117,143,89
117,144,59
117,145,32
117,146,32
117,147,44
117,148,67
117,149,99
117,150,154
117,151,155
117,152,145
117,153,155
117,154,108
117,155,68
117,156,30
117,157,15
117,158,11
117,159,12
117,160,20
117,161,24
117,162,24
117,163,28
117,164,10
117,165,12
117,166,17
117,167,11
117,168,9
117,169,8
117,170,6
117,171,11
117,172,10
117,173,10
117,174,11
117,175,10
117,176,10
117,177,9
117,178,6
117,179,18
117,180,9
117,181,5
117,182,4
117,183,10
117,184,6
117,185,6
117,186,5
117,187,8
117,188,6
117,189,9
117,190,4
117,191,5
117,192,12
117,193,9
117,194,7
117,195,5
117,196,8
117,197,3
117,198,3
117,199,1
117,200,3
117,201,5
117,202,5
117,203,2
117,204,3
117,205,3
117,206,3
117,207,2
117,208,1
117,209,3
117,210,3
117,211,3
117,212,3
117,213,3
117,214,4
117,215,4
117,216,3
117,217,3
117,218,2
117,219,2
117,220,5
117,222,1
117,223,3
117,224,1
117,225,1
117,226,3
117,227,1
117,228,3
117,229,6
117,230,1
117,231,2
117,232,5
117,233,2
117,234,4
117,237,1
117,239,3
117,240,2
117,241,1
117,242,2
117,243,1
117,244,1
117,245,1
117,246,2
117,247,2
117,249,1
117,250,2
117,251,1
117,253,3
117,254,2
117,256,2
117,257,1
117,261,1
117,263,1
117,264,1
117,266,2
117,268,2
117,272,1
117,273,1
117,274,2
117,275,3
117,276,1
118,0,5
118,1,2
118,2,3
118,3,1
118,4,2
118,5,3
118,6,2
118,7,5
118,8,3
118,9,3
118,10,5
118,11,3
118,12,2
118,13,2
118,14,3
118,15,2
118,16,4
118,17,5
118,18,6
118,19,5
118,20,2
118,21,2
118,22,3
118,23,5
118,24,4
118,25,5
118,26,5
118,27,4
118,28,2
118,29,5
118,30,6
118,31,4
118,32,4
118,33,11
118,34,9
118,35,11
118,36,4
118,37,3
118,38,4
118,39,8
118,40,8
118,41,3
118,42,5
118,43,8
118,44,7
118,45,6
118,46,7
118,47,4
118,48,6
118,49,10
118,50,8
118,51,13
118,52,6
118,53,5
118,54,3
118,55,6
118,56,2
118,57,6
118,58,12
118,59,10
118,60,11
118,61,10
118,62,15
118,63,6
118,64,10
118,65,13
118,66,9
118,67,7
118,68,8
118,69,8
118,70,9
118,71,8
118,72,3
118,73,6
118,74,7
118,75,6
118,76,5
118,77,12
118,78,7
118,79,6
118,80,6
118,81,7
118,82,4
118,83,1
118,84,9
118,85,16
118,86,11
118,87,9
118,88,12
118,89,8
118,90,13
118,91,12
118,92,6
118,93,9
118,94,10
118,95,7
118,96,14
118,97,13
118,98,8
118,99,19
118,100,8
118,101,6
118,102,3
118,103,2
118,104,14
118,105,4
118,106,9
118,107,8
118,108,5
118,109,8
118,110,14
118,111,25
118,112,42
118,113,59
118,114,89
118,115,114
118,116,133
118,117,138
118,118,152
118,119,135
118,120,122
118,121,120
118,122,123
118,123,164
118,124,177
118,125,168
118,126,219
118,127,223
118,128,202
118,129,161
118,130,122
118,131,89
118,132,64
118,133,54
118,134,76
118,135,113
118,136,164
118,137,199
118,138,227
118,139,245
118,140,223
118,141,199
118,142,144
118,143,85
118,144,53
118,145,33
118,146,31
118,147,44
118,148,86
118,149,133
118,150,133
118,151,148
118,152,142
118,153,143
118,154,112
118,155,78
118,156,43
118,157,21
118,158,9
118,159,13
118,160,20
118,161,29
118,162,27
118,163,25
118,164,14
118,165,14
118,166,18
118,167,11
118,168,7
118,169,11
118,170,4
118,171,10
118,172,4
118,173,8
118,174,6
118,175,15
118,176,11
118,177,12
118,178,14
118,179,13
118,180,10
118,181,9
118,182,10
118,183,2
118,184,4
118,185,2
118,186,6
118,187,5
118,188,7
118,189,9
118,190,9
118,191,12
118,192,7
118,193,15
118,194,10
118,195,1
118,196,7
118,197,9
118,198,4
118,199,4
118,200,3
118,201,4
118,202,2
118,203,4
118,205,6
118,206,1
118,207,1
118,208,2
118,209,3
118,210,1
118,211,2
118,212,4
118,213,1
118,214,3
118,215,5
118,216,4
118,217,4
118,218,3
118,219,7
118,220,1
118,221,2
118,222,3
118,223,1
118,224,3
118,225,2
118,226,7
118,227,2
118,228,2
118,229,3
118,230,1
118,232,1
118,233,3
118,234,2
118,235,2
118,236,1
118,239,1
118,240,2
118,241,1
118,242,1
118,243,2
118,246,2
118,247,2
118,248,1
118,251,1
118,252,3
118,254,1
118,255,1
118,256,2
118,257,2
118,258,1
118,259,3
118,261,1
118,263,1
118,264,1
118,267,1
118,270,2
118,271,2
118,272,1
118,273,1
118,274,2
118,275,2
118,276,2
119,0,3
119,1,2
119,2,2
119,3,3
119,4,5
119,5,7
119,6,4
119,7,3
119,8,7
119,9,3
119,10,5
119,11,1
119,12,4
119,13,4
119,14,3
119,15,3
119,16,4
119,17,3
119,18,4
119,19,2
119,20,2
119,21,5
119,22,3
119,23,5
119,24,7
119,25,3
119,26,1
119,27,4
119,29,1
119,30,5
119,31,3
119,32,8
119,33,11
119,34,8
119,35,6
119,36,4
119,37,9
119,38,7
119,39,5
119,40,6
119,41,7
119,42,11
119,43,4
119,44,8
119,45,4
119,46,5
119,47,2
119,48,3
119,49,7
119,50,9
119,51,4
119,52,8
119,53,9
119,54,6
119,55,6
119,56,7
119,57,6
119,58,8
119,59,8
119,60,9
119,61,11
119,62,12
119,63,4
119,64,7
119,65,9
119,66,12
119,67,8
119,68,11
119,69,5
119,70,6
119,71,6
119,72,12
119,73,8
119,74,3
119,75,7
119,76,6
119,77,9
119,78,6
119,79,5
119,80,4
119,81,8
119,82,4
119,83,4
119,84,6
119,85,15
119,86,13
119,87,12
119,88,16
119,89,10
119,90,10
119,91,8
119,92,6
119,93,11
119,94,7
119,95,12
119,96,11
119,97,12
119,98,4
119,99,13
119,100,3
119,101,5
119,102,3
119,103,4
119,104,7
119,105,5
119,106,10
119,107,7
119,108,12
119,109,9
119,110,18
119,111,31
119,112,37
119,113,70
119,114,98
119,115,108
119,116,130
119,117,138
119,118,149
119,119,131
119,120,156
119,121,136
119,122,152
119,123,133
119,124,192
119,125,190
119,126,203
119,127,200
119,128,180
119,129,151
119,130,131
119,131,100
119,132,72
119,133,69
119,134,112
119,135,123
119,136,172
119,137,208
119,138,266
119,139,252
119,140,240
119,141,150
119,142,159
119,143,98
119,144,72
119,145,36
119,146,38
119,147,59
119,148,96
119,149,105
119,150,141
119,151,141
119,152,182
119,153,130
119,154,120
119,155,101
119,156,44
119,157,20
119,158,15
119,159,12
119,160,18
119,161,21
119,162,31
119,163,23
119,164,22
119,165,23
119,166,14
119,167,11
119,168,6
119,169,6
119,170,12
119,171,12
119,172,5
119,173,12
119,174,10
119,175,13
119,176,9
119,177,9
119,178,12
119,179,11
119,180,5
119,181,5
119,182,12
119,183,3
119,184,3
119,185,4
119,186,4
119,187,6
119,188,4
119,189,11
119,190,5
119,191,11
119,192,11
119,193,5
119,194,12
119,195,1
119,196,9
119,197,5
119,198,9
119,199,4
119,200,2
119,201,5
119,202,3
119,203,8
119,204,3
119,206,2
119,207,3
119,208,2
119,209,3
119,210,3
119,211,2
119,212,3
119,213,5
119,214,3
119,215,4
119,216,5
119,217,4
119,218,3
119,219,4
119,220,4
119,221,3
119,222,3
119,223,3
119,224,2
119,225,1
119,227,3
119,228,2
119,229,2
119,230,3
119,231,4
119,232,1
119,233,2
119,236,3
119,237,1
119,238,2
119,239,3
119,241,1
119,242,1
119,243,3
119,244,1
119,247,3
119,248,1
119,251,1
119,252,2
119,253,2
119,254,2
119,255,2
119,257,1
119,260,1
119,262,1
119,263,2
119,264,1
119,265,1
119,266,2
119,269,1
119,270,1
119,273,1
119,275,1
120,0,3
120,1,2
120,2,2
120,3,1
120,4,5
120,5,4
120,6,7
120,7,4
120,8,3
120,10,3
120,12,2
120,13,4
120,14,2
120,15,3
120,16,2
120,17,4
120,18,3
120,19,3
120,20,2
120,21,2
120,22,6
120,23,8
120,24,2
120,25,5
120,26,4
120,27,6
120,28,6
120,29,4
120,30,3
120,31,5
120,32,6
120,33,7
120,34,7
120,35,7
120,36,5
120,37,4
120,38,4
120,39,7
120,40,9
120,41,5
120,42,6
120,43,3
120,44,3
120,45,3
120,46,6
120,47,2
120,48,7
120,49,4
120,50,4
120,51,6
120,52,7
120,53,6
120,54,7
120,55,4
120,56,6
120,57,3
120,58,9
120,59,17
120,60,13
120,61,15
120,62,15
120,63,9
120,64,13
120,65,4
120,66,10
120,67,6
120,68,7
120,69,9
120,70,4
120,71,11
120,72,5
120,73,6
120,74,5
120,75,6
120,76,8
120,77,10
120,78,8
120,79,7
120,80,5
120,81,7
120,82,3
120,83,4
120,84,7
120,85,15
120,86,26
120,87,23
120,88,14
120,89,8
120,90,13
120,91,10
120,92,12
120,93,8
120,94,6
120,95,9
120,96,10
120,97,13
120,98,7
120,99,5
120,100,5
120,101,8
120,102,6
120,103,10
120,104,10
120,105,10
120,106,6
120,107,6
120,108,7
120,109,12
120,110,22
120,111,19
120,112,41
120,113,58
120,114,102
120,115,120
120,116,99
120,117,136
120,118,120
120,119,157
120,120,121
120,121,134
120,122,138
120,123,162
120,124,194
120,125,203
120,126,202
120,127,232
120,128,174
120,129,176
120,130,110
120,131,98
120,132,78
120,133,63
120,134,78
120,135,115
120,136,164
120,137,187
120,138,229
120,139,223
120,140,233
120,141,184
120,142,178
120,143,107
120,144,58
120,145,38
120,146,50
120,147,51
120,148,83
120,149,134
120,150,145
120,151,147
120,152,169
120,153,129
120,154,93
120,155,89
120,156,48
120,157,32
120,158,17
120,159,11
120,160,15
120,161,34
120,162,25
120,163,23
120,164,17
120,165,10
120,166,15
120,167,10
120,168,12
120,169,5
120,170,5
120,171,7
120,172,9
120,173,10
120,174,2
120,175,9
120,176,12
120,177,12
120,178,16
120,179,10
120,180,8
120,181,9
120,182,2
120,183,3
120,184,6
120,185,5
120,186,9
120,187,6
120,188,6
120,189,11
120,190,10
120,191,7
120,192,12
120,193,4
120,194,6
120,195,5
120,196,4
120,197,4
120,198,5
120,199,2
120,200,3
120,201,3
120,202,5
120,203,3
120,204,2
120,205,4
120,206,3
120,207,2
120,208,1
120,209,3
120,210,1
120,211,3
120,212,2
120,213,6
120,214,2
120,215,3
120,216,2
120,217,9
120,218,3
120,219,2
120,220,3
120,222,1
120,223,2
120,224,1
120,225,3
120,226,1
120,227,1
120,229,5
120,230,2
120,231,1
120,232,6
120,233,1
120,234,3
120,235,1
120,236,2
120,237,6
120,240,2
120,241,2
120,244,2
120,245,1
120,246,4
120,247,2
120,248,2
120,250,1
120,251,1
120,252,2
120,253,3
120,254,1
120,256,3
120,257,3
120,258,2
120,261,2
120,262,2
120,264,1
120,268,4
120,271,1
120,272,2
120,273,3
121,0,2
121,1,5
121,2,3
121,4,2
121,5,1
121,6,4
121,7,4
121,8,5
121,9,1
121,10,1
121,11,3
121,12,3
121,13,7
121,14,5
121,15,5
121,16,6
121,17,1
121,18,2
121,19,2
121,20,5
121,21,8
121,22,3
121,23,3
121,24,6
121,25,7
121,26,2
121,27,4
121,28,6
121,29,5
121,30,1
121,31,5
121,32,6
121,33,11
121,34,11
121,35,9
121,36,8
121,37,6
121,38,5
121,39,5
121,40,8
121,41,7
121,42,9
121,43,12
121,44,7
121,45,7
121,46,5
121,47,6
121,48,5
121,49,3
121,50,10
121,51,7
121,52,12
121,53,7
121,54,12
121,55,10
121,56,9
121,57,9
121,58,15
121,59,12
121,60,8
121,61,9
121,62,19
121,63,7
121,64,8
121,65,5
121,66,8
121,67,13
121,68,9
121,69,7
121,70,4
121,71,9
121,72,11
121,73,4
121,74,6
121,75,7
121,76,12
121,77,3
121,78,2
121,79,5
121,80,7
121,81,4
121,82,11
121,83,6
121,84,11
121,85,10
121,86,25
121,87,13
121,88,23
121,89,7
121,90,11
121,91,7
121,92,10
121,93,7
121,94,6
121,95,11
121,96,9
121,97,19
121,98,12
121,99,9
121,100,14
121,101,11
121,102,8
121,103,4
121,104,9
121,105,6
121,106,3
121,107,5
121,108,10
121,109,12
121,110,24
121,111,27
121,112,62
121,113,60
121,114,80
121,115,116
121,116,120
121,117,134
121,118,121
121,119,129
121,120,146
121,121,125
121,122,145
121,123,168
121,124,176
121,125,176
121,126,222
121,127,179
121,128,172
121,129,188
121,130,143
121,131,78
121,132,87
121,133,80
121,134,80
121,135,128
121,136,159
121,137,204
121,138,237
121,139,245
121,140,234
121,141,219
121,142,168
121,143,107
121,144,65
121,145,34
121,146,38
121,147,57
121,148,102
121,149,123
121,150,163
121,151,145
121,152,139
121,153,145
121,154,114
121,155,73
121,156,49
121,157,28
121,158,25
121,159,23
121,160,19
121,161,22
121,162,29
121,163,27
121,164,28
121,165,20
121,166,13
121,167,15
121,168,8
121,169,6
121,170,8
121,171,11
121,172,8
121,173,11
121,174,9
121,175,12
121,176,15
121,177,14
121,178,12
121,179,14
121,180,6
121,181,6
121,182,4
121,183,9
121,184,7
121,185,5
121,186,9
121,187,11
121,188,8
121,189,4
121,190,12
121,191,10
121,192,8
121,193,8
121,194,9
121,195,2
121,196,5
121,197,7
121,198,4
121,199,3
121,200,6
121,201,3
121,202,2
121,203,2
121,204,2
121,205,3
121,206,3
121,207,5
121,208,3
121,210,1
121,211,1
121,212,2
121,213,2
121,214,4
121,215,5
121,216,3
121,217,7
121,218,5
121,219,4
121,220,2
121,221,1
121,222,6
121,223,3
121,225,1
121,227,2
121,229,2
121,230,3
121,231,1
121,233,3
121,237,1
121,238,4
121,239,1
121,240,3
121,241,1
121,243,1
121,244,2
121,245,3
121,246,2
121,247,1
121,248,2
121,249,2
121,250,2
121,251,2
121,252,2
121,253,2
121,254,2
121,255,2
121,256,2
121,257,1
121,261,2
121,264,2
121,267,1
121,268,2
121,269,1
121,270,1
121,271,1
121,272,1
121,275,1
121,276,1
122,0,3
122,1,4
122,2,5
122,3,3
122,4,6
122,5,4
122,6,4
122,7,4
122,8,1
122,9,3
122,10,4
122,11,1
122,12,7
122,13,4
122,14,4
122,15,3
122,16,5
122,17,4
122,18,1
122,19,2
122,20,4
122,21,2
122,22,2
122,23,2
122,24,5
122,25,6
122,26,4
122,27,2
122,28,5
122,29,5
122,30,5
122,31,7
122,32,3
122,33,8
122,34,8
122,35,9
122,36,9
122,37,5
122,38,8
122,39,5
122,40,5
122,41,4
122,42,5
122,43,8
122,44,4
122,45,8
122,46,4
122,47,3
122,48,4
122,49,4
122,50,9
122,51,8
122,52,4
122,53,1
122,54,8
122,55,5
122,56,5
122,57,9
122,58,8
122,59,12
122,60,11
122,61,11
122,62,6
122,63,20
122,64,7
122,65,8
122,66,3
122,67,8
122,68,7
122,69,6
122,70,11
122,71,4
122,72,4
122,73,9
122,74,7
122,75,7
122,76,8
122,77,9
122,78,8
122,79,8
122,80,5
122,81,5
122,82,6
122,83,6
122,84,19
122,85,16
122,86,16
122,87,11
122,88,14
122,89,16
122,90,10
122,91,11
122,92,5
122,93,9
122,94,8
122,95,10
122,96,19
122,97,13
122,98,8
122,99,5
122,100,4
122,101,7
122,102,7
122,103,6
122,104,4
122,105,4
122,106,3
122,107,8
122,108,17
122,109,15
122,110,28
122,111,30
122,112,47
122,113,61
122,114,86
122,115,122
122,116,116
122,117,122
122,118,133
122,119,136
122,120,128
122,121,140
122,122,158
122,123,185
122,124,174
122,125,218
122,126,192
122,127,198
122,128,189
122,129,168
122,130,137
122,131,90
122,132,73
122,133,76
122,134,90
122,135,106
122,136,141
122,137,217
122,138,253
122,139,287
122,140,215
122,141,222
122,142,152
122,143,116
122,144,63
122,145,35
122,146,48
122,147,59
122,148,87
122,149,126
122,150,137
122,151,170
122,152,163
122,153,155
122,154,122
122,155,76
122,156,54
122,157,19
122,158,11
122,159,19
122,160,24
122,161,22
122,162,26
122,163,20
122,164,19
122,165,18
122,166,18
122,167,5
122,168,9
122,169,4
122,170,7
122,171,2
122,172,8
122,173,10
122,174,13
122,175,13
122,176,11
122,177,6
122,178,6
122,179,11
122,180,13
122,181,8
122,182,6
122,183,5
122,184,4
122,185,5
122,186,8
122,187,11
122,188,13
122,189,12
122,190,6
122,191,7
122,192,13
122,193,3
122,194,5
122,195,6
122,196,6
122,197,9
122,198,5
122,199,2
122,200,4
122,202,4
122,203,2
122,204,4
122,205,5
122,206,1
122,207,4
122,208,2
122,209,4
122,210,3
122,211,2
122,212,2
122,214,4
122,215,9
122,216,1
122,217,3
122,218,1
122,219,1
122,220,3
122,221,3
122,222,1
122,223,3
122,224,2
122,225,1
122,226,1
122,228,1
122,229,2
122,230,2
122,231,2
122,233,1
122,234,1
122,235,1
122,236,2
122,237,1
122,238,2
122,239,2
122,241,1
122,242,2
122,243,2
122,244,2
122,245,3
122,246,2
122,248,3
122,249,3
122,250,3
122,252,1
122,253,4
122,255,2
122,256,2
122,257,2
122,258,1
122,259,2
122,260,1
122,262,1
122,264,3
122,270,2
122,271,2
122,273,3
122,274,2
122,275,1
123,0,2
123,1,3
123,2,4
123,3,4
123,4,5
123,5,3
123,6,5
123,7,4
123,8,6
123,9,1
123,10,4
123,11,7
123,12,5
123,13,5
123,14,4
123,15,3
123,16,5
123,17,2
123,18,2
123,19,2
123,20,6
123,21,4
123,22,4
123,23,6
123,24,2
123,25,4
123,26,7
123,27,4
123,28,7
123,29,9
123,30,2
123,31,13
123,32,10
123,33,6
123,34,6
123,35,7
123,36,8
123,37,5
123,38,5
123,39,5
123,40,5
123,41,6
123,42,6
123,43,6
123,44,10
123,45,3
123,46,8
123,47,7
123,48,6
123,49,8
123,50,6
123,51,11
123,52,12
123,53,2
123,54,7
123,55,14
123,56,8
123,57,5
123,58,7
123,59,5
123,60,13
123,61,15
123,62,13
123,63,8
123,64,14
123,65,5
123,66,13
123,67,11
123,68,8
123,69,6
123,70,5
123,71,8
123,72,7
123,73,6
123,74,2
123,75,5
123,76,3
123,77,10
123,78,7
123,79,6
123,80,6
123,81,3
123,82,12
123,83,6
123,84,9
123,85,9
123,86,9
123,87,19
123,88,17
123,89,23
123,90,13
123,91,6
123,92,5
123,93,6
123,94,11
123,95,12
123,96,13
123,97,20
123,98,14
123,99,9
123,100,11
123,101,9
123,102,5
123,103,6
123,104,5
123,105,3
123,106,9
123,107,6
123,108,10
123,109,11
123,110,22
123,111,42
123,112,48
123,113,55
123,114,99
123,115,101
123,116,121
123,117,132
123,118,136
123,119,153
123,120,153
123,121,148
123,122,172
123,123,165
123,124,208
123,125,208
123,126,213
123,127,218
123,128,176
123,129,159
123,130,109
123,131,84
123,132,77
123,133,68
123,134,94
123,135,119
123,136,164
123,137,207
123,138,253
123,139,256
123,140,253
123,141,221
123,142,148
123,143,122
123,144,70
123,145,32
123,146,35
123,147,64
123,148,79
123,149,133
123,150,153
123,151,175
123,152,157
123,153,167
123,154,111
123,155,71
123,156,54
123,157,28
123,158,12
123,159,12
123,160,25
123,161,17
123,162,25
123,163,30
123,164,11
123,165,16
123,166,16
123,167,6
123,168,11
123,169,7
123,170,9
123,171,11
123,172,9
123,173,3
123,174,12
123,175,11
123,176,5
123,177,11
123,178,16
123,179,7
123,180,10
123,181,3
123,182,7
123,183,7
123,184,3
123,185,6
123,186,4
123,187,6
123,188,13
123,189,6
123,190,13
123,191,10
123,192,12
123,193,10
123,194,6
123,195,3
123,196,9
123,197,6
123,198,5
123,199,2
123,200,3
123,201,6
123,202,4
123,203,2
123,204,2
123,205,3
123,206,4
123,207,3
123,208,7
123,209,2
123,210,2
123,211,3
123,212,6
123,213,1
123,214,2
123,215,6
123,216,1
123,217,3
123,218,7
123,219,4
123,220,3
123,221,4
123,222,2
123,224,2
123,225,2
123,226,2
123,228,3
123,229,5
123,230,2
123,231,1
123,232,2
123,234,2
123,235,3
123,237,2
123,242,1
123,243,2
123,244,1
123,245,2
123,246,2
123,248,1
123,249,1
123,251,3
123,252,2
123,253,3
123,254,3
123,255,3
123,256,2
123,257,1
123,258,3
123,259,1
123,261,2
123,263,1
123,264,2
123,265,1
123,266,1
123,267,1
123,268,1
123,270,3
123,274,2
124,0,1
124,1,1
124,2,4
124,3,4
124,4,2
124,5,2
124,6,3
124,7,5
124,8,4
124,9,4
124,10,3
124,11,3
124,12,6
124,13,5
124,14,3
124,15,1
124,16,3
124,17,4
124,18,6
124,19,5
124,20,4
124,21,3
124,22,3
124,23,7
124,24,1
124,25,5
124,26,4
124,27,4
124,28,7
124,29,1
124,30,9
124,31,9
124,32,7
124,33,9
124,34,9
124,35,9
124,36,10
124,37,10
124,38,9
124,39,8
124,40,5
124,41,7
124,42,10
124,43,6
124,44,2
124,45,6
124,46,5
124,47,5
124,48,5
124,49,9
124,50,4
124,51,7
124,52,5
124,53,5
124,54,6
124,55,6
124,56,9
124,57,11
124,58,13
124,59,9
124,60,10
124,61,10
124,62,7
124,63,16
124,64,13
124,65,8
124,66,4
124,67,4
124,68,17
124,69,12
124,70,8
124,71,15
124,72,5
124,73,6
124,74,3
124,75,6
124,76,4
124,77,4
124,78,12
124,79,4
124,80,2
124,81,3
124,82,9
124,83,9
124,84,11
124,85,13
124,86,19
124,87,21
124,88,12
124,89,18
124,90,10
124,91,11
124,92,6
124,93,4
124,94,12
124,95,15
124,96,11
124,97,15
124,98,7
124,99,5
124,100,14
124,101,9
124,102,5
124,103,5
124,104,9
124,105,7
124,106,6
124,107,7
124,108,9
124,109,2
124,110,15
124,111,27
124,112,54
124,113,76
124,114,96
124,115,128
124,116,137
124,117,120
124,118,139
124,119,130
124,120,126
124,121,145
124,122,142
124,123,158
124,124,207
124,125,224
124,126,215
124,127,201
124,128,159
124,129,182
124,130,135
124,131,95
124,132,82
124,133,78
124,134,86
124,135,111
124,136,165
124,137,226
124,138,296
124,139,296
124,140,246
124,141,208
124,142,179
124,143,120
124,144,48
124,145,31
124,146,41
124,147,71
124,148,84
124,149,122
124,150,142
124,151,179
124,152,191
124,153,161
124,154,134
124,155,84
124,156,41
124,157,26
124,158,21
124,159,18
124,160,16
124,161,21
124,162,26
124,163,20
124,164,24
124,165,26
124,166,19
124,167,9
124,168,9
124,169,5
124,170,10
124,171,9
124,172,10
124,173,7
124,174,13
124,175,6
124,176,8
124,177,7
124,178,12
124,179,15
124,180,8
124,181,7
124,182,8
124,183,5
124,184,3
124,185,4
124,186,7
124,187,7
124,188,6
124,189,3
124,190,12
124,191,5
124,192,12
124,193,5
124,194,5
124,195,6
124,196,2
124,197,7
124,198,6
124,199,2
124,200,1
124,201,3
124,202,5
124,203,3
124,204,1
124,206,7
124,207,1
124,208,1
124,209,1
124,210,2
124,212,5
124,213,3
124,214,3
124,215,4
124,216,5
124,217,3
124,218,2
124,219,2
124,220,2
124,221,3
124,222,4
124,226,2
124,227,4
124,228,2
124,229,5
124,230,2
124,231,4
124,232,2
124,233,3
124,234,2
124,235,3
124,236,2
124,237,3
124,240,1
124,241,1
124,242,1
124,243,2
124,244,1
124,246,1
124,247,1
124,248,1
124,249,2
124,251,2
124,253,3
124,254,2
124,255,2
124,256,2
124,257,2
124,258,2
124,259,2
124,260,2
124,261,1
124,262,1
124,263,2
124,264,1
124,270,3
124,272,1
124,273,1
124,274,1
124,275,2
124,276,1
125,0,3
125,1,4
125,2,3
125,3,5
125,5,7
125,6,5
125,7,4
125,8,2
125,9,4
125,10,5
125,11,3
125,12,5
125,13,6
125,14,5
125,15,2
125,16,3
125,17,4
125,18,3
125,19,1
125,20,3
125,21,3
125,22,1
125,23,3
125,24,2
125,25,7
125,26,3
125,27,7
125,28,3
125,29,7
125,30,5
125,31,8
125,32,7
125,33,10
125,34,6
125,35,6
125,36,8
125,37,5
125,38,9
125,39,7
125,40,10
125,41,7
125,42,8
125,43,3
125,44,10
125,45,3
125,46,5
125,47,6
125,48,9
125,49,9
125,50,9
125,51,4
125,52,4
125,53,6
125,54,4
125,55,3
125,56,7
125,57,7
125,58,9
125,59,9
125,60,12
125,61,7
125,62,12
125,63,11
125,64,7
125,65,4
125,66,6
125,67,9
125,68,6
125,69,12
125,70,14
125,71,6
125,72,5
125,73,3
125,74,4
125,75,5
125,76,7
125,77,7
125,78,9
125,79,8
125,80,10
125,81,3
125,82,8
125,83,9
125,84,8
125,85,20
125,86,21
125,87,9
125,88,24
125,89,15
125,90,10
125,91,6
125,92,5
125,93,12
125,94,5
125,95,9
125,96,10
125,97,14
125,98,12
125,99,10
125,100,7
125,101,11
125,102,9
125,103,3
125,104,8
125,105,5
125,106,11
125,107,9
125,108,7
125,109,15
125,110,21
125,111,28
125,112,39
125,113,50
125,114,102
125,115,121
125,116,145
125,117,119
125,118,139
125,119,126
125,120,116
125,121,149
125,122,164
125,123,166
125,124,183
125,125,210
125,126,217
125,127,216
125,128,197
125,129,163
125,130,119
125,131,97
125,132,77
125,133,77
125,134,101
125,135,117
125,136,166
125,137,239
125,138,288
125,139,267
125,140,246
125,141,200
125,142,157
125,143,115
125,144,82
125,145,44
125,146,35
125,147,65
125,148,104
125,149,145
125,150,150
125,151,177
125,152,207
125,153,161
125,154,104
125,155,90
125,156,52
125,157,36
125,158,16
125,159,12
125,160,20
125,161,36
125,162,29
125,163,24
125,164,23
125,165,12
125,166,12
125,167,12
125,168,10
125,169,8
125,170,10
125,171,13
125,172,9
125,173,12
125,174,7
125,175,13
125,176,8
125,177,9
125,178,20
125,179,13
125,180,4
125,181,7
125,182,3
125,183,5
125,184,3
125,185,2
125,186,6
125,187,5
125,188,5
125,189,8
125,190,7
125,191,8
125,192,11
125,193,5
125,194,11
125,195,9
125,196,3
125,197,3
125,198,5
125,199,2
125,200,4
125,201,5
125,202,1
125,203,6
125,204,4
125,205,4
125,206,3
125,208,3
125,209,1
125,210,1
125,211,4
125,212,1
125,213,5
125,214,4
125,215,3
125,216,5
125,217,2
125,218,4
125,219,4
125,220,1
125,221,2
125,222,1
125,223,2
125,224,1
125,225,2
125,226,2
125,227,2
125,229,2
125,230,3
125,231,5
125,232,2
125,233,3
125,234,2
125,236,1
125,237,1
125,238,2
125,239,1
125,240,4
125,241,1
125,243,1
125,244,1
125,245,5
125,248,1
125,250,1
125,251,1
125,252,1
125,253,3
125,254,2
125,255,1
125,256,2
125,257,1
125,258,1
125,262,1
125,266,2
125,267,1
125,270,2
125,271,2
125,273,3
125,274,1
125,275,1
125,276,1
126,0,5
126,1,2
126,2,6
126,3,2
126,4,5
126,5,3
126,6,6
126,7,7
126,8,7
126,9,10
126,10,7
126,11,2
126,12,5
126,13,6
126,14,8
126,15,3
126,16,4
126,17,3
126,18,2
126,19,5
126,20,4
126,21,5
126,22,5
126,23,7
126,24,4
126,25,4
126,26,5
126,27,4
126,28,4
126,29,8
126,30,7
126,31,7
126,32,3
126,33,6
126,34,12
126,35,9
126,36,8
126,37,3
126,38,5
126,39,2
126,40,12
126,41,8
126,42,9
126,43,2
126,44,5
126,45,6
126,46,8
126,47,4
126,48,6
126,49,5
126,50,10
126,51,5
126,52,9
126,53,6
126,54,4
126,55,9
126,56,9
126,57,3
126,58,12
126,59,10
126,60,10
126,61,11
126,62,13
126,63,11
126,64,10
126,65,5
126,66,9
126,67,6
126,68,7
126,69,9
126,70,9
126,71,8
126,72,5
126,73,6
126,74,11
126,75,9
126,76,6
126,77,6
126,78,6
126,79,9
126,80,5
126,81,7
126,82,10
126,83,9
126,84,11
126,85,14
126,86,13
126,87,16
126,88,15
126,89,16
126,90,17
126,91,8
126,92,9
126,93,13
126,94,10
126,95,15
126,96,5
126,97,19
126,98,17
126,99,8
126,100,10
126,101,7
126,102,7
126,103,2
126,104,7
126,105,5
126,106,4
126,107,5
126,108,7
126,109,11
126,110,23
126,111,29
126,112,45
126,113,48
126,114,89
126,115,113
126,116,141
126,117,130
126,118,115
126,119,136
126,120,152
126,121,134
126,122,124
126,123,190
126,124,195
126,125,205
126,126,233
126,127,213
126,128,192
126,129,164
126,130,113
126,131,72
126,132,92
126,133,64
126,134,75
126,135,124
126,136,158
126,137,220
126,138,251
126,139,284
126,140,265
126,141,237
126,142,177
126,143,106
126,144,53
126,145,41
126,146,43
126,147,81
126,148,94
126,149,139
126,150,136
126,151,178
126,152,189
126,153,158
126,154,114
126,155,78
126,156,33
126,157,42
126,158,18
126,159,18
126,160,23
126,161,30
126,162,33
126,163,22
126,164,16
126,165,22
126,166,16
126,167,7
126,168,6
126,169,8
126,170,8
126,171,11
126,172,4
126,173,9
126,174,14
126,175,14
126,176,11
126,177,16
126,178,13
126,179,11
126,180,7
126,181,8
126,182,7
126,183,1
126,184,4
126,185,8
126,186,10
126,187,6
126,188,13
126,189,8
126,190,9
126,191,10
126,192,16
126,193,7
126,194,10
126,195,6
126,196,5
126,197,5
126,198,3
126,199,6
126,200,1
126,201,3
126,202,3
126,203,2
126,204,5
126,205,2
126,206,2
126,207,2
126,208,5
126,210,1
126,211,4
126,212,2
126,213,4
126,214,4
126,215,4
126,216,1
126,217,7
126,218,8
126,219,3
126,220,3
126,221,4
126,222,6
126,223,4
126,224,1
126,225,1
126,226,3
126,227,4
126,228,2
126,229,7
126,230,1
126,231,2
126,233,2
126,234,3
126,236,2
126,237,2
126,238,1
126,240,2
126,241,2
126,243,2
126,244,1
126,245,2
126,246,4
126,247,2
126,248,4
126,250,1
126,251,2
126,255,1
126,256,2
126,257,2
126,260,1
126,262,2
126,263,1
126,264,1
126,265,2
126,267,1
126,268,1
126,269,1
126,270,1
126,271,1
126,273,3
126,274,2
126,275,4
126,276,1
127,0,7
127,1,1
127,2,2
127,3,3
127,4,3
127,5,3
127,6,6
127,7,3
127,8,8
127,9,4
127,10,3
127,11,3
127,12,3
127,13,9
127,14,10
127,15,6
127,16,7
127,17,3
127,18,3
127,19,2
127,20,4
127,21,8
127,22,4
127,23,5
127,25,2
127,26,3
127,27,4
127,28,1
127,29,7
127,30,8
127,31,8
127,32,10
127,33,12
127,34,14
127,35,10
127,36,8
127,37,12
127,38,7
127,39,10
127,40,8
127,41,8
127,42,14
127,43,10
127,44,7
127,45,2
127,46,2
127,47,6
127,48,10
127,49,9
127,50,5
127,51,9
127,52,4
127,53,7
127,54,4
127,55,4
127,56,9
127,57,13
127,58,8
127,59,11
127,60,11
127,61,9
127,62,12
127,63,9
127,64,8
127,65,6
127,66,4
127,67,7
127,68,9
127,69,8
127,70,11
127,71,6
127,72,10
127,73,4
127,74,4
127,75,6
127,76,8
127,77,7
127,78,9
127,79,9
127,80,6
127,81,6
127,82,7
127,83,7
127,84,11
127,85,13
127,86,19
127,87,18
127,88,23
127,89,12
127,90,11
127,91,11
127,92,9
127,93,14
127,94,11
127,95,10
127,96,14
127,97,11
127,98,19
127,99,11
127,100,8
127,101,9
127,102,7
127,103,6
127,104,10
127,105,7
127,106,9
127,107,11
127,108,12
127,109,6
127,110,23
127,111,36
127,112,38
127,113,72
127,114,83
127,115,98
127,116,123
127,117,143
127,118,156
127,119,130
127,120,124
127,121,137
127,122,148
127,123,178
127,124,174
127,125,219
127,126,243
127,127,227
127,128,171
127,129,166
127,130,128
127,131,99
127,132,61
127,133,55
127,134,84
127,135,125
127,136,173
127,137,203
127,138,286
127,139,273
127,140,320
127,141,226
127,142,160
127,143,113
127,144,77
127,145,51
127,146,36
127,147,49
127,148,95
127,149,138
127,150,158
127,151,188
127,152,182
127,153,185
127,154,120
127,155,103
127,156,67
127,157,30
127,158,17
127,159,20
127,160,18
127,161,26
127,162,41
127,163,29
127,164,21
127,165,16
127,166,23
127,167,15
127,168,11
127,169,9
127,170,13
127,171,8
127,173,14
127,174,9
127,175,11
127,176,15
127,177,15
127,178,12
127,179,9
127,180,12
127,181,9
127,182,4
127,183,4
127,184,5
127,185,3
127,186,7
127,187,12
127,188,12
127,189,7
127,190,10
127,191,12
127,192,15
127,193,6
127,194,5
127,195,2
127,196,3
127,197,11
127,198,9
127,199,6
127,200,7
127,201,1
127,202,4
127,203,2
127,204,2
127,205,2
127,206,3
127,207,5
127,208,2
127,209,4
127,210,2
127,211,3
127,212,2
127,213,8
127,214,4
127,215,2
127,216,2
127,217,1
127,218,6
127,219,1
127,220,4
127,221,2
127,222,5
127,223,1
127,224,4
127,225,2
127,226,7
127,227,2
127,228,6
127,229,4
127,230,3
127,231,2
127,232,1
127,233,2
127,235,2
127,237,2
127,238,1
127,240,2
127,241,2
127,242,1
127,243,2
127,244,1
127,245,2
127,246,1
127,250,1
127,253,2
127,254,4
127,255,1
127,256,2
127,258,2
127,259,6
127,260,1
127,261,3
127,262,2
127,263,1
127,264,1
127,265,1
127,266,1
127,267,1
127,268,3
127,269,1
127,271,1
127,272,1
127,273,1
127,274,1
127,275,1
127,276,1
128,0,2
128,2,3
128,3,1
128,4,3
128,5,4
128,6,1
128,7,6
128,8,2
128,9,4
128,10,5
128,11,3
128,12,2
128,13,2
128,14,7
128,15,3
128,16,2
128,17,2
128,18,3
128,19,6
128,20,4
128,21,2
128,22,10
128,23,5
128,24,5
128,25,6
128,26,6
128,27,7
128,28,1
128,29,4
128,30,7
128,31,2
128,32,9
128,33,10
128,34,9
128,35,7
128,36,6
128,37,6
128,38,8
128,39,13
128,40,4
128,41,9
128,42,8
128,43,8
128,44,6
128,45,4
128,46,5
128,47,8
128,48,9
128,49,7
128,50,6
128,51,10
128,52,4
128,53,5
128,54,7
128,55,9
128,56,6
128,57,10
128,58,16
128,59,6
128,60,11
128,61,14
128,62,7
128,63,5
128,64,7
128,65,5
128,66,12
128,67,10
128,68,3
128,69,18
128,70,9
128,71,8
128,72,7
128,73,1
128,74,4
128,75,11
128,76,7
128,77,8
128,78,9
128,79,11
128,80,4
128,81,3
128,82,6
128,83,7
128,84,9
128,85,9
128,86,9
128,87,19
128,88,23
128,89,13
128,90,3
128,91,9
128,92,7
128,93,8
128,94,10
128,95,15
128,96,16
128,97,16
128,98,16
128,99,14
128,100,17
128,101,9
128,102,5
128,103,6
128,104,8
128,105,8
128,106,7
128,107,6
128,108,10
128,109,13
128,110,25
128,111,33
128,112,52
128,113,76
128,114,89
128,115,112
128,116,126
128,117,132
128,118,134
128,119,121
128,120,135
128,121,130
128,122,158
128,123,161
128,124,219
128,125,199
128,126,225
128,127,196
128,128,175
128,129,154
128,130,135
128,131,89
128,132,78
128,133,75
128,134,70
128,135,132
128,136,175
128,137,238
128,138,258
128,139,321
128,140,278
128,141,202
128,142,157
128,143,130
128,144,71
128,145,57
128,146,48
128,147,53
128,148,92
128,149,146
128,150,170
128,151,192
128,152,214
128,153,192
128,154,137
128,155,84
128,156,63
128,157,50
128,158,18
128,159,21
128,160,28
128,161,20
128,162,21
128,163,28
128,164,27
128,165,20
128,166,17
128,167,13
128,168,7
128,169,10
128,170,10
128,171,6
128,172,11
128,173,10
128,174,11
128,175,11
128,176,14
128,177,11
128,178,16
128,179,9
128,180,7
128,181,5
128,182,7
128,183,3
128,184,4
128,185,6
128,186,6
128,187,7
128,188,16
128,189,10
128,190,9
128,191,10
128,192,10
128,193,7
128,194,7
128,195,1
128,196,4
128,197,3
128,198,6
128,199,2
128,200,5
128,201,8
128,203,4
128,204,2
128,205,1
128,206,4
128,207,4
128,208,2
128,209,4
128,210,4
128,211,4
128,212,2
128,213,1
128,214,5
128,215,1
128,216,1
128,218,2
128,219,4
128,220,2
128,221,1
128,222,2
128,223,1
128,224,2
128,226,3
128,227,2
128,228,2
128,229,2
128,230,4
128,231,1
128,232,2
128,233,1
128,234,1
128,235,3
128,236,4
128,237,2
128,239,1
128,240,1
128,241,4
128,242,1
128,243,3
128,244,2
128,245,1
128,246,2
128,249,2
128,250,3
128,251,4
128,252,1
128,253,2
128,254,3
128,255,4
128,256,2
128,257,1
128,258,1
128,259,4
128,260,1
128,261,3
128,265,1
128,266,3
128,267,1
128,268,1
128,270,2
128,271,1
128,272,1
128,273,2
128,274,4
128,275,4
128,276,1
129,0,4
129,1,3
129,2,2
129,3,4
129,4,9
129,5,7
129,6,7
129,7,5
129,8,2
129,9,1
129,10,6
129,11,3
129,12,5
129,13,7
129,14,4
129,15,1
129,16,10
129,17,11
129,18,4
129,19,3
129,20,1
129,21,4
129,22,11
129,23,12
129,24,3
129,25,8
129,26,6
129,27,6
129,28,2
129,29,8
129,30,7
129,31,10
129,32,3
129,33,8
129,34,10
129,35,10
129,36,9
129,37,8
129,38,7
129,39,7
129,40,9
129,41,7
129,42,9
129,43,13
129,44,9
129,45,3
129,46,4
129,47,7
129,48,6
129,49,5
129,50,8
129,51,6
129,52,8
129,53,4
129,54,12
129,55,6
129,56,7
129,57,8
129,58,14
129,59,11
129,60,16
129,61,16
129,62,11
129,63,8
129,64,10
129,65,8
129,66,10
129,67,11
129,68,10
129,69,11
129,70,9
129,71,8
129,72,11
129,73,8
129,74,10
129,75,6
129,76,11
129,77,8
129,78,9
129,79,6
129,80,12
129,81,9
129,82,5
129,83,7
129,84,8
129,85,11
129,86,22
129,87,15
129,88,16
129,89,11
129,90,14
129,91,9
129,92,8
129,93,9
129,94,4
129,95,10
129,96,16
129,97,6
129,98,17
129,99,8
129,100,11
129,101,3
129,102,8
129,103,6
129,104,11
129,105,7
129,106,7
129,107,9
129,108,9
129,109,12
129,110,14
129,111,34
129,112,42
129,113,58
129,114,86
129,115,117
129,116,148
129,117,133
129,118,133
129,119,132
129,120,134
129,121,143
129,122,164
129,123,186
129,124,206
129,125,227
129,126,224
129,127,255
129,128,208
129,129,179
129,130,137
129,131,85
129,132,76
129,133,55
129,134,88
129,135,126
129,136,194
129,137,221
129,138,265
129,139,320
129,140,266
129,141,227
129,142,204
129,143,140
129,144,63
129,145,55
129,146,57
129,147,58
129,148,93
129,149,116
129,150,131
129,151,217
129,152,180
129,153,197
129,154,122
129,155,92
129,156,67
129,157,25
129,158,18
129,159,18
129,160,19
129,161,25
129,162,27
129,163,25
129,164,22
129,165,22
129,166,18
129,167,9
129,168,8
129,169,5
129,170,8
129,171,9
129,172,15
129,173,3
129,174,7
129,175,10
129,176,8
129,177,12
129,178,10
129,179,9
129,180,14
129,181,10
129,182,9
129,183,5
129,184,9
129,185,4
129,186,7
129,187,13
129,188,11
129,189,9
129,190,6
129,191,10
129,192,6
129,193,5
129,194,5
129,195,6
129,196,12
129,197,6
129,198,6
129,199,5
129,200,2
129,202,1
129,203,5
129,204,5
129,205,2
129,206,1
129,207,1
129,208,2
129,210,3
129,211,1
129,212,3
129,213,3
129,214,5
129,215,6
129,216,3
129,217,3
129,218,4
129,219,3
129,220,1
129,221,6
129,222,1
129,225,1
129,226,1
129,227,2
129,228,4
129,229,3
129,230,4
129,231,1
129,233,3
129,235,5
129,236,3
129,237,3
129,238,4
129,239,2
129,240,1
129,241,1
129,242,1
129,243,2
129,244,3
129,246,1
129,248,2
129,250,1
129,251,1
129,253,3
129,254,1
129,255,1
129,257,1
129,258,1
129,259,1
129,261,1
129,262,1
129,263,4
129,264,3
129,265,2
129,267,1
129,268,1
129,269,2
129,270,2
129,271,3
129,273,1
130,0,8
130,1,7
130,2,4
130,3,10
130,4,13
130,5,1
130,6,4
130,7,5
130,8,10
130,9,6
130,10,3
130,11,4
130,12,7
130,13,5
130,14,6
130,15,3
130,16,6
130,17,2
130,18,4
130,19,2
130,20,3
130,21,1
130,22,6
130,23,4
130,25,5
130,26,9
130,27,6
130,28,2
130,29,7
130,30,4
130,31,4
130,32,9
130,33,13
130,34,6
130,35,7
130,36,6
130,37,6
130,38,7
130,39,4
130,40,6
130,41,6
130,42,5
130,43,10
130,44,4
130,45,7
130,46,6
130,47,2
130,48,8
130,49,4
130,50,6
130,51,7
130,52,13
130,53,11
130,54,11
130,55,10
130,56,9
130,57,9
130,58,15
130,59,12
130,60,10
130,61,13
130,62,11
130,63,13
130,64,13
130,65,8
130,66,4
130,67,6
130,68,12
130,69,5
130,70,9
130,71,9
130,72,6
130,73,9
130,74,1
130,75,10
130,76,8
130,77,5
130,78,6
130,79,8
130,80,8
130,81,7
130,82,6
130,83,12
130,84,11
130,85,14
130,86,19
130,87,18
130,88,19
130,89,16
130,90,6
130,91,13
130,92,13
130,93,13
130,94,9
130,95,17
130,96,12
130,97,12
130,98,14
130,99,9
130,100,12
130,101,4
130,102,9
130,103,12
130,104,12
130,105,9
130,106,9
130,107,12
130,108,19
130,109,9
130,110,16
130,111,26
130,112,31
130,113,71
130,114,90
130,115,103
130,116,126
130,117,110
130,118,136
130,119,138
130,120,133
130,121,143
130,122,157
130,123,165
130,124,220
130,125,186
130,126,252
130,127,202
130,128,160
130,129,164
130,130,158
130,131,111
130,132,76
130,133,79
130,134,100
130,135,125
130,136,187
130,137,276
130,138,247
130,139,302
130,140,269
130,141,224
130,142,205
130,143,137
130,144,81
130,145,46
130,146,49
130,147,53
130,148,80
130,149,127
130,150,168
130,151,220
130,152,187
130,153,164
130,154,130
130,155,89
130,156,60
130,157,29
130,158,22
130,159,17
130,160,15
130,161,31
130,162,30
130,163,37
130,164,27
130,165,21
130,166,16
130,167,17
130,168,15
130,169,9
130,170,14
130,171,11
130,172,5
130,173,14
130,174,8
130,175,13
130,176,15
130,177,4
130,178,19
130,179,12
130,180,8
130,181,11
130,182,2
130,183,4
130,184,12
130,185,6
130,186,9
130,187,9
130,188,20
130,189,9
130,190,16
130,191,6
130,192,8
130,193,7
130,194,10
130,195,6
130,196,5
130,197,11
130,198,4
130,199,6
130,200,1
130,201,3
130,202,6
130,204,2
130,205,2
130,206,4
130,207,2
130,208,3
130,209,4
130,210,5
130,211,3
130,212,6
130,213,3
130,214,4
130,215,4
130,216,5
130,217,4
130,218,4
130,219,2
130,220,4
130,221,1
130,222,4
130,223,2
130,224,1
130,225,1
130,226,1
130,227,4
130,228,1
130,229,2
130,230,3
130,231,1
130,232,3
130,233,4
130,234,1
130,235,3
130,236,2
130,237,1
130,238,4
130,239,1
130,240,1
130,241,1
130,242,1
130,243,3
130,244,4
130,245,2
130,246,1
130,247,3
130,250,2
130,251,3
130,253,1
130,254,2
130,255,1
130,256,4
130,257,2
130,259,3
130,260,3
130,261,2
130,263,2
130,265,1
130,266,2
130,267,1
130,269,2
130,270,1
130,271,1
130,275,1
130,276,1
131,0,4
131,1,2
131,2,6
131,3,1
131,4,2
131,5,5
131,6,9
131,7,6
131,8,6
131,9,4
131,10,7
131,11,4
131,12,7
131,13,4
131,14,9
131,15,4
131,16,5
131,17,4
131,18,3
131,20,7
131,21,2
131,22,5
131,23,5
131,24,5
131,25,3
131,26,7
131,27,2
131,28,3
131,29,3
131,30,7
131,31,7
131,32,8
131,33,8
131,34,11
131,35,8
131,36,2
131,37,9
131,38,7
131,39,7
131,40,10
131,41,4
131,42,7
131,43,10
131,44,6
131,45,7
131,46,6
131,47,2
131,48,8
131,49,6
131,50,9
131,51,7
131,52,7
131,53,6
131,54,11
131,55,6
131,56,6
131,57,14
131,58,20
131,59,10
131,60,14
131,61,12
131,62,15
131,63,10
131,64,11
131,65,8
131,66,10
131,67,6
131,68,16
131,69,12
131,70,11
131,71,11
131,72,10
131,73,7
131,74,6
131,75,8
131,76,4
131,77,8
131,78,7
131,79,6
131,80,6
131,81,9
131,82,6
131,83,6
131,84,6
131,85,12
131,86,18
131,87,25
131,88,27
131,89,16
131,90,7
131,91,12
131,92,5
131,93,7
131,94,14
131,95,7
131,96,20
131,97,12
131,98,17
131,99,11
131,100,13
131,101,7
131,102,9
131,103,7
131,104,7
131,105,6
131,106,10
131,107,3
131,108,17
131,109,17
131,110,19
131,111,42
131,112,44
131,113,74
131,114,77
131,115,100
131,116,141
131,117,134
131,118,138
131,119,146
131,120,135
131,121,145
131,122,174
131,123,164
131,124,222
131,125,188
131,126,215
131,127,235
131,128,195
131,129,191
131,130,122
131,131,104
131,132,70
131,133,62
131,134,89
131,135,153
131,136,173
131,137,207
131,138,319
131,139,275
131,140,256
131,141,258
131,142,185
131,143,139
131,144,69
131,145,43
131,146,51
131,147,55
131,148,98
131,149,141
131,150,166
131,151,200
131,152,182
131,153,189
131,154,152
131,155,106
131,156,64
131,157,43
131,158,29
131,159,15
131,160,18
131,161,25
131,162,28
131,163,31
131,164,26
131,165,23
131,166,20
131,167,16
131,168,9
131,169,8
131,170,11
131,171,12
131,172,9
131,173,15
131,174,12
131,175,13
131,176,11
131,177,14
131,178,7
131,179,9
131,180,12
131,181,11
131,182,6
131,183,6
131,184,6
131,185,8
131,186,7
131,187,10
131,188,6
131,189,5
131,190,10
131,191,10
131,192,8
131,193,7
131,194,8
131,195,7
131,196,7
131,197,6
131,198,5
131,199,4
131,200,3
131,201,3
131,202,5
131,203,6
131,204,4
131,205,3
131,206,3
131,207,3
131,209,4
131,210,2
131,211,5
131,212,4
131,213,1
131,214,1
131,215,4
131,216,4
131,217,10
131,218,1
131,219,6
131,220,2
131,221,6
131,222,3
131,225,3
131,227,2
131,228,1
131,229,3
131,230,2
131,231,3
131,232,1
131,233,3
131,234,2
131,235,2
131,236,5
131,237,4
131,239,1
131,240,1
131,241,3
131,242,2
131,243,1
131,244,2
131,245,2
131,246,2
131,247,4
131,248,3
131,249,3
131,250,2
131,251,3
131,252,3
131,253,1
131,255,2
131,256,1
131,257,3
131,259,3
131,262,1
131,263,2
131,264,2
131,265,1
131,266,1
131,267,1
131,269,1
131,270,1
131,272,2
131,273,3
131,274,1
131,275,1
131,276,2
132,0,5
132,1,3
132,2,4
132,3,5
132,4,7
132,5,4
132,6,6
132,7,5
132,8,11
132,9,7
132,10,3
132,11,7
132,12,4
132,13,5
132,14,6
132,15,3
132,16,4
132,17,2
132,18,6
132,19,4
132,20,4
132,21,6
132,22,6
132,23,7
132,24,11
132,25,9
132,26,3
132,27,7
132,28,5
132,29,7
132,30,4
132,31,8
132,32,7
132,33,19
132,34,9
132,35,6
132,36,8
132,37,4
132,38,7
132,39,16
132,40,11
132,41,7
132,42,9
132,43,12
132,44,4
132,45,9
132,46,8
132,47,8
132,48,6
132,49,2
132,50,7
132,51,13
132,52,8
132,53,7
132,54,8
132,55,11
132,56,15
132,57,5
132,58,8
132,59,12
132,60,13
132,61,9
132,62,25
132,63,11
132,64,10
132,65,10
132,66,8
132,67,12
132,68,11
132,69,8
132,70,8
132,71,3
132,72,12
132,73,6
132,74,9
132,75,8
132,76,13
132,77,4
132,78,8
132,79,8
132,80,6
132,81,6
132,82,6
132,83,7
132,84,9
132,85,18
132,86,19
132,87,16
132,88,19
132,89,16
132,90,20
132,91,16
132,92,11
132,93,11
132,94,7
132,95,10
132,96,17
132,97,14
132,98,16
132,99,9
132,100,12
132,101,7
132,102,5
132,103,5
132,104,7
132,105,14
132,106,10
132,107,6
132,108,13
132,109,15
132,110,25
132,111,36
132,112,45
132,113,70
132,114,96
132,115,106
132,116,143
132,117,119
132,118,158
132,119,125
132,120,132
132,121,153
132,122,175
132,123,162
132,124,199
132,125,211
132,126,265
132,127,233
132,128,209
132,129,184
132,130,134
132,131,104
132,132,59
132,133,61
132,134,103
132,135,126
132,136,176
132,137,233
132,138,307
132,139,312
132,140,317
132,141,220
132,142,191
132,143,130
132,144,70
132,145,50
132,146,42
132,147,73
132,148,130
132,149,153
132,150,169
132,151,186
132,152,207
132,153,166
132,154,134
132,155,101
132,156,56
132,157,37
132,158,24
132,159,20
132,160,29
132,161,26
132,162,53
132,163,32
132,164,34
132,165,28
132,166,12
132,167,13
132,168,12
132,169,3
132,170,7
132,171,10
132,172,8
132,173,13
132,174,9
132,175,10
132,176,12
132,177,14
132,178,11
132,179,10
132,180,9
132,181,9
132,182,5
132,183,5
132,184,4
132,185,5
132,186,12
132,187,12
132,188,10
132,189,13
132,190,10
132,191,12
132,192,13
132,193,5
132,194,5
132,195,7
132,196,6
132,197,7
132,198,4
132,199,5
132,200,1
132,201,4
132,202,3
132,203,6
132,204,3
132,205,4
132,206,5
132,207,4
132,208,4
132,209,2
132,210,7
132,211,2
132,212,2
132,213,5
132,214,1
132,215,3
132,216,4
132,217,3
132,218,3
132,219,3
132,220,5
132,221,6
132,222,4
132,223,3
132,224,5
132,225,1
132,226,4
132,227,2
132,228,2
132,229,4
132,230,4
132,231,2
132,232,3
132,233,1
132,234,2
132,236,5
132,237,2
132,238,4
132,240,1
132,242,2
132,243,3
132,244,1
132,245,2
132,246,3
132,248,3
132,249,3
132,251,1
132,253,2
132,255,2
132,256,4
132,257,5
132,258,2
132,259,2
132,262,2
132,263,1
132,264,1
132,268,4
132,270,2
132,271,1
132,275,2
132,276,4
133,0,3
133,2,6
133,3,2
133,4,2
133,5,4
133,6,4
133,7,4
133,8,3
133,9,3
133,11,5
133,12,5
133,13,9
133,14,3
133,15,6
133,16,7
133,17,2
133,18,4
133,19,3
133,20,5
133,21,4
133,22,8
133,23,6
133,24,6
133,25,6
133,26,6
133,27,8
133,28,8
133,29,7
133,30,7
133,31,10
133,32,12
133,33,10
133,34,4
133,35,12
133,36,6
133,37,7
133,38,7
133,39,6
133,40,10
133,41,8
133,42,8
133,43,9
133,44,4
133,45,9
133,46,6
133,47,8
133,48,8
133,49,3
133,50,8
133,51,10
133,52,12
133,53,6
133,54,7
133,55,5
133,56,4
133,57,9
133,58,6
133,59,11
133,60,11
133,61,12
133,62,12
133,63,12
133,64,9
133,65,7
133,66,2
133,67,6
133,68,15
133,69,12
133,70,6
133,71,10
133,72,4
133,73,8
133,74,5
133,75,8
133,76,9
133,77,6
133,78,11
133,79,8
133,80,6
133,81,7
133,82,5
133,83,10
133,84,16
133,85,15
133,86,14
133,87,22
133,88,17
133,89,23
133,90,18
133,91,7
133,92,14
133,93,11
133,94,11
133,95,11
133,96,16
133,97,25
133,98,13
133,99,12
133,100,18
133,101,7
133,102,9
133,103,3
133,104,8
133,105,8
133,106,4
133,107,9
133,108,8
133,109,18
133,110,23
133,111,33
133,112,45
133,113,72
133,114,99
133,115,105
133,116,137
133,117,123
133,118,132
133,119,121
133,120,119
133,121,163
133,122,155
133,123,187
133,124,230
133,125,258
133,126,234
133,127,217
133,128,221
133,129,176
133,130,148
133,131,117
133,132,86
133,133,58
133,134,88
133,135,140
133,136,159
133,137,253
133,138,298
133,139,309
133,140,282
133,141,237
133,142,193
133,143,159
133,144,74
133,145,42
133,146,45
133,147,76
133,148,105
133,149,151
133,150,156
133,151,210
133,152,196
133,153,171
133,154,121
133,155,77
133,156,47
133,157,26
133,158,24
133,159,24
133,160,17
133,161,34
133,162,38
133,163,28
133,164,29
133,165,29
133,166,18
133,167,20
133,168,9
133,169,10
133,170,10
133,171,10
133,172,11
133,173,5
133,174,9
133,175,14
133,176,10
133,177,11
133,178,9
133,179,11
133,180,9
133,181,7
133,182,5
133,183,5
133,184,7
133,185,11
133,186,12
133,187,7
133,188,10
133,189,16
133,190,8
133,191,8
133,192,9
133,193,4
133,194,9
133,195,8
133,196,6
133,197,3
133,198,3
133,199,3
133,200,1
133,201,5
133,202,2
133,203,7
133,204,1
133,205,2
133,206,4
133,208,5
133,209,1
133,210,4
133,211,3
133,212,4
133,213,3
133,214,3
133,215,2
133,216,6
133,217,6
133,218,2
133,219,5
133,220,6
133,221,4
133,222,2
133,224,1
133,225,1
133,226,2
133,227,2
133,228,7
133,229,2
133,230,1
133,231,6
133,232,2
133,233,2
133,234,1
133,235,1
133,236,4
133,237,4
133,238,6
133,239,1
133,240,2
133,241,1
133,243,1
133,244,1
133,245,1
133,246,1
133,247,2
133,250,3
133,251,2
133,253,2
133,254,1
133,256,1
133,257,1
133,258,2
133,260,1
133,262,3
133,263,2
133,264,3
133,265,2
133,266,2
133,267,1
133,268,3
133,269,2
133,270,1
133,271,2
133,272,3
133,273,1
133,274,2
133,276,1
134,0,1
134,1,3
134,2,1
134,3,3
134,4,4
134,5,1
134,6,5
134,7,4
134,8,6
134,9,8
134,10,8
134,11,4
134,12,6
134,13,4
134,14,6
134,15,4
134,16,3
134,17,6
134,18,5
134,19,3
134,20,5
134,21,7
134,22,8
134,23,5
134,24,5
134,25,6
134,26,6
134,27,6
134,28,4
134,29,5
134,30,5
134,31,6
134,32,8
134,33,6
134,34,10
134,35,10
134,36,10
134,37,5
134,38,3
134,39,7
134,40,9
134,41,9
134,42,7
134,43,7
134,44,10
134,45,4
134,46,3
134,47,6
134,48,4
134,49,5
134,50,10
134,51,10
134,52,14
134,53,9
134,54,5
134,55,4
134,56,11
134,57,9
134,58,14
134,59,13
134,60,10
134,61,11
134,62,17
134,63,19
134,64,17
134,65,8
134,66,8
134,67,12
134,68,8
134,69,4
134,70,9
134,71,6
134,72,9
134,73,5
134,74,8
134,75,8
134,76,5
134,77,11
134,78,15
134,79,7
134,80,6
134,81,4
134,82,6
134,83,11
134,84,6
134,85,18
134,86,16
134,87,18
134,88,25
134,89,25
134,90,8
134,91,9
134,92,11
134,93,12
134,94,13
134,95,9
134,96,11
134,97,23
134,98,9
134,99,14
134,100,6
134,101,5
134,102,6
134,103,5
134,104,8
134,105,13
134,106,14
134,107,8
134,108,10
134,109,22
134,110,20
134,111,19
134,112,45
134,113,59
134,114,75
134,115,116
134,116,129
134,117,115
134,118,129
134,119,142
134,120,138
134,121,153
134,122,165
134,123,200
134,124,194
134,125,211
134,126,238
134,127,211
134,128,187
134,129,189
134,130,142
134,131,91
134,132,63
134,133,77
134,134,72
134,135,119
134,136,186
134,137,272
134,138,262
134,139,309
134,140,275
134,141,255
134,142,195
134,143,159
134,144,81
134,145,44
134,146,44
134,147,60
134,148,80
134,149,147
134,150,163
134,151,219
134,152,213
134,153,169
134,154,144
134,155,76
134,156,59
134,157,47
134,158,27
134,159,25
134,160,24
134,161,19
134,162,34
134,163,25
134,164,30
134,165,28
134,166,16
134,167,15
134,168,12
134,169,12
134,170,8
134,171,9
134,172,11
134,173,5
134,174,13
134,175,13
134,176,12
134,177,17
134,178,9
134,179,14
134,180,10
134,181,10
134,182,5
134,183,9
134,184,3
134,185,4
134,186,4
134,187,9
134,188,9
134,189,11
134,190,11
134,191,11
134,192,13
134,193,6
134,194,7
134,195,6
134,196,10
134,197,8
134,198,3
134,199,2
134,200,3
134,201,2
134,202,4
134,203,4
134,204,5
134,205,2
134,206,4
134,207,5
134,208,5
134,209,1
134,210,4
134,211,1
134,213,6
134,214,1
134,215,4
134,216,6
134,217,3
134,218,9
134,219,3
134,220,7
134,221,5
134,222,1
134,223,1
134,224,2
134,225,3
134,226,2
134,228,3
134,229,3
134,231,3
134,232,1
134,234,1
134,235,2
134,236,3
134,237,1
134,239,2
134,240,1
134,242,1
134,243,3
134,244,2
134,245,1
134,246,2
134,248,2
134,249,1
134,250,3
134,251,3
134,252,2
134,253,1
134,255,1
134,256,2
134,258,2
134,259,2
134,261,1
134,262,2
134,263,1
134,265,1
134,270,2
134,271,1
134,272,2
134,273,2
134,274,2
134,275,2
135,0,4
135,1,3
135,2,2
135,3,1
135,4,2
135,5,6
135,6,6
135,7,5
135,8,2
135,9,10
135,10,4
135,11,5
135,12,5
135,13,7
135,14,7
135,15,4
135,16,5
135,17,5
135,18,5
135,19,11
135,20,4
135,21,2
135,22,7
135,23,7
135,24,7
135,25,3
135,26,6
135,27,9
135,28,3
135,29,6
135,30,8
135,31,7
135,32,17
135,33,10
135,34,11
135,35,9
135,36,4
135,37,5
135,38,11
135,39,5
135,40,7
135,41,6
135,42,9
135,43,11
135,44,3
135,45,7
135,46,4
135,47,9
135,48,5
135,49,9
135,50,9
135,51,4
135,52,10
135,53,6
135,54,11
135,55,6
135,56,6
135,57,13
135,58,13
135,59,14
135,60,15
135,61,11
135,62,9
135,63,8
135,64,8
135,65,12
135,66,12
135,67,14
135,68,13
135,69,13
135,70,9
135,71,10
135,72,9
135,73,1
135,74,3
135,75,13
135,76,7
135,77,12
135,78,11
135,79,7
135,80,6
135,81,4
135,82,5
135,83,12
135,84,9
135,85,13
135,86,23
135,87,28
135,88,29
135,89,18
135,90,11
135,91,7
135,92,15
135,93,9
135,94,8
135,95,11
135,96,13
135,97,18
135,98,12
135,99,10
135,100,8
135,101,9
135,102,7
135,103,7
135,104,7
135,105,7
135,106,8
135,107,2
135,108,12
135,109,21
135,110,14
135,111,33
135,112,47
135,113,66
135,114,94
135,115,114
135,116,141
135,117,125
135,118,122
135,119,120
135,120,134
135,121,138
135,122,137
135,123,179
135,124,181
135,125,223
135,126,257
135,127,230
135,128,196
135,129,172
135,130,131
135,131,79
135,132,73
135,133,66
135,134,96
135,135,118
135,136,209
135,137,233
135,138,325
135,139,306
135,140,298
135,141,240
135,142,207
135,143,138
135,144,73
135,145,38
135,146,56
135,147,63
135,148,103
135,149,133
135,150,167
135,151,185
135,152,192
135,153,161
135,154,122
135,155,98
135,156,52
135,157,31
135,158,25
135,159,15
135,160,24
135,161,33
135,162,27
135,163,37
135,164,28
135,165,28
135,166,20
135,167,5
135,168,6
135,169,5
135,170,7
135,171,10
135,172,14
135,173,11
135,174,18
135,175,13
135,176,12
135,177,13
135,178,10
135,179,15
135,180,9
135,181,12
135,182,9
135,183,4
135,184,5
135,185,5
135,186,8
135,187,4
135,188,11
135,189,9
135,190,2
135,191,12
135,192,14
135,193,8
135,194,8
135,195,11
135,196,4
135,197,1
135,198,5
135,199,3
135,200,4
135,201,6
135,202,4
135,203,3
135,204,3
135,205,4
135,206,4
135,207,4
135,208,4
135,209,3
135,210,2
135,211,5
135,212,1
135,213,2
135,214,3
135,215,1
135,216,6
135,217,2
135,218,4
135,219,4
135,220,3
135,221,1
135,222,6
135,223,2
135,224,1
135,225,1
135,227,4
135,228,2
135,229,2
135,230,4
135,231,3
135,232,2
135,234,2
135,235,1
135,236,3
135,238,1
135,239,3
135,240,1
135,242,1
135,243,2
135,244,4
135,245,5
135,246,2
135,247,3
135,248,1
135,249,1
135,251,1
135,252,3
135,253,2
135,254,4
135,255,3
135,256,1
135,257,2
135,259,1
135,260,1
135,262,2
135,263,1
135,264,1
135,265,1
135,267,1
135,268,2
135,270,1
135,271,2
135,272,2
135,273,3
135,274,2
135,275,3
136,0,2
136,1,5
136,2,2
136,3,7
136,4,3
136,5,3
136,6,4
136,7,5
136,8,9
136,9,6
136,10,2
136,11,6
136,12,6
136,13,8
136,14,4
136,15,9
136,16,3
136,17,9
136,18,4
136,19,3
136,20,3
136,21,6
136,22,6
136,23,7
136,24,8
136,25,6
136,26,7
136,27,7
136,28,2
136,29,4
136,30,7
136,31,3
136,32,13
136,33,12
136,34,9
136,35,10
136,36,4
136,37,7
136,38,5
136,39,7
136,40,6
136,41,9
136,42,9
136,43,5
136,44,6
136,45,10
136,46,8
136,47,6
136,48,5
136,49,7
136,50,5
136,51,10
136,52,5
136,53,7
136,54,3
136,55,9
136,56,9
136,57,6
136,58,12
136,59,12
136,60,13
136,61,12
136,62,12
136,63,14
136,64,11
136,65,5
136,66,11
136,67,10
136,68,11
136,69,6
136,70,6
136,71,6
136,72,9
136,73,6
136,74,5
136,75,2
136,76,11
136,77,14
136,78,8
136,79,6
136,80,5
136,81,5
136,82,4
136,83,4
136,84,7
136,85,15
136,86,22
136,87,30
136,88,22
136,89,15
136,90,18
136,91,9
136,92,4
136,93,6
136,94,14
136,95,9
136,96,20
136,97,13
136,98,15
136,99,18
136,100,11
136,101,9
136,102,9
136,103,10
136,104,8
136,105,7
136,106,7
136,107,7
136,108,9
136,109,16
136,110,17
136,111,33
136,112,44
136,113,67
136,114,96
136,115,104
136,116,129
136,117,143
136,118,121
136,119,125
136,120,127
136,121,122
136,122,154
136,123,185
136,124,187
136,125,228
136,126,244
136,127,235
136,128,211
136,129,189
136,130,140
136,131,93
136,132,88
136,133,55
136,134,108
136,135,123
136,136,176
136,137,255
136,138,294
136,139,289
136,140,300
136,141,270
136,142,195
136,143,115
136,144,54
136,145,36
136,146,46
136,147,62
136,148,90
136,149,129
136,150,202
136,151,215
136,152,183
136,153,179
136,154,127
136,155,125
136,156,75
136,157,37
136,158,13
136,159,21
136,160,25
136,161,27
136,162,33
136,163,20
136,164,33
136,165,22
136,166,17
136,167,11
136,168,14
136,169,17
136,170,10
136,171,12
136,172,8
136,173,10
136,174,12
136,175,22
136,176,12
136,177,5
136,178,8
136,179,12
136,180,4
136,181,4
136,182,7
136,183,3
136,184,5
136,185,6
136,186,7
136,187,7
136,188,12
136,189,6
136,190,12
136,191,13
136,192,8
136,193,13
136,194,5
136,195,3
136,196,8
136,197,8
136,198,4
136,199,3
136,200,3
136,201,2
136,202,2
136,203,1
136,204,2
136,205,5
136,206,1
136,207,4
136,208,5
136,209,4
136,210,2
136,211,5
136,212,6
136,213,3
136,214,2
136,215,5
136,216,4
136,217,2
136,218,3
136,219,4
136,220,4
136,221,4
136,222,2
136,223,1
136,224,3
136,226,1
136,227,1
136,228,2
136,229,4
136,230,1
136,232,3
136,234,4
136,236,3
136,237,3
136,238,3
136,239,5
136,241,2
136,242,1
136,243,1
136,244,2
136,245,2
136,247,2
136,248,1
136,249,2
136,250,2
136,251,2
136,252,3
136,253,2
136,255,1
136,256,1
136,257,2
136,258,2
136,259,6
136,260,2
136,261,3
136,263,2
136,264,2
136,265,3
136,266,4
136,270,1
136,271,2
136,272,1
136,274,1
136,275,3
136,276,1
137,0,5
137,1,6
137,2,2
137,3,5
137,4,7
137,5,3
137,6,7
137,7,8
137,8,7
137,9,6
137,10,6
137,11,8
137,12,6
137,13,2
137,14,9
137,15,6
137,16,6
137,17,5
137,18,5
137,19,5
137,20,4
137,21,4
137,22,4
137,23,4
137,24,3
137,25,6
137,26,10
137,27,6
137,28,4
137,29,7
137,30,8
137,31,10
137,32,10
137,33,12
137,34,7
137,35,11
137,36,5
137,37,7
137,38,7
137,39,7
137,40,8
137,41,14
137,42,7
137,43,5
137,44,6
137,45,8
137,46,3
137,47,6
137,48,5
137,49,7
137,50,6
137,51,8
137,52,8
137,53,17
137,54,7
137,55,8
137,56,5
137,57,13
137,58,10
137,59,12
137,60,17
137,61,18
137,62,14
137,63,5
137,64,10
137,65,7
137,66,11
137,67,15
137,68,7
137,69,8
137,70,10
137,71,13
137,72,4
137,73,6
137,74,8
137,75,3
137,76,11
137,77,11
137,78,9
137,79,14
137,80,9
137,81,10
137,82,9
137,83,5
137,84,12
137,85,9
137,86,23
137,87,23
137,88,15
137,89,24
137,90,17
137,91,14
137,92,7
137,93,5
137,94,10
137,95,13
137,96,14
137,97,20
137,98,12
137,99,4
137,100,15
137,101,8
137,102,11
137,103,2
137,104,11
137,105,9
137,106,10
137,107,13
137,108,7
137,109,16
137,110,20
137,111,35
137,112,55
137,113,68
137,114,87
137,115,100
137,116,134
137,117,123
137,118,120
137,119,129
137,120,130
137,121,124
137,122,160
137,123,175
137,124,202
137,125,201
137,126,237
137,127,209
137,128,193
137,129,155
137,130,140
137,131,89
137,132,74
137,133,66
137,134,85
137,135,110
137,136,180
137,137,238
137,138,291
137,139,303
137,140,260
137,141,253
137,142,181
137,143,147
137,144,74
137,145,39
137,146,52
137,147,69
137,148,104
137,149,136
137,150,142
137,151,207
137,152,190
137,153,199
137,154,137
137,155,96
137,156,61
137,157,43
137,158,29
137,159,21
137,160,16
137,161,20
137,162,35
137,163,27
137,164,29
137,165,24
137,166,14
137,167,17
137,168,10
137,169,5
137,170,15
137,171,11
137,172,11
137,173,14
137,174,14
137,175,9
137,176,8
137,177,16
137,178,14
137,179,11
137,180,9
137,181,12
137,182,6
137,183,2
137,184,9
137,185,8
137,186,5
137,187,8
137,188,12
137,189,6
137,190,14
137,191,15
137,192,4
137,193,8
137,194,6
137,195,3
137,196,9
137,197,8
137,198,3
137,199,3
137,200,3
137,201,2
137,202,4
137,203,2
137,204,2
137,205,4
137,206,3
137,207,5
137,208,3
137,209,6
137,210,4
137,211,3
137,212,3
137,213,4
137,214,3
137,215,7
137,216,5
137,217,3
137,218,5
137,219,1
137,220,4
137,221,4
137,222,5
137,223,2
137,224,5
137,225,2
137,226,3
137,227,1
137,228,3
137,229,1
137,230,2
137,232,1
137,233,1
137,234,1
137,235,3
137,237,3
137,238,2
137,239,4
137,240,2
137,241,1
137,242,2
137,243,4
137,244,5
137,246,1
137,247,1
137,248,3
137,249,2
137,251,5
137,252,1
137,253,3
137,254,3
137,255,3
137,256,2
137,257,2
137,258,1
137,259,1
137,260,1
137,261,2
137,266,1
137,267,1
137,269,1
137,270,2
137,271,5
137,272,3
137,273,1
137,275,2
137,276,1
138,0,9
138,1,3
138,2,4
138,3,2
138,4,2
138,5,4
138,6,4
138,7,7
138,8,7
138,9,4
138,10,3
138,11,4
138,12,5
138,13,5
138,14,3
138,15,2
138,16,6
138,17,6
138,18,1
138,19,2
138,20,3
138,22,4
138,23,7
138,24,2
138,25,6
138,26,5
138,27,7
138,28,8
138,29,4
138,30,4
138,31,5
138,32,7
138,33,9
138,34,7
138,35,8
138,36,11
138,37,7
138,38,7
138,39,7
138,40,12
138,41,5
138,42,4
138,43,7
138,44,5
138,45,4
138,46,9
138,47,6
138,48,4
138,49,6
138,50,7
138,51,10
138,52,11
138,53,10
138,54,10
138,55,9
138,56,9
138,57,11
138,58,8
138,59,12
138,60,26
138,61,10
138,62,20
138,63,9
138,64,11
138,65,14
138,66,10
138,67,11
138,68,7
138,69,9
138,70,11
138,71,5
138,72,7
138,73,3
138,74,7
138,75,10
138,76,9
138,77,7
138,78,10
138,79,10
138,80,13
138,81,6
138,82,10
138,83,15
138,84,12
138,85,21
138,86,20
138,87,18
138,88,20
138,89,15
138,90,13
138,91,16
138,92,11
138,93,6
138,94,12
138,95,18
138,96,13
138,97,13
138,98,18
138,99,12
138,100,7
138,101,6
138,102,10
138,103,8
138,104,7
138,105,8
138,106,5
138,107,5
138,108,11
138,109,22
138,110,21
138,111,35
138,112,36
138,113,44
138,114,90
138,115,98
138,116,124
138,117,146
138,118,142
138,119,126
138,120,142
138,121,148
138,122,160
138,123,165
138,124,184
138,125,225
138,126,238
138,127,256
138,128,210
138,129,179
138,130,130
138,131,86
138,132,61
138,133,75
138,134,74
138,135,131
138,136,175
138,137,231
138,138,310
138,139,342
138,140,265
138,141,243
138,142,178
138,143,153
138,144,87
138,145,45
138,146,43
138,147,54
138,148,86
138,149,155
138,150,154
138,151,253
138,152,212
138,153,178
138,154,120
138,155,88
138,156,76
138,157,44
138,158,24
138,159,21
138,160,26
138,161,31
138,162,40
138,163,44
138,164,25
138,165,18
138,166,19
138,167,10
138,168,9
138,169,9
138,170,11
138,171,13
138,172,11
138,173,6
138,174,6
138,175,6
138,176,11
138,177,17
138,178,20
138,179,14
138,180,10
138,181,12
138,182,8
138,183,6
138,184,2
138,185,6
138,186,16
138,187,7
138,188,12
138,189,10
138,190,8
138,191,11
138,192,6
138,193,7
138,194,6
138,195,13
138,196,5
138,197,6
138,198,6
138,199,4
138,200,3
138,201,6
138,202,1
138,203,3
138,204,4
138,205,3
138,206,3
138,207,1
138,208,3
138,209,4
138,210,6
138,211,2
138,212,1
138,213,2
138,214,3
138,215,5
138,216,6
138,217,4
138,218,5
138,219,5
138,220,4
138,222,2
138,223,1
138,224,2
138,227,4
138,228,5
138,229,3
138,230,5
138,231,2
138,232,1
138,233,2
138,234,4
138,235,1
138,237,1
138,238,1
138,239,4
138,240,3
138,241,1
138,243,1
138,244,1
138,245,1
138,246,2
138,248,2
138,249,2
138,251,1
138,252,1
138,253,2
138,254,2
138,255,2
138,256,4
138,257,1
138,258,2
138,259,1
138,260,1
138,261,1
138,262,1
138,263,1
138,265,1
138,266,1
138,267,2
138,268,1
138,270,1
138,271,2
138,272,1
138,273,1
138,274,1
138,275,1
138,276,1
139,0,1
139,1,4
139,2,3
139,3,5
139,4,4
139,5,7
139,6,7
139,7,6
139,8,5
139,9,3
139,10,10
139,11,6
139,12,5
139,13,11
139,14,7
139,15,6
139,16,3
139,17,5
139,18,1
139,19,8
139,20,4
139,21,7
139,22,7
139,23,7
139,24,6
139,25,7
139,26,7
139,27,10
139,28,3
139,29,3
139,30,10
139,31,15
139,32,6
139,33,10
139,34,8
139,35,8
139,36,7
139,37,7
139,38,12
139,39,10
139,40,5
139,41,4
139,42,5
139,43,10
139,44,6
139,45,6
139,46,6
139,47,8
139,48,7
139,49,6
139,50,7
139,51,9
139,52,8
139,53,6
139,54,12
139,55,9
139,56,9
139,57,12
139,58,9
139,59,7
139,60,12
139,61,14
139,62,9
139,63,10
139,64,10
139,65,12
139,66,12
139,67,12
139,68,13
139,69,8
139,70,9
139,71,5
139,72,5
139,73,8
139,74,7
139,75,8
139,76,12
139,77,3
139,78,16
139,79,10
139,80,8
139,81,8
139,82,6
139,83,7
139,84,8
139,85,17
139,86,15
139,87,30
139,88,20
139,89,25
139,90,13
139,91,8
139,92,9
139,93,11
139,94,9
139,95,16
139,96,17
139,97,18
139,98,14
139,99,18
139,100,5
139,101,9
139,102,4
139,103,6
139,104,9
139,105,6
139,106,6
139,107,5
139,108,8
139,109,10
139,110,16
139,111,26
139,112,51
139,113,87
139,114,101
139,115,109
139,116,134
139,117,144
139,118,160
139,119,149
139,120,141
139,121,128
139,122,149
139,123,161
139,124,209
139,125,297
139,126,212
139,127,235
139,128,208
139,129,192
139,130,140
139,131,91
139,132,83
139,133,55
139,134,94
139,135,113
139,136,167
139,137,232
139,138,308
139,139,295
139,140,300
139,141,252
139,142,185
139,143,125
139,144,53
139,145,47
139,146,42
139,147,62
139,148,98
139,149,147
139,150,219
139,151,225
139,152,207
139,153,174
139,154,140
139,155,99
139,156,58
139,157,31
139,158,23
139,159,19
139,160,17
139,161,29
139,162,29
139,163,27
139,164,31
139,165,22
139,166,18
139,167,18
139,168,14
139,169,13
139,170,8
139,171,18
139,172,11
139,173,9
139,174,6
139,175,11
139,176,13
139,177,17
139,178,13
139,179,12
139,180,14
139,181,7
139,182,7
139,183,5
139,184,6
139,185,5
139,186,7
139,187,6
139,188,10
139,189,12
139,190,15
139,191,8
139,192,11
139,193,7
139,194,12
139,195,5
139,196,10
139,197,7
139,198,2
139,199,5
139,201,4
139,202,5
139,203,4
139,204,3
139,205,3
139,206,2
139,207,5
139,208,3
139,209,4
139,210,4
139,211,4
139,212,6
139,213,2
139,214,7
139,215,2
139,216,2
139,217,4
139,218,3
139,219,5
139,220,2
139,221,2
139,222,3
139,223,3
139,224,1
139,225,1
139,226,2
139,227,4
139,228,3
139,229,2
139,230,3
139,231,5
139,232,4
139,233,1
139,234,2
139,235,6
139,236,1
139,237,3
139,238,2
139,239,3
139,240,3
139,241,2
139,242,4
139,243,1
139,244,2
139,245,1
139,246,1
139,247,2
139,248,2
139,249,2
139,251,1
139,252,1
139,254,2
139,256,1
139,257,3
139,259,1
139,260,1
139,261,1
139,262,2
139,263,4
139,264,1
139,265,1
139,268,1
139,270,2
139,271,1
139,273,1
139,274,4
139,275,1
140,0,4
140,1,6
140,2,10
140,3,4
140,4,6
140,5,5
140,6,7
140,7,8
140,8,6
140,9,4
140,10,6
140,11,9
140,12,2
140,13,3
140,14,7
140,15,5
140,16,4
140,17,8
140,18,7
140,19,3
140,20,3
140,21,8
140,22,5
140,23,4
140,24,8
140,25,4
140,26,5
140,27,10
140,28,11
140,29,4
140,30,3
140,31,4
140,32,7
140,33,6
140,34,6
140,35,7
140,36,7
140,37,7
140,38,6
140,39,14
140,40,7
140,41,9
140,42,10
140,43,12
140,44,4
140,45,4
140,46,4
140,47,8
140,48,6
140,49,5
140,50,13
140,51,7
140,52,8
140,53,8
140,54,10
140,55,6
140,56,7
140,57,7
140,58,11
140,59,13
140,60,15
140,61,9
140,62,14
140,63,13
140,64,7
140,65,10
140,66,8
140,67,12
140,68,8
140,69,16
140,70,3
140,71,10
140,72,10
140,73,9
140,74,9
140,75,9
140,76,15
140,77,7
140,78,7
140,79,6
140,80,8
140,81,3
140,82,3
140,83,7
140,84,7
140,85,14
140,86,15
140,87,22
140,88,26
140,89,19
140,90,19
140,91,15
140,92,7
140,93,7
140,94,13
140,95,8
140,96,8
140,97,18
140,98,11
140,99,12
140,100,15
140,101,11
140,102,10
140,103,1
140,104,11
140,105,7
140,106,8
140,107,7
140,108,8
140,109,15
140,110,22
140,111,47
140,112,42
140,113,64
140,114,84
140,115,93
140,116,115
140,117,140
140,118,146
140,119,130
140,120,133
140,121,136
140,122,145
140,123,166
140,124,191
140,125,220
140,126,225
140,127,194
140,128,239
140,129,182
140,130,115
140,131,94
140,132,75
140,133,87
140,134,79
140,135,100
140,136,142
140,137,252
140,138,291
140,139,333
140,140,310
140,141,226
140,142,190
140,143,137
140,144,91
140,145,41
140,146,42
140,147,73
140,148,97
140,149,147
140,150,209
140,151,233
140,152,213
140,153,166
140,154,148
140,155,91
140,156,51
140,157,31
140,158,20
140,159,21
140,160,25
140,161,27
140,162,31
140,163,27
140,164,27
140,165,29
140,166,14
140,167,14
140,168,9
140,169,13
140,170,10
140,171,10
140,172,8
140,173,12
140,174,10
140,175,9
140,176,10
140,177,9
140,178,14
140,179,14
140,180,5
140,181,9
140,182,4
140,183,4
140,184,5
140,185,6
140,186,3
140,187,8
140,188,12
140,189,15
140,190,18
140,191,4
140,192,17
140,193,7
140,194,8
140,195,9
140,196,6
140,197,3
140,198,1
140,199,4
140,200,7
140,201,3
140,202,2
140,203,4
140,204,2
140,205,1
140,206,5
140,207,2
140,208,1
140,209,4
140,210,2
140,211,2
140,212,4
140,213,1
140,214,3
140,215,2
140,216,2
140,217,1
140,218,2
140,219,1
140,220,4
140,221,2
140,222,2
140,223,2
140,224,2
140,225,3
140,226,1
140,227,1
140,228,4
140,230,2
140,231,1
140,232,1
140,233,2
140,234,1
140,235,4
140,236,3
140,237,1
140,238,1
140,239,2
140,241,1
140,242,1
140,243,1
140,244,3
140,245,1
140,247,3
140,248,1
140,249,1
140,250,1
140,251,2
140,252,1
140,253,4
140,254,1
140,258,2
140,259,3
140,261,1
140,262,2
140,264,1
140,266,2
140,267,1
140,270,1
140,271,2
140,272,1
140,273,2
140,274,1
140,275,1
140,276,1
141,0,8
141,1,4
141,2,8
141,3,6
141,4,9
141,5,4
141,6,6
141,7,3
141,8,9
141,9,3
141,10,7
141,11,7
141,12,6
141,13,6
141,14,3
141,15,1
141,16,3
141,17,4
141,18,6
141,19,5
141,20,3
141,21,4
141,22,4
141,23,4
141,24,9
141,25,8
141,26,5
141,27,7
141,28,8
141,29,3
141,30,5
141,31,8
141,32,7
141,33,11
141,34,10
141,35,14
141,36,4
141,37,4
141,38,5
141,39,8
141,40,6
141,41,12
141,42,11
141,43,10
141,44,7
141,45,9
141,46,5
141,47,9
141,48,2
141,49,10
141,50,7
141,51,7
141,52,4
141,53,5
141,54,8
141,55,8
141,56,6
141,57,10
141,58,13
141,59,15
141,60,11
141,61,11
141,62,10
141,63,19
141,64,19
141,65,12
141,66,6
141,67,7
141,68,10
141,69,12
141,70,13
141,71,9
141,72,8
141,73,10
141,74,4
141,75,7
141,76,7
141,77,9
141,78,9
141,79,12
141,80,3
141,81,10
141,82,7
141,83,6
141,84,7
141,85,18
141,86,21
141,87,28
141,88,18
141,89,15
141,90,7
141,91,13
141,92,10
141,93,9
141,94,16
141,95,16
141,96,15
141,97,12
141,98,15
141,99,15
141,100,17
141,101,8
141,102,10
141,103,4
141,104,12
141,105,8
141,106,8
141,107,14
141,108,6
141,109,9
141,110,18
141,111,29
141,112,51
141,113,68
141,114,91
141,115,101
141,116,137
141,117,169
141,118,121
141,119,133
141,120,141
141,121,152
141,122,161
141,123,169
141,124,195
141,125,247
141,126,236
141,127,240
141,128,191
141,129,165
141,130,139
141,131,94
141,132,74
141,133,65
141,134,94
141,135,141
141,136,174
141,137,230
141,138,330
141,139,302
141,140,332
141,141,272
141,142,182
141,143,138
141,144,77
141,145,40
141,146,54
141,147,56
141,148,101
141,149,152
141,150,217
141,151,187
141,152,212
141,153,164
141,154,159
141,155,127
141,156,73
141,157,26
141,158,22
141,159,10
141,160,24
141,161,25
141,162,32
141,163,25
141,164,23
141,165,16
141,166,16
141,167,10
141,168,14
141,169,11
141,170,14
141,171,10
141,172,9
141,173,10
141,174,11
141,175,12
141,176,11
141,177,15
141,178,18
141,179,15
141,180,11
141,181,9
141,182,7
141,183,9
141,184,6
141,185,5
141,186,9
141,187,7
141,188,8
141,189,11
141,190,9
141,191,9
141,192,7
141,193,9
141,194,8
141,195,11
141,196,7
141,197,4
141,198,1
141,199,2
141,200,2
141,201,1
141,202,2
141,203,5
141,204,5
141,205,1
141,206,6
141,207,1
141,208,5
141,209,3
141,210,4
141,211,3
141,212,3
141,213,6
141,214,5
141,215,6
141,216,7
141,217,3
141,218,4
141,219,3
141,220,4
141,221,1
141,222,4
141,223,2
141,224,1
141,226,1
141,227,4
141,229,2
141,230,7
141,231,3
141,232,4
141,233,4
141,234,3
141,235,1
141,236,2
141,237,4
141,239,2
141,242,3
141,244,1
141,245,1
141,246,2
141,247,2
141,248,4
141,250,3
141,251,4
141,252,2
141,253,1
141,254,3
141,255,2
141,257,1
141,258,1
141,260,2
141,262,1
141,263,1
141,267,2
141,268,2
141,269,1
141,270,1
141,271,2
141,273,3
141,274,2
141,275,4
141,276,3
142,0,2
142,1,2
142,2,4
142,3,2
142,4,5
142,5,2
142,6,6
142,7,9
142,8,7
142,9,4
142,10,4
142,11,5
142,12,6
142,13,12
142,14,7
142,15,8
142,16,3
142,17,4
142,18,5
142,19,8
142,20,5
142,21,5
142,22,5
142,23,15
142,24,4
142,25,7
142,26,9
142,27,8
142,28,8
142,29,8
142,30,5
142,31,7
142,32,8
142,33,6
142,34,10
142,35,10
142,36,11
142,37,5
142,38,11
142,39,11
142,40,11
142,41,12
142,42,10
142,43,3
142,44,3
142,45,9
142,46,6
142,47,2
142,48,6
142,49,9
142,50,11
142,51,8
142,52,5
142,53,9
142,54,8
142,55,1
142,56,8
142,57,5
142,58,20
142,59,12
142,60,17
142,61,9
142,62,16
142,63,12
142,64,11
142,65,9
142,66,9
142,67,3
142,68,14
142,69,8
142,70,11
142,71,11
142,72,6
142,73,9
142,74,10
142,75,8
142,76,4
142,77,16
142,78,8
142,79,11
142,80,8
142,81,3
142,82,9
142,83,8
142,84,14
142,85,12
142,86,20
142,87,26
142,88,11
142,89,19
142,90,13
142,91,13
142,92,17
142,93,11
142,94,8
142,95,14
142,96,17
142,97,21
142,98,19
142,99,18
142,100,9
142,101,2
142,102,7
142,103,5
142,104,7
142,105,6
142,106,6
142,107,9
142,108,6
142,109,9
142,110,24
142,111,34
142,112,40
142,113,79
142,114,106
142,115,102
142,116,142
142,117,123
142,118,134
142,119,145
142,120,133
142,121,137
142,122,164
142,123,182
142,124,199
142,125,246
142,126,244
142,127,229
142,128,202
142,129,146
142,130,140
142,131,109
142,132,75
142,133,54
142,134,84
142,135,123
142,136,160
142,137,257
142,138,317
142,139,311
142,140,262
142,141,251
142,142,204
142,143,129
142,144,83
142,145,47
142,146,43
142,147,70
142,148,101
142,149,150
142,150,215
142,151,197
142,152,185
142,153,198
142,154,128
142,155,84
142,156,51
142,157,43
142,158,18
142,159,22
142,160,25
142,161,18
142,162,28
142,163,37
142,164,23
142,165,27
142,166,11
142,167,16
142,168,11
142,169,15
142,170,12
142,171,5
142,172,6
142,173,11
142,174,10
142,175,10
142,176,12
142,177,15
142,178,22
142,179,16
142,180,9
142,181,9
142,182,5
142,183,1
142,184,7
142,185,7
142,186,13
142,187,10
142,188,6
142,189,12
142,190,12
142,191,7
142,192,9
142,193,8
142,194,7
142,195,13
142,196,12
142,197,1
142,198,4
142,199,5
142,200,2
142,201,7
142,202,2
142,203,3
142,204,1
142,205,4
142,206,3
142,207,2
142,208,2
142,209,5
142,210,3
142,211,3
142,212,4
142,213,6
142,214,1
142,215,3
142,216,1
142,217,3
142,218,6
142,219,5
142,220,4
142,221,5
142,222,3
142,223,1
142,224,2
142,225,1
142,227,2
142,228,2
142,229,3
142,231,2
142,232,4
142,233,2
142,234,2
142,235,1
142,236,2
142,237,2
142,238,1
142,239,1
142,240,1
142,242,1
142,243,4
142,244,1
142,245,2
142,246,1
142,248,2
142,251,2
142,252,2
142,253,4
142,254,3
142,255,4
142,256,2
142,257,3
142,258,4
142,260,1
142,261,3
142,262,1
142,263,1
142,265,4
142,266,1
142,267,2
142,268,2
142,270,1
142,271,1
142,272,1
142,273,4
142,274,1
142,275,1
142,276,3
143,0,3
143,1,6
143,2,5
143,3,1
143,4,2
143,5,3
143,6,3
143,7,5
143,8,9
143,9,4
143,10,9
143,11,3
143,12,4
143,13,5
143,14,7
143,15,4
143,16,7
143,17,8
143,18,3
143,19,5
143,20,6
143,21,5
143,22,3
143,23,5
143,24,6
143,25,7
143,26,4
143,27,6
143,28,10
143,29,8
143,30,11
143,31,9
143,32,14
143,33,8
143,34,11
143,35,9
143,36,8
143,37,6
143,38,7
143,39,10
143,40,10
143,41,10
143,42,8
143,43,9
143,44,8
143,45,7
143,46,5
143,47,9
143,48,11
143,49,4
143,50,5
143,51,9
143,52,11
143,53,10
143,54,10
143,55,5
143,56,4
143,57,9
143,58,17
143,59,16
143,60,10
143,61,12
143,62,13
143,63,8
143,64,11
143,65,13
143,66,8
143,67,11
143,68,5
143,69,8
143,70,6
143,71,10
143,72,9
143,73,9
143,74,8
143,75,6
143,76,6
143,77,11
143,78,6
143,79,7
143,80,2
143,81,9
143,82,2
143,83,17
143,84,9
143,85,17
143,86,15
143,87,20
143,88,13
143,89,23
143,90,15
143,91,9
143,92,10
143,93,8
143,94,12
143,95,13
143,96,19
143,97,17
143,98,10
143,99,6
143,100,10
143,101,7
143,102,4
143,103,8
143,104,6
143,105,5
143,106,11
143,107,7
143,108,12
143,109,12
143,110,22
143,111,31
143,112,44
143,113,57
143,114,88
143,115,143
143,116,130
143,117,174
143,118,121
143,119,120
143,120,130
143,121,161
143,122,151
143,123,175
143,124,177
143,125,207
143,126,225
143,127,211
143,128,198
143,129,162
143,130,135
143,131,89
143,132,73
143,133,66
143,134,91
143,135,104
143,136,148
143,137,257
143,138,303
143,139,302
143,140,278
143,141,239
143,142,193
143,143,147
143,144,82
143,145,39
143,146,61
143,147,66
143,148,88
143,149,140
143,150,173
143,151,209
143,152,221
143,153,210
143,154,136
143,155,105
143,156,58
143,157,43
143,158,21
143,159,15
143,160,18
143,161,26
143,162,36
143,163,40
143,164,37
143,165,23
143,166,20
143,167,11
143,168,12
143,169,10
143,170,3
143,171,10
143,172,13
143,173,8
143,174,10
143,175,12
143,176,13
143,177,10
143,178,12
143,179,13
143,180,12
143,181,15
143,182,14
143,183,9
143,184,9
143,185,6
143,186,10
143,187,8
143,188,13
143,189,10
143,190,12
143,191,7
143,192,7
143,193,9
143,194,7
143,195,7
143,196,1
143,197,2
143,198,3
143,199,7
143,200,2
143,201,3
143,202,4
143,203,4
143,204,3
143,205,3
143,206,2
143,207,3
143,208,1
143,209,5
143,210,2
143,211,3
143,212,2
143,213,2
143,214,8
143,215,4
143,216,6
143,217,5
143,218,6
143,219,1
143,220,9
143,221,3
143,222,1
143,223,3
143,224,2
143,225,2
143,227,2
143,228,3
143,229,1
143,230,1
143,231,6
143,232,2
143,233,1
143,234,2
143,235,3
143,236,3
143,237,1
143,238,2
143,239,2
143,240,5
143,241,1
143,242,2
143,243,2
143,244,1
143,245,2
143,246,2
143,247,2
143,252,4
143,253,2
143,254,1
143,255,4
143,256,1
143,257,3
143,258,3
143,259,1
143,260,1
143,261,3
143,262,1
143,264,1
143,265,2
143,268,2
143,269,1
143,270,1
143,271,1
143,272,2
143,273,1
143,274,3
143,275,1
143,276,2
144,0,5
144,1,3
144,2,4
144,3,5
144,4,7
144,5,8
144,6,11
144,7,5
144,8,5
144,9,4
144,10,8
144,11,7
144,12,6
144,13,6
144,14,1
144,15,4
144,16,6
144,17,4
144,18,3
144,19,1
144,20,6
144,21,5
144,22,3
144,23,8
144,24,4
144,25,6
144,26,2
144,27,6
144,28,7
144,29,4
144,30,6
144,31,11
144,32,7
144,33,10
144,34,3
144,35,5
144,36,13
144,37,2
144,38,13
144,39,10
144,40,7
144,41,4
144,42,10
144,43,10
144,44,8
144,45,6
144,46,5
144,47,8
144,48,7
144,49,8
144,50,14
144,51,6
144,52,8
144,53,6
144,54,6
144,55,5
144,56,10
144,57,5
144,58,10
144,59,11
144,60,19
144,61,20
144,62,9
144,63,11
144,64,6
144,65,7
144,66,15
144,67,10
144,68,7
144,69,11
144,70,17
144,71,5
144,72,4
144,73,11
144,74,7
144,75,6
144,76,12
144,77,6
144,78,9
144,79,8
144,80,15
144,81,6
144,82,7
144,83,9
144,84,12
144,85,15
144,86,14
144,87,14
144,88,21
144,89,23
144,90,17
144,91,5
144,92,7
144,93,12
144,94,8
144,95,8
144,96,14
144,97,15
144,98,18
144,99,10
144,100,9
144,101,12
144,102,12
144,103,8
144,104,9
144,105,9
144,106,10
144,107,6
144,108,15
144,109,9
144,110,18
144,111,31
144,112,46
144,113,69
144,114,105
144,115,94
144,116,145
144,117,135
144,118,125
144,119,122
144,120,113
144,121,148
144,122,145
144,123,189
144,124,208
144,125,218
144,126,189
144,127,220
144,128,188
144,129,183
144,130,147
144,131,95
144,132,60
144,133,70
144,134,76
144,135,123
144,136,183
144,137,280
144,138,291
144,139,317
144,140,304
144,141,267
144,142,202
144,143,152
144,144,66
144,145,51
144,146,36
144,147,65
144,148,101
144,149,139
144,150,218
144,151,214
144,152,205
144,153,155
144,154,150
144,155,84
144,156,80
144,157,50
144,158,23
144,159,26
144,160,28
144,161,28
144,162,38
144,163,30
144,164,25
144,165,24
144,166,17
144,167,19
144,168,9
144,169,9
144,170,10
144,171,7
144,172,10
144,173,12
144,174,10
144,175,12
144,176,9
144,177,15
144,178,23
144,179,8
144,180,21
144,181,6
144,182,8
144,183,6
144,184,4
144,185,11
144,186,9
144,187,8
144,188,13
144,189,10
144,190,12
144,191,7
144,192,7
144,193,14
144,194,7
144,195,5
144,196,6
144,197,4
144,198,6
144,199,6
144,200,3
144,201,4
144,202,4
144,203,3
144,204,5
144,205,5
144,206,5
144,207,5
144,208,4
144,209,3
144,210,3
144,211,5
144,212,1
144,213,2
144,214,2
144,216,3
144,217,2
144,218,6
144,219,1
144,220,2
144,221,2
144,222,3
144,223,3
144,224,1
144,225,1
144,226,3
144,227,3
144,228,4
144,229,4
144,230,4
144,231,1
144,232,3
144,233,1
144,235,4
144,236,1
144,239,2
144,240,1
144,241,2
144,242,2
144,243,5
144,245,1
144,246,3
144,247,2
144,248,1
144,249,1
144,250,2
144,251,2
144,252,1
144,253,1
144,254,5
144,255,2
144,256,4
144,257,6
144,258,1
144,259,1
144,260,3
144,261,1
144,262,1
144,264,1
144,265,1
144,267,1
144,271,2
144,272,2
144,273,1
144,274,1
144,276,1
145,0,5
145,1,5
145,2,6
145,3,7
145,4,2
145,5,5
145,6,6
145,7,16
145,8,5
145,9,8
145,10,6
145,11,4
145,12,7
145,13,3
145,14,1
145,15,7
145,16,5
145,17,6
145,18,6
145,19,4
145,20,9
145,21,7
145,22,5
145,23,5
145,24,5
145,25,5
145,26,3
145,27,7
145,28,6
145,29,2
145,30,10
145,31,9
145,32,11
145,33,15
145,34,12
145,35,17
145,36,11
145,37,10
145,38,11
145,39,8
145,40,13
145,41,11
145,42,15
145,43,6
145,44,11
145,45,8
145,46,4
145,47,7
145,48,5
145,49,6
145,50,15
145,51,8
145,52,6
145,53,8
145,54,7
145,55,8
145,56,7
145,57,6
145,58,4
145,59,10
145,60,10
145,61,13
145,62,12
145,63,12
145,64,16
145,65,13
145,66,13
145,67,11
145,68,10
145,69,8
145,70,8
145,71,8
145,72,6
145,73,5
145,74,9
145,75,5
145,76,12
145,77,11
145,78,7
145,79,10
145,80,8
145,81,7
145,82,5
145,83,7
145,84,12
145,85,18
145,86,17
145,87,20
145,88,27
145,89,22
145,90,15
145,91,11
145,92,11
145,93,6
145,94,7
145,95,10
145,96,12
145,97,14
145,98,14
145,99,14
145,100,10
145,101,2
145,102,12
145,103,5
145,104,11
145,105,7
145,106,6
145,107,9
145,108,12
145,109,15
145,110,25
145,111,27
145,112,46
145,113,70
145,114,81
145,115,105
145,116,121
145,117,125
145,118,131
145,119,111
145,120,126
145,121,126
145,122,141
145,123,177
145,124,175
145,125,228
145,126,243
145,127,228
145,128,173
145,129,173
145,130,127
145,131,80
145,132,71
145,133,69
145,134,94
145,135,118
145,136,180
145,137,259
145,138,329
145,139,326
145,140,290
145,141,252
145,142,204
145,143,127
145,144,75
145,145,46
145,146,44
145,147,61
145,148,89
145,149,146
145,150,178
145,151,201
145,152,190
145,153,165
145,154,141
145,155,103
145,156,49
145,157,41
145,158,17
145,159,13
145,160,23
145,161,26
145,162,24
145,163,22
145,164,33
145,165,27
145,166,17
145,167,12
145,168,17
145,169,12
145,170,7
145,171,9
145,172,9
145,173,10
145,174,9
145,175,10
145,176,13
145,177,12
145,178,11
145,179,12
145,180,15
145,181,12
145,182,2
145,183,10
145,184,5
145,185,9
145,186,7
145,187,9
145,188,12
145,189,11
145,190,16
145,191,16
145,192,5
145,193,7
145,194,7
145,195,8
145,196,10
145,197,5
145,198,6
145,199,2
145,200,5
145,201,2
145,202,4
145,203,1
145,204,4
145,206,5
145,207,4
145,208,2
145,210,4
145,211,1
145,212,4
145,213,4
145,214,2
145,215,3
145,216,1
145,217,5
145,218,3
145,219,1
145,220,4
145,221,2
145,222,3
145,223,5
145,224,3
145,225,3
145,226,1
145,227,2
145,228,2
145,229,2
145,230,4
145,231,2
145,232,4
145,233,2
145,234,1
145,237,2
145,239,1
145,245,3
145,246,1
145,247,1
145,249,3
145,250,1
145,252,1
145,254,6
145,255,1
145,256,3
145,257,3
145,258,2
145,259,1
145,260,2
145,261,1
145,262,1
145,265,1
145,266,1
145,267,1
145,268,1
145,271,1
145,272,3
145,273,2
145,275,1
145,276,1
146,0,4
146,1,2
146,2,2
146,4,6
146,5,6
146,6,4
146,7,1
146,8,11
146,9,5
146,10,7
146,11,2
146,12,1
146,13,5
146,15,3
146,16,9
146,17,3
146,18,2
146,19,5
146,20,3
146,21,8
146,22,4
146,23,5
146,24,3
146,25,3
146,26,6
146,27,6
146,28,3
146,29,9
146,30,5
146,31,7
146,32,8
146,33,7
146,34,12
146,35,7
146,36,7
146,37,9
146,38,12
146,39,10
146,40,7
146,41,7
146,42,12
146,43,13
146,44,4
146,45,4
146,46,6
146,47,6
146,48,4
146,49,9
146,50,5
146,51,9
146,52,13
146,53,10
146,54,3
146,55,8
146,56,8
146,57,6
146,58,9
146,59,25
146,60,11
146,61,22
146,62,11
146,63,15
146,64,13
146,65,5
146,66,9
146,67,15
146,68,13
146,69,18
146,70,10
146,71,7
146,72,10
146,73,8
146,74,8
146,75,7
146,76,12
146,77,6
146,78,9
146,79,9
146,80,5
146,81,9
146,82,5
146,83,6
146,84,16
146,85,11
146,86,24
146,87,21
146,88,22
146,89,15
146,90,13
146,91,12
146,92,11
146,93,14
146,94,12
146,95,19
146,96,17
146,97,21
146,98,17
146,99,19
146,100,17
146,101,5
146,102,8
146,103,9
146,104,4
146,105,5
146,106,19
146,107,6
146,108,10
146,109,10
146,110,18
146,111,33
146,112,40
146,113,75
146,114,90
146,115,111
146,116,105
146,117,142
146,118,136
146,119,110
146,120,146
146,121,115
146,122,127
146,123,163
146,124,225
146,125,236
146,126,233
146,127,211
146,128,198
146,129,191
146,130,118
146,131,87
146,132,77
146,133,63
146,134,82
146,135,132
146,136,155
146,137,245
146,138,267
146,139,318
146,140,270
146,141,256
146,142,212
146,143,148
146,144,83
146,145,47
146,146,55
146,147,61
146,148,111
146,149,169
146,150,191
146,151,229
146,152,206
146,153,167
146,154,164
146,155,103
146,156,58
146,157,36
146,158,27
146,159,22
146,160,24
146,161,30
146,162,34
146,163,27
146,164,24
146,165,28
146,166,16
146,167,13
146,168,15
146,169,9
146,170,9
146,171,10
146,172,8
146,173,10
146,174,13
146,175,7
146,176,9
146,177,11
146,178,11
146,179,10
146,180,15
146,181,13
146,182,10
146,183,4
146,184,7
146,185,8
146,186,3
146,187,7
146,188,9
146,189,14
146,190,16
146,191,12
146,192,5
146,193,5
146,194,8
146,195,8
146,196,6
146,197,6
146,198,6
146,199,7
146,200,3
146,201,4
146,202,4
146,203,4
146,204,7
146,205,3
146,206,2
146,207,4
146,208,2
146,209,7
146,210,1
146,211,5
146,212,5
146,213,4
146,214,3
146,215,2
146,216,6
146,217,3
146,218,5
146,219,3
146,220,3
146,221,3
146,222,1
146,223,2
146,224,2
146,225,3
146,226,3
146,227,2
146,228,2
146,229,5
146,230,10
146,231,5
146,232,3
146,233,4
146,235,1
146,236,2
146,239,1
146,240,4
146,241,3
146,242,4
146,243,1
146,244,4
146,245,2
146,248,1
146,249,1
146,250,3
146,251,3
146,252,2
146,253,3
146,256,2
146,257,2
146,258,2
146,261,1
146,264,2
146,266,1
146,267,1
146,268,2
146,269,1
146,270,2
146,271,1
146,272,3
146,273,1
146,275,2
146,276,3
147,0,3
147,1,7
147,2,6
147,3,2
147,4,4
147,5,6
147,6,11
147,7,5
147,8,5
147,9,4
147,10,4
147,11,5
147,12,9
147,13,9
147,14,5
147,15,6
147,16,7
147,17,3
147,18,5
147,19,4
147,20,3
147,21,4
147,22,6
147,23,5
147,24,8
147,25,9
147,27,6
147,28,3
147,29,7
147,30,6
147,31,11
147,32,11
147,33,13
147,34,12
147,35,12
147,36,9
147,37,7
147,38,10
147,39,5
147,40,10
147,41,7
147,42,16
147,43,8
147,44,7
147,45,10
147,46,5
147,47,5
147,48,6
147,49,8
147,50,15
147,51,10
147,52,9
147,53,11
147,54,5
147,55,8
147,56,7
147,57,14
147,58,9
147,59,10
147,60,13
147,61,25
147,62,15
147,63,19
147,64,20
147,65,13
147,66,7
147,67,13
147,68,9
147,69,10
147,70,11
147,71,15
147,72,8
147,73,6
147,74,5
147,75,11
147,76,8
147,77,10
147,78,9
147,79,9
147,80,11
147,81,3
147,82,10
147,83,3
147,84,11
147,85,18
147,86,13
147,87,20
147,88,21
147,89,18
147,90,17
147,91,9
147,92,11
147,93,10
147,94,11
147,95,14
147,96,18
147,97,14
147,98,15
147,99,13
147,100,10
147,101,9
147,102,5
147,103,12
147,104,11
147,105,9
147,106,4
147,107,9
147,108,10
147,109,18
147,110,16
147,111,33
147,112,57
147,113,67
147,114,89
147,115,129
147,116,118
147,117,137
147,118,122
147,119,117
147,120,134
147,121,141
147,122,153
147,123,202
147,124,199
147,125,215
147,126,234
147,127,209
147,128,194
147,129,176
147,130,129
147,131,97
147,132,77
147,133,61
147,134,92
147,135,122
147,136,191
147,137,220
147,138,264
147,139,286
147,140,275
147,141,259
147,142,197
147,143,142
147,144,93
147,145,56
147,146,56
147,147,60
147,148,101
147,149,124
147,150,175
147,151,236
147,152,190
147,153,162
147,154,160
147,155,109
147,156,67
147,157,42
147,158,32
147,159,21
147,160,25
147,161,24
147,162,24
147,163,35
147,164,15
147,165,31
147,166,24
147,167,9
147,168,17
147,169,8
147,170,3
147,171,9
147,172,8
147,173,4
147,174,6
147,175,15
147,176,9
147,177,7
147,178,11
147,179,13
147,180,11
147,181,16
147,182,8
147,183,8
147,184,7
147,185,5
147,186,3
147,187,9
147,188,11
147,189,14
147,190,11
147,191,18
147,192,12
147,193,3
147,194,4
147,195,9
147,196,7
147,197,7
147,198,5
147,199,5
147,200,2
147,201,2
147,202,8
147,203,2
147,204,2
147,205,6
147,206,7
147,207,4
147,208,6
147,209,3
147,210,3
147,211,3
147,212,4
147,213,6
147,214,3
147,215,1
147,216,3
147,217,5
147,218,2
147,219,6
147,220,4
147,222,3
147,223,3
147,225,3
147,226,2
147,227,3
147,228,2
147,229,4
147,230,3
147,231,2
147,232,1
147,233,1
147,234,3
147,235,1
147,236,3
147,237,3
147,242,1
147,243,3
147,245,3
147,246,2
147,248,3
147,249,2
147,252,3
147,253,2
147,254,2
147,255,3
147,256,1
147,257,1
147,258,1
147,259,4
147,260,1
147,261,3
147,262,1
147,264,1
147,265,1
147,266,1
147,267,2
147,269,2
147,270,2
147,272,2
147,275,2
147,276,1
148,0,6
148,1,2
148,2,6
148,3,5
148,4,7
148,5,7
148,6,3
148,7,2
148,8,7
148,9,4
148,10,7
148,11,4
148,12,3
148,13,6
148,14,2
148,15,9
148,16,5
148,17,5
148,18,6
148,19,6
148,20,2
148,21,4
148,22,4
148,23,4
148,24,5
148,25,7
148,26,6
148,27,7
148,28,9
148,29,5
148,30,9
148,31,5
148,32,8
148,33,7
148,34,14
148,35,6
148,36,9
148,37,14
148,38,9
148,39,7
148,40,5
148,41,5
148,42,10
148,43,10
148,44,12
148,45,9
148,46,8
148,47,8
148,48,7
148,49,7
148,50,15
148,51,9
148,52,7
148,53,4
148,54,8
148,55,10
148,56,15
148,57,6
148,58,16
148,59,10
148,60,12
148,61,15
148,62,8
148,63,9
148,64,6
148,65,6
148,66,17
148,67,15
148,68,13
148,69,11
148,70,10
148,71,8
148,72,12
148,73,6
148,74,6
148,75,7
148,76,9
148,77,7
148,78,10
148,79,9
148,80,7
148,81,7
148,82,8
148,83,6
148,84,17
148,85,16
148,86,17
148,87,22
148,88,26
148,89,15
148,90,14
148,91,14
148,92,8
148,93,6
148,94,11
148,95,11
148,96,11
148,97,14
148,98,13
148,99,9
148,100,12
148,101,7
148,102,8
148,103,10
148,104,7
148,105,13
148,106,5
148,107,10
148,108,7
148,109,14
148,110,29
148,111,34
148,112,31
148,113,56
148,114,92
148,115,104
148,116,123
148,117,141
148,118,131
148,119,139
148,120,160
148,121,142
148,122,159
148,123,176
148,124,198
148,125,209
148,126,199
148,127,189
148,128,204
148,129,181
148,130,139
148,131,80
148,132,70
148,133,65
148,134,75
148,135,125
148,136,175
148,137,219
148,138,309
148,139,339
148,140,272
148,141,247
148,142,187
148,143,120
148,144,88
148,145,65
148,146,47
148,147,71
148,148,105
148,149,161
148,150,162
148,151,235
148,152,190
148,153,200
148,154,143
148,155,98
148,156,63
148,157,34
148,158,23
148,159,14
148,160,27
148,161,37
148,162,26
148,163,31
148,164,39
148,165,30
148,166,13
148,167,10
148,168,14
148,169,8
148,170,12
148,171,14
148,172,13
148,173,7
148,174,10
148,175,11
148,176,14
148,177,15
148,178,16
148,179,8
148,180,6
148,181,8
148,182,7
148,183,9
148,184,3
148,185,7
148,186,10
148,187,13
148,188,8
148,189,7
148,190,14
148,191,9
148,192,13
148,193,7
148,194,9
148,195,8
148,196,8
148,197,1
148,198,8
148,199,4
148,200,6
148,201,2
148,202,1
148,203,3
148,204,1
148,205,3
148,206,3
148,207,1
148,208,3
148,209,3
148,210,3
148,211,1
148,212,3
148,213,3
148,214,1
148,215,4
148,216,1
148,217,5
148,218,2
148,219,6
148,220,2
148,221,7
148,222,1
148,223,2
148,224,1
148,225,3
148,226,2
148,227,2
148,228,5
148,229,5
148,230,2
148,232,3
148,234,2
148,235,3
148,236,1
148,238,3
148,239,1
148,244,3
148,247,3
148,248,3
148,249,4
148,250,5
148,251,2
148,252,1
148,253,4
148,254,1
148,255,3
148,256,2
148,257,2
148,263,1
148,264,1
148,265,1
148,266,1
148,267,1
148,268,2
148,269,1
148,270,1
148,271,3
148,272,1
148,274,1
148,275,1
148,276,2
149,0,5
149,1,5
149,2,10
149,3,4
149,4,5
149,5,10
149,6,9
149,7,2
149,8,7
149,9,6
149,10,7
149,12,4
149,13,8
149,14,4
149,15,9
149,16,5
149,17,8
149,18,2
149,19,5
149,20,3
149,21,3
149,22,6
149,23,9
149,24,7
149,25,7
149,26,9
149,27,3
149,28,4
149,29,8
149,30,10
149,31,6
149,32,9
149,33,11
149,34,10
149,35,8
149,36,6
149,37,8
149,38,11
149,39,7
149,40,8
149,41,13
149,42,9
149,43,15
149,44,5
149,45,6
149,46,5
149,47,6
149,48,8
149,49,12
149,50,2
149,51,7
149,52,8
149,53,8
149,54,4
149,55,12
149,56,12
149,57,13
149,58,7
149,59,12
149,60,12
149,61,13
149,62,20
149,63,10
149,64,13
149,65,12
149,66,7
149,67,17
149,68,13
149,69,11
149,70,12
149,71,5
149,72,7
149,73,8
149,74,6
149,75,3
149,76,9
149,77,11
149,78,9
149,79,9
149,80,4
149,81,6
149,82,6
149,83,7
149,84,5
149,85,9
149,86,26
149,87,22
149,88,21
149,89,15
149,90,19
149,91,5
149,92,3
149,93,5
149,94,11
149,95,14
149,96,18
149,97,11
149,98,18
149,99,11
149,100,3
149,101,5
149,102,12
149,103,7
149,104,16
149,105,9
149,106,9
149,107,8
149,108,10
149,109,7
149,110,19
149,111,25
149,112,50
149,113,56
149,114,94
149,115,110
149,116,112
149,117,135
149,118,161
149,119,110
149,120,145
149,121,153
149,122,149
149,123,180
149,124,193
149,125,203
149,126,221
149,127,206
149,128,180
149,129,176
149,130,142
149,131,94
149,132,58
149,133,60
149,134,76
149,135,115
149,136,160
149,137,239
149,138,296
149,139,299
149,140,262
149,141,247
149,142,206
149,143,144
149,144,71
149,145,54
149,146,42
149,147,70
149,148,83
149,149,168
149,150,178
149,151,195
149,152,204
149,153,172
149,154,134
149,155,107
149,156,63
149,157,34
149,158,27
149,159,29
149,160,25
149,161,33
149,162,38
149,163,27
149,164,30
149,165,14
149,166,13
149,167,13
149,168,6
149,169,11
149,170,7
149,171,13
149,172,10
149,173,8
149,174,9
149,175,10
149,176,11
149,177,17
149,178,18
149,179,14
149,180,18
149,181,11
149,182,7
149,183,4
149,184,6
149,185,6
149,186,3
149,187,8
149,188,10
149,189,11
149,190,16
149,191,13
149,192,7
149,193,5
149,194,9
149,195,9
149,196,6
149,197,7
149,198,2
149,199,5
149,200,2
149,201,3
149,202,4
149,203,3
149,204,2
149,205,8
149,206,5
149,207,2
149,208,3
149,209,3
149,210,2
149,211,1
149,212,1
149,213,4
149,214,3
149,215,4
149,216,4
149,217,4
149,218,4
149,219,4
149,220,3
149,221,6
149,222,2
149,223,1
149,224,2
149,225,4
149,226,3
149,227,2
149,228,2
149,229,1
149,230,7
149,231,2
149,235,2
149,236,1
149,237,1
149,238,1
149,239,2
149,241,1
149,242,2
149,243,1
149,244,1
149,245,1
149,247,1
149,248,1
149,250,2
149,251,1
149,252,2
149,253,2
149,254,4
149,255,4
149,256,1
149,258,2
149,259,2
149,260,1
149,262,1
149,263,1
149,264,1
149,265,1
149,267,2
149,269,1
149,271,2
149,272,1
149,274,3
149,275,1
149,276,2
150,0,7
150,1,8
150,2,4
150,3,6
150,4,3
150,5,6
150,6,4
150,7,3
150,8,7
150,9,5
150,10,5
150,11,5
150,12,7
150,13,3
150,14,6
150,15,4
150,16,8
150,17,10
150,18,5
150,19,3
150,20,4
150,21,8
150,22,5
150,23,6
150,24,8
150,25,9
150,26,4
150,27,6
150,28,7
150,29,8
150,30,13
150,31,4
150,32,13
150,33,14
150,34,13
150,35,5
150,36,6
150,37,9
150,38,9
150,39,9
150,40,11
150,41,8
150,42,11
150,43,10
150,44,9
150,45,7
150,46,8
150,47,5
150,48,5
150,49,5
150,50,4
150,51,11
150,52,12
150,53,5
150,54,6
150,55,6
150,56,5
150,57,8
150,58,7
150,59,11
150,60,15
150,61,13
150,62,22
150,63,12
150,64,17
150,65,6
150,66,9
150,67,11
150,68,17
150,69,16
150,70,7
150,71,12
150,72,6
150,74,9
150,75,4
150,76,12
150,77,4
150,78,4
150,79,7
150,80,7
150,81,9
150,82,4
150,83,2
150,84,9
150,85,18
150,86,10
150,87,26
150,88,29
150,89,14
150,90,11
150,91,10
150,92,8
150,93,9
150,94,18
150,95,14
150,96,11
150,97,8
150,98,17
150,99,9
150,100,7
150,101,10
150,102,10
150,103,10
150,104,10
150,105,7
150,106,6
150,107,9
150,108,13
150,109,9
150,110,11
150,111,32
150,112,47
150,113,65
150,114,90
150,115,112
150,116,142
150,117,150
150,118,144
150,119,131
150,120,131
150,121,140
150,122,154
150,123,176
150,124,188
150,125,211
150,126,217
150,127,208
150,128,191
150,129,170
150,130,146
150,131,95
150,132,72
150,133,56
150,134,81
150,135,126
150,136,148
150,137,189
150,138,333
150,139,308
150,140,265
150,141,234
150,142,184
150,143,124
150,144,70
150,145,62
150,146,43
150,147,65
150,148,85
150,149,154
150,150,155
150,151,206
150,152,186
150,153,191
150,154,151
150,155,107
150,156,66
150,157,36
150,158,26
150,159,17
150,160,29
150,161,27
150,162,27
150,163,28
150,164,24
150,165,28
150,166,24
150,167,12
150,168,9
150,169,4
150,170,7
150,171,9
150,172,14
150,173,13
150,174,14
150,175,10
150,176,21
150,177,12
150,178,14
150,179,11
150,180,6
150,181,13
150,182,7
150,183,9
150,184,4
150,185,4
150,186,7
150,187,11
150,188,9
150,189,16
150,190,13
150,191,17
150,192,9
150,193,9
150,194,5
150,195,13
150,196,10
150,197,4
150,198,7
150,199,13
150,200,4
150,201,1
150,202,3
150,203,4
150,204,3
150,205,2
150,206,3
150,207,1
150,208,2
150,209,4
150,210,2
150,211,1
150,212,3
150,213,1
150,214,3
150,215,4
150,216,1
150,217,3
150,218,2
150,220,8
150,221,3
150,222,3
150,224,2
150,225,1
150,226,4
150,227,2
150,229,2
150,230,5
150,231,4
150,232,2
150,233,4
150,234,1
150,235,1
150,236,1
150,237,4
150,238,1
150,239,1
150,240,2
150,241,1
150,242,1
150,243,3
150,244,2
150,246,2
150,247,1
150,248,2
150,249,1
150,250,1
150,251,3
150,252,2
150,253,2
150,254,1
150,255,1
150,256,3
150,257,2
150,258,3
150,259,2
150,260,1
150,261,1
150,262,2
150,264,1
150,265,1
150,266,1
150,267,1
150,268,3
150,270,1
150,272,2
150,273,2
150,275,3
151,0,4
151,2,2
151,3,4
151,4,8
151,5,4
151,6,9
151,7,3
151,8,7
151,9,4
151,10,2
151,11,8
151,12,5
151,13,7
151,14,7
151,15,3
151,16,12
151,17,5
151,18,4
151,19,6
151,20,5
151,21,7
151,22,2
151,23,6
151,24,8
151,25,2
151,26,4
151,27,4
151,28,8
151,29,8
151,30,11
151,31,12
151,32,12
151,33,14
151,34,7
151,35,8
151,36,9
151,37,13
151,38,7
151,39,3
151,40,4
151,41,13
151,42,8
151,43,10
151,44,7
151,45,10
151,46,5
151,47,5
151,48,5
151,49,6
151,50,6
151,51,8
151,52,12
151,53,7
151,54,8
151,55,11
151,56,3
151,57,16
151,58,9
151,59,18
151,60,11
151,61,15
151,62,18
151,63,8
151,64,9
151,65,14
151,66,8
151,67,12
151,68,10
151,69,14
151,70,11
151,71,10
151,72,7
151,73,6
151,74,1
151,75,10
151,76,8
151,77,6
151,78,14
151,79,9
151,80,11
151,81,6
151,82,6
151,83,3
151,84,17
151,85,9
151,86,13
151,87,19
151,88,26
151,89,18
151,90,20
151,91,16
151,92,6
151,93,10
151,94,17
151,95,12
151,96,11
151,97,15
151,98,20
151,99,10
151,100,11
151,101,14
151,102,10
151,103,8
151,104,10
151,105,6
151,106,4
151,107,4
151,108,7
151,109,19
151,110,22
151,111,24
151,112,53
151,113,69
151,114,104
151,115,109
151,116,112
151,117,111
151,118,130
151,119,117
151,120,96
151,121,141
151,122,148
151,123,176
151,124,197
151,125,186
151,126,207
151,127,192
151,128,189
151,129,144
151,130,105
151,131,79
151,132,60
151,133,58
151,134,90
151,135,105
151,136,148
151,137,229
151,138,245
151,139,302
151,140,264
151,141,269
151,142,218
151,143,136
151,144,79
151,145,52
151,146,34
151,147,60
151,148,94
151,149,155
151,150,167
151,151,199
151,152,203
151,153,200
151,154,133
151,155,87
151,156,65
151,157,36
151,158,29
151,159,21
151,160,20
151,161,29
151,162,26
151,163,37
151,164,22
151,165,25
151,166,22
151,167,17
151,168,10
151,169,6
151,170,8
151,171,12
151,172,14
151,173,16
151,174,14
151,175,10
151,176,15
151,177,21
151,178,15
151,179,15
151,180,11
151,181,10
151,182,5
151,183,4
151,184,8
151,185,9
151,186,7
151,187,7
151,188,5
151,189,13
151,190,11
151,191,8
151,192,6
151,193,8
151,194,3
151,195,5
151,196,7
151,197,6
151,198,7
151,199,2
151,200,6
151,201,3
151,202,2
151,203,2
151,204,1
151,205,2
151,206,1
151,207,5
151,208,4
151,209,4
151,210,1
151,211,1
151,212,1
151,213,2
151,214,4
151,215,2
151,216,5
151,217,1
151,218,3
151,219,5
151,220,3
151,221,4
151,222,1
151,223,3
151,224,1
151,225,2
151,226,2
151,227,1
151,228,2
151,229,2
151,230,1
151,231,4
151,232,2
151,234,1
151,235,2
151,236,3
151,238,1
151,239,2
151,240,1
151,241,4
151,242,2
151,243,1
151,244,2
151,245,3
151,246,1
151,247,4
151,249,3
151,250,1
151,251,3
151,253,2
151,254,2
151,255,1
151,257,2
151,258,2
151,260,1
151,261,1
151,263,3
151,264,1
151,265,2
151,266,2
151,268,3
151,270,1
151,273,4
151,274,4
151,275,3
151,276,1
152,0,3
152,1,4
152,2,2
152,3,2
152,4,5
152,5,4
152,6,5
152,7,3
152,8,5
152,9,4
152,10,7
152,11,6
152,12,2
152,13,2
152,14,5
152,15,4
152,16,6
152,17,7
152,18,6
152,19,4
152,20,4
152,21,8
152,22,5
152,23,8
152,24,5
152,25,2
152,26,6
152,27,2
152,28,4
152,29,5
152,30,6
152,31,7
152,32,14
152,33,5
152,34,9
152,35,11
152,36,7
152,37,13
152,38,13
152,39,6
152,40,10
152,41,6
152,42,13
152,43,7
152,44,6
152,45,4
152,46,5
152,47,4
152,48,6
152,49,9
152,50,8
152,51,7
152,52,22
152,53,3
152,54,5
152,55,7
152,56,6
152,57,12
152,58,4
152,59,6
152,60,10
152,61,5
152,62,13
152,63,11
152,64,6
152,65,13
152,66,12
152,67,11
152,68,12
152,69,14
152,70,11
152,71,10
152,72,11
152,73,5
152,74,5
152,75,7
152,76,6
152,77,14
152,78,6
152,79,11
152,80,8
152,81,7
152,82,6
152,83,14
152,84,15
152,85,13
152,86,11
152,87,19
152,88,25
152,89,19
152,90,14
152,91,10
152,92,6
152,93,13
152,94,16
152,95,15
152,96,14
152,97,14
152,98,18
152,99,12
152,100,14
152,101,7
152,102,7
152,103,8
152,104,9
152,105,6
152,106,5
152,107,12
152,108,12
152,109,24
152,110,23
152,111,26
152,112,46
152,113,73
152,114,84
152,115,113
152,116,127
152,117,154
152,118,139
152,119,146
152,120,144
152,121,141
152,122,147
152,123,175
152,124,213
152,125,226
152,126,231
152,127,228
152,128,187
152,129,191
152,130,118
152,131,95
152,132,64
152,133,60
152,134,68
152,135,110
152,136,162
152,137,240
152,138,251
152,139,328
152,140,309
152,141,252
152,142,197
152,143,126
152,144,56
152,145,39
152,146,47
152,147,55
152,148,90
152,149,121
152,150,173
152,151,205
152,152,214
152,153,165
152,154,151
152,155,113
152,156,64
152,157,33
152,158,26
152,159,11
152,160,21
152,161,26
152,162,36
152,163,28
152,164,28
152,165,21
152,166,25
152,167,15
152,168,11
152,169,10
152,170,12
152,171,15
152,172,8
152,173,6
152,174,11
152,175,15
152,176,13
152,177,10
152,178,5
152,179,14
152,180,9
152,181,8
152,182,7
152,183,5
152,184,4
152,185,9
152,186,14
152,187,10
152,188,11
152,189,10
152,190,10
152,191,11
152,192,8
152,193,10
152,194,13
152,195,7
152,196,7
152,197,7
152,198,2
152,199,4
152,200,3
152,201,6
152,202,3
152,203,9
152,204,4
152,205,3
152,206,2
152,207,1
152,208,3
152,209,1
152,210,3
152,212,2
152,213,5
152,214,3
152,215,3
152,216,10
152,217,5
152,218,7
152,219,1
152,220,2
152,221,4
152,222,2
152,223,2
152,224,1
152,225,4
152,226,1
152,227,6
152,228,6
152,229,2
152,231,2
152,232,3
152,233,4
152,234,1
152,235,1
152,236,2
152,237,1
152,238,2
152,240,2
152,241,4
152,242,3
152,245,2
152,246,3
152,250,1
152,251,1
152,252,1
152,253,1
152,254,4
152,255,1
152,257,2
152,258,1
152,259,1
152,260,2
152,262,1
152,263,2
152,265,1
152,266,1
152,267,1
152,269,1
152,271,1
152,273,2
152,275,3
152,276,3
153,0,6
153,1,2
153,2,1
153,3,2
153,4,9
153,5,5
153,6,4
153,7,6
153,8,7
153,9,3
153,10,7
153,11,4
153,12,4
153,13,2
153,14,2
153,15,6
153,16,7
153,17,5
153,18,8
153,19,7
153,20,7
153,21,7
153,22,4
153,23,3
153,24,9
153,25,8
153,26,6
153,27,7
153,28,4
153,29,4
153,30,7
153,31,7
153,32,9
153,33,10
153,34,13
153,35,7
153,36,9
153,37,8
153,38,11
153,39,12
153,40,9
153,41,6
153,42,11
153,43,6
153,44,7
153,45,6
153,46,9
153,47,3
153,48,10
153,49,12
153,50,7
153,51,12
153,52,6
153,53,10
153,54,8
153,55,3
153,56,10
153,57,7
153,58,8
153,59,9
153,60,16
153,61,10
153,62,16
153,63,11
153,64,11
153,65,9
153,66,9
153,67,12
153,68,9
153,69,13
153,70,11
153,71,3
153,72,7
153,73,4
153,74,8
153,75,7
153,76,7
153,77,6
153,78,6
153,79,10
153,80,3
153,81,10
153,82,4
153,83,8
153,84,9
153,85,14
153,86,14
153,87,27
153,88,21
153,89,18
153,90,20
153,91,15
153,92,6
153,93,7
153,94,15
153,95,24
153,96,13
153,97,23
153,98,17
153,99,13
153,100,10
153,101,4
153,102,10
153,103,6
153,104,7
153,105,7
153,106,8
153,107,12
153,108,14
153,109,6
153,110,19
153,111,25
153,112,45
153,113,71
153,114,79
153,115,111
153,116,131
153,117,126
153,118,142
153,119,140
153,120,112
153,121,134
153,122,168
153,123,173
153,124,188
153,125,231
153,126,254
153,127,241
153,128,199
153,129,194
153,130,117
153,131,85
153,132,57
153,133,57
153,134,66
153,135,115
153,136,158
153,137,217
153,138,280
153,139,303
153,140,298
153,141,238
153,142,195
153,143,145
153,144,72
153,145,52
153,146,41
153,147,75
153,148,90
153,149,164
153,150,167
153,151,198
153,152,199
153,153,177
153,154,134
153,155,89
153,156,53
153,157,41
153,158,23
153,159,16
153,160,28
153,161,24
153,162,29
153,163,25
153,164,27
153,165,24
153,166,19
153,167,9
153,168,12
153,169,6
153,170,5
153,171,10
153,172,11
153,173,15
153,174,13
153,175,13
153,176,17
153,177,14
153,178,22
153,179,14
153,180,10
153,181,8
153,182,8
153,183,7
153,184,1
153,185,12
153,186,7
153,187,7
153,188,12
153,189,17
153,190,13
153,191,7
153,192,11
153,193,10
153,194,11
153,195,6
153,196,10
153,197,6
153,198,4
153,199,3
153,200,2
153,201,5
153,202,2
153,203,3
153,204,2
153,205,4
153,206,5
153,207,5
153,208,4
153,209,2
153,210,2
153,211,2
153,212,1
153,213,6
153,214,2
153,215,5
153,216,6
153,217,1
153,218,5
153,219,4
153,220,3
153,221,7
153,223,1
153,224,1
153,225,1
153,226,1
153,227,2
153,228,2
153,229,3
153,230,2
153,231,3
153,232,5
153,233,2
153,234,4
153,235,2
153,236,1
153,237,1
153,239,1
153,241,1
153,242,1
153,244,4
153,245,1
153,246,3
153,247,2
153,248,1
153,249,2
153,250,1
153,251,1
153,252,2
153,253,1
153,254,2
153,255,4
153,256,1
153,257,4
153,258,4
153,260,2
153,261,2
153,262,1
153,263,1
153,264,2
153,265,1
153,267,2
153,268,1
153,270,1
153,273,1
153,275,3
154,0,4
154,1,1
154,2,3
154,3,2
154,4,7
154,5,1
154,6,6
154,7,7
154,8,7
154,9,5
154,10,7
154,11,5
154,12,8
154,13,11
154,14,6
154,15,4
154,16,4
154,17,4
154,18,3
154,19,4
154,20,2
154,21,2
154,22,4
154,23,6
154,24,3
154,25,6
154,26,2
154,27,5
154,28,4
154,29,9
154,30,11
154,31,5
154,32,10
154,33,13
154,34,7
154,35,8
154,36,10
154,37,14
154,38,8
154,39,8
154,40,10
154,41,7
154,42,19
154,43,8
154,44,8
154,45,9
154,46,5
154,47,3
154,48,3
154,49,9
154,50,9
154,51,11
154,52,8
154,53,5
154,54,8
154,55,6
154,56,7
154,57,9
154,58,10
154,59,8
154,60,7
154,61,16
154,62,15
154,63,9
154,64,19
154,65,10
154,66,8
154,67,10
154,68,7
154,69,9
154,70,11
154,71,5
154,72,8
154,73,4
154,74,6
154,75,8
154,76,10
154,77,11
154,78,7
154,79,9
154,80,5
154,81,8
154,82,7
154,83,9
154,84,9
154,85,13
154,86,18
154,87,30
154,88,27
154,89,17
154,90,15
154,91,16
154,92,9
154,93,11
154,94,12
154,95,12
154,96,11
154,97,16
154,98,13
154,99,17
154,100,7
154,101,8
154,102,9
154,103,7
154,104,10
154,105,13
154,106,14
154,107,6
154,108,8
154,109,15
154,110,19
154,111,33
154,112,39
154,113,61
154,114,88
154,115,112
154,116,143
154,117,121
154,118,147
154,119,127
154,120,151
154,121,146
154,122,160
154,123,148
154,124,202
154,125,214
154,126,211
154,127,208
154,128,189
154,129,153
154,130,111
154,131,107
154,132,58
154,133,57
154,134,83
154,135,108
154,136,153
154,137,225
154,138,274
154,139,306
154,140,320
154,141,264
154,142,200
154,143,121
154,144,88
154,145,48
154,146,44
154,147,62
154,148,94
154,149,125
154,150,181
154,151,181
154,152,181
154,153,191
154,154,148
154,155,98
154,156,68
154,157,37
154,158,19
154,159,25
154,160,19
154,161,21
154,162,28
154,163,28
154,164,31
154,165,22
154,166,21
154,167,18
154,168,11
154,169,8
154,170,17
154,171,8
154,172,9
154,173,10
154,174,10
154,175,8
154,176,12
154,177,16
154,178,10
154,179,15
154,180,12
154,181,8
154,182,3
154,183,5
154,184,3
154,185,4
154,186,3
154,187,7
154,188,11
154,189,6
154,190,9
154,191,11
154,192,7
154,193,7
154,195,6
154,196,6
154,197,5
154,198,1
154,199,4
154,200,6
154,201,5
154,202,5
154,203,2
154,204,1
154,205,3
154,206,6
154,207,1
154,208,3
154,209,3
154,211,3
154,212,5
154,213,2
154,214,3
154,215,4
154,216,1
154,217,3
154,218,5
154,219,3
154,220,3
154,221,3
154,222,6
154,223,2
154,224,4
154,226,4
154,227,1
154,229,1
154,230,3
154,231,2
154,232,1
154,233,2
154,234,2
154,235,2
154,237,1
154,238,2
154,239,2
154,240,1
154,242,4
154,243,1
154,244,1
154,245,1
154,247,1
154,248,6
154,249,2
154,251,1
154,252,3
154,253,2
154,256,3
154,257,1
154,259,2
154,260,1
154,262,1
154,263,5
154,264,1
154,266,4
154,268,2
154,271,2
154,272,3
154,273,3
154,274,3
154,275,1
154,276,4
155,1,2
155,3,5
155,4,10
155,5,4
155,6,3
155,7,5
155,8,6
155,9,5
155,10,6
155,11,5
155,12,6
155,13,7
155,14,3
155,15,8
155,16,5
155,17,5
155,18,6
155,19,2
155,20,2
155,21,6
155,22,4
155,23,4
155,24,4
155,25,3
155,26,5
155,27,4
155,28,4
155,29,5
155,30,9
155,31,7
155,32,2
155,33,11
155,34,8
155,35,9
155,36,13
155,37,9
155,38,10
155,39,7
155,40,9
155,41,14
155,42,11
155,43,5
155,44,9
155,45,5
155,46,8
155,47,7
155,48,2
155,49,9
155,50,4
155,51,7
155,52,6
155,53,12
155,54,2
155,55,10
155,56,6
155,57,6
155,58,10
155,59,21
155,60,16
155,61,14
155,62,16
155,63,10
155,64,8
155,65,5
155,66,9
155,67,8
155,68,5
155,69,16
155,70,14
155,71,7
155,72,3
155,73,6
155,74,8
155,75,8
155,76,8
155,77,7
155,78,7
155,79,10
155,80,1
155,81,5
155,82,5
155,83,7
155,84,14
155,85,21
155,86,23
155,87,16
155,88,16
155,89,11
155,90,10
155,91,9
155,92,12
155,93,9
155,94,13
155,95,12
155,96,12
155,97,15
155,98,19
155,99,16
155,100,6
155,101,6
155,102,9
155,103,7
155,104,11
155,105,6
155,106,6
155,107,9
155,108,10
155,109,12
155,110,15
155,111,29
155,112,56
155,113,58
155,114,78
155,115,102
155,116,145
155,117,118
155,118,121
155,119,114
155,120,148
155,121,129
155,122,138
155,123,167
155,124,203
155,125,191
155,126,200
155,127,217
155,128,193
155,129,144
155,130,138
155,131,102
155,132,82
155,133,54
155,134,81
155,135,119
155,136,165
155,137,227
155,138,292
155,139,318
155,140,258
155,141,253
155,142,190
155,143,135
155,144,80
155,145,58
155,146,51
155,147,54
155,148,90
155,149,139
155,150,178
155,151,196
155,152,183
155,153,168
155,154,151
155,155,114
155,156,68
155,157,40
155,158,22
155,159,22
155,160,19
155,161,28
155,162,35
155,163,28
155,164,22
155,165,26
155,166,27
155,167,13
155,168,8
155,169,10
155,170,12
155,171,9
155,172,10
155,173,9
155,174,10
155,175,6
155,176,12
155,177,11
155,178,14
155,179,13
155,180,16
155,181,8
155,182,3
155,183,8
155,184,2
155,185,6
155,186,10
155,187,11
155,188,18
155,189,15
155,190,7
155,191,10
155,192,10
155,193,5
155,194,5
155,195,6
155,196,7
155,197,3
155,198,4
155,199,4
155,200,4
155,201,2
155,202,2
155,203,2
155,204,4
155,205,4
155,206,1
155,207,3
155,208,2
155,209,6
155,210,2
155,211,2
155,212,3
155,213,3
155,215,4
155,216,3
155,217,4
155,218,3
155,219,5
155,220,4
155,221,3
155,222,2
155,223,2
155,224,1
155,225,3
155,226,4
155,227,4
155,228,1
155,229,3
155,230,4
155,231,2
155,232,1
155,233,4
155,234,3
155,236,4
155,237,3
155,238,4
155,239,2
155,240,3
155,242,4
155,243,1
155,244,1
155,245,1
155,246,2
155,247,1
155,248,2
155,250,1
155,251,3
155,252,2
155,253,3
155,255,2
155,256,2
155,257,1
155,258,1
155,259,2
155,260,1
155,262,1
155,263,2
155,264,2
155,266,1
155,267,5
155,269,1
155,270,3
155,272,1
155,274,2
155,275,1
156,0,3
156,1,3
156,2,2
156,3,4
156,4,4
156,5,6
156,6,4
156,7,8
156,8,5
156,9,12
156,10,8
156,11,4
156,12,4
156,13,6
156,14,6
156,15,8
156,16,8
156,17,9
156,18,7
156,19,3
156,20,4
156,21,5
156,22,6
156,23,7
156,24,7
156,25,6
156,26,7
156,27,5
156,28,2
156,29,8
156,30,9
156,31,8
156,32,11
156,33,6
156,34,11
156,35,9
156,36,9
156,37,9
156,38,8
156,39,5
156,40,6
156,41,11
156,42,10
156,43,13
156,44,2
156,45,4
156,46,7
156,47,6
156,48,7
156,49,5
156,50,12
156,51,4
156,52,5
156,53,7
156,54,15
156,55,6
156,56,7
156,57,6
156,58,5
156,59,13
156,60,8
156,61,17
156,62,13
156,63,11
156,64,8
156,65,11
156,66,6
156,67,7
156,68,10
156,69,9
156,70,12
156,71,5
156,72,9
156,73,7
156,74,6
156,75,3
156,76,13
156,77,9
156,78,8
156,79,10
156,80,10
156,81,6
156,82,2
156,83,9
156,84,10
156,85,11
156,86,16
156,87,15
156,88,21
156,89,18
156,90,8
156,91,11
156,92,15
156,93,5
156,94,13
156,95,11
156,96,12
156,97,15
156,98,8
156,99,15
156,100,9
156,101,11
156,102,6
156,103,6
156,104,7
156,105,4
156,106,11
156,107,9
156,108,13
156,109,8
156,110,23
156,111,45
156,112,41
156,113,47
156,114,86
156,115,125
156,116,114
156,117,147
156,118,132
156,119,142
156,120,110
156,121,136
156,122,141
156,123,184
156,124,178
156,125,196
156,126,260
156,127,212
156,128,193
156,129,166
156,130,107
156,131,89
156,132,91
156,133,56
156,134,77
156,135,127
156,136,155
156,137,211
156,138,261
156,139,270
156,140,232
156,141,236
156,142,199
156,143,132
156,144,73
156,145,45
156,146,49
156,147,51
156,148,80
156,149,123
156,150,158
156,151,220
156,152,179
156,153,159
156,154,134
156,155,92
156,156,63
156,157,34
156,158,20
156,159,23
156,160,23
156,161,29
156,162,33
156,163,32
156,164,22
156,165,24
156,166,24
156,167,16
156,168,9
156,169,9
156,170,8
156,171,9
156,172,7
156,173,11
156,174,15
156,175,10
156,176,13
156,177,10
156,178,14
156,179,17
156,180,9
156,181,8
156,182,6
156,183,4
156,184,6
156,185,5
156,186,10
156,187,5
156,188,14
156,189,9
156,190,14
156,191,7
156,192,7
156,193,3
156,194,10
156,195,9
156,196,7
156,197,7
156,198,2
156,199,1
156,200,3
156,201,3
156,202,4
156,203,6
156,204,1
156,205,4
156,206,3
156,207,4
156,208,3
156,209,5
156,210,4
156,211,1
156,212,3
156,213,3
156,214,4
156,215,4
156,216,4
156,217,3
156,218,2
156,219,3
156,220,4
156,221,2
156,222,1
156,223,1
156,224,3
156,225,2
156,226,2
156,228,3
156,229,5
156,230,4
156,231,4
156,232,3
156,233,2
156,234,2
156,236,1
156,237,4
156,238,1
156,239,1
156,240,4
156,243,2
156,244,4
156,245,2
156,246,1
156,247,5
156,248,1
156,249,2
156,250,4
156,251,1
156,252,3
156,253,1
156,254,4
156,255,3
156,256,2
156,257,1
156,258,1
156,261,1
156,263,1
156,264,2
156,266,3
156,268,1
156,269,1
156,271,1
156,273,2
156,274,2
156,276,1
157,0,2
157,1,3
157,2,5
157,3,4
157,4,6
157,5,6
157,6,8
157,7,4
157,8,4
157,9,7
157,10,5
157,11,6
157,12,7
157,13,2
157,14,4
157,15,7
157,16,4
157,17,9
157,18,7
157,19,2
157,20,10
157,21,2
157,22,7
157,23,7
157,24,7
157,25,3
157,26,6
157,27,4
157,28,4
157,29,5
157,30,3
157,31,8
157,32,8
157,33,9
157,34,7
157,35,14
157,36,12
157,37,7
157,38,5
157,39,10
157,40,12
157,41,8
157,42,10
157,43,11
157,44,5
157,45,8
157,46,5
157,47,2
157,48,2
157,49,7
157,50,6
157,51,11
157,52,7
157,53,5
157,54,5
157,55,2
157,56,5
157,57,13
157,58,9
157,59,12
157,60,8
157,61,18
157,62,12
157,63,15
157,64,11
157,65,8
157,66,7
157,67,9
157,68,12
157,69,8
157,70,13
157,71,13
157,72,6
157,73,5
157,74,4
157,75,9
157,76,6
157,77,10
157,78,13
157,79,11
157,80,6
157,81,2
157,82,7
157,83,9
157,84,11
157,85,20
157,86,21
157,87,16
157,88,18
157,89,20
157,90,12
157,91,9
157,92,8
157,93,10
157,94,8
157,95,14
157,96,20
157,97,17
157,98,13
157,99,20
157,100,9
157,101,6
157,102,4
157,103,4
157,104,6
157,105,3
157,106,7
157,107,7
157,108,9
157,109,9
157,110,13
157,111,34
157,112,60
157,113,70
157,114,74
157,115,114
157,116,124
157,117,112
157,118,128
157,119,129
157,120,134
157,121,130
157,122,171
157,123,168
157,124,181
157,125,202
157,126,208
157,127,212
157,128,199
157,129,157
157,130,128
157,131,75
157,132,70
157,133,57
157,134,73
157,135,131
157,136,132
157,137,243
157,138,246
157,139,284
157,140,248
157,141,214
157,142,188
157,143,140
157,144,75
157,145,55
157,146,53
157,147,65
157,148,101
157,149,133
157,150,145
157,151,152
157,152,179
157,153,154
157,154,151
157,155,113
157,156,87
157,157,29
157,158,26
157,159,12
157,160,16
157,161,16
157,162,26
157,163,28
157,164,29
157,165,21
157,166,13
157,167,12
157,168,11
157,169,4
157,170,12
157,171,12
157,172,9
157,173,6
157,174,11
157,175,8
157,176,8
157,177,13
157,178,11
157,179,9
157,180,14
157,181,15
157,182,9
157,183,7
157,184,9
157,185,3
157,186,8
157,187,7
157,188,11
157,189,6
157,190,13
157,191,10
157,192,10
157,193,6
157,194,6
157,195,7
157,196,6
157,197,1
157,198,5
157,199,4
157,200,5
157,201,5
157,202,3
157,203,4
157,204,5
157,205,5
157,206,3
157,207,5
157,208,2
157,209,5
157,210,4
157,212,2
157,213,3
157,214,4
157,215,1
157,216,1
157,217,3
157,218,2
157,219,3
157,220,3
157,221,2
157,222,3
157,223,1
157,224,2
157,225,1
157,226,4
157,227,1
157,228,2
157,229,3
157,230,3
157,231,5
157,232,2
157,233,5
157,234,2
157,235,1
157,236,1
157,237,2
157,238,2
157,239,1
157,240,1
157,241,3
157,242,4
157,243,2
157,245,2
157,247,2
157,249,1
157,250,3
157,251,4
157,255,1
157,256,1
157,257,1
157,258,2
157,260,3
157,261,2
157,263,2
157,266,1
157,267,1
157,269,2
157,270,2
157,272,3
157,274,3
158,0,2
158,1,5
158,2,4
158,3,5
158,4,6
158,5,6
158,6,8
158,7,5
158,8,4
158,9,9
158,10,4
158,11,4
158,12,4
158,13,3
158,14,6
158,15,4
158,16,10
158,17,3
158,18,5
158,19,3
158,20,4
158,22,2
158,23,8
158,24,3
158,25,8
158,26,6
158,27,4
158,28,7
158,29,6
158,30,10
158,31,5
158,32,9
158,33,10
158,34,8
158,35,6
158,36,9
158,37,12
158,38,11
158,39,10
158,40,10
158,41,5
158,42,8
158,43,8
158,44,5
158,45,6
158,46,4
158,47,3
158,48,3
158,49,7
158,50,5
158,51,8
158,52,11
158,53,14
158,54,7
158,55,7
158,56,9
158,57,7
158,58,12
158,59,13
158,60,13
158,61,19
158,62,17
158,63,13
158,64,7
158,65,12
158,66,8
158,67,9
158,68,8
158,69,15
158,70,10
158,71,8
158,72,7
158,73,6
158,74,6
158,75,8
158,76,7
158,77,9
158,78,6
158,79,6
158,80,7
158,81,8
158,82,8
158,83,8
158,84,15
158,85,16
158,86,18
158,87,25
158,88,18
158,89,19
158,90,25
158,91,6
158,92,4
158,93,11
158,94,12
158,95,15
158,96,17
158,97,14
158,98,17
158,99,8
158,100,13
158,101,9
158,102,6
158,103,5
158,104,9
158,105,6
158,106,13
158,107,8
158,108,7
158,109,10
158,110,18
158,111,27
158,112,47
158,113,64
158,114,98
158,115,133
158,116,130
158,117,133
158,118,132
158,119,122
158,120,121
158,121,107
158,122,135
158,123,171
158,124,203
158,125,219
158,126,188
158,127,206
158,128,176
158,129,195
158,130,143
158,131,80
158,132,55
158,133,49
158,134,73
158,135,104
158,136,165
158,137,208
158,138,287
158,139,277
158,140,264
158,141,266
158,142,205
158,143,115
158,144,80
158,145,52
158,146,47
158,147,70
158,148,94
158,149,122
158,150,132
158,151,192
158,152,188
158,153,156
158,154,129
158,155,90
158,156,67
158,157,37
158,158,17
158,159,25
158,160,21
158,161,16
158,162,28
158,163,30
158,164,33
158,165,25
158,166,17
158,167,12
158,168,12
158,169,5
158,170,14
158,171,10
158,172,6
158,173,13
158,174,13
158,175,8
158,176,11
158,177,9
158,178,14
158,179,9
158,180,10
158,181,10
158,182,4
158,183,7
158,184,6
158,185,4
158,186,7
158,187,7
158,188,11
158,189,10
158,190,4
158,191,11
158,192,8
158,193,8
158,194,13
158,195,2
158,196,6
158,197,4
158,198,5
158,199,2
158,200,4
158,201,3
158,202,2
158,203,2
158,204,2
158,205,3
158,206,1
158,208,3
158,209,3
158,210,2
158,211,4
158,212,3
158,213,7
158,214,1
158,215,4
158,216,9
158,217,3
158,218,7
158,219,7
158,220,6
158,221,3
158,222,2
158,223,3
158,224,1
158,225,3
158,226,3
158,228,1
158,229,3
158,230,4
158,231,2
158,232,3
158,233,4
158,234,1
158,235,2
158,236,6
158,237,2
158,238,1
158,239,1
158,240,1
158,241,1
158,242,1
158,244,1
158,245,3
158,247,3
158,248,1
158,249,3
158,251,3
158,252,2
158,253,1
158,254,2
158,255,4
158,256,2
158,258,1
158,259,2
158,261,1
158,264,3
158,265,2
158,266,1
158,270,1
158,271,1
158,272,2
158,273,3
158,275,2
158,276,2
159,1,4
159,2,1
159,3,5
159,4,6
159,5,3
159,6,5
159,7,3
159,8,8
159,9,8
159,10,1
159,11,9
159,12,6
159,13,6
159,14,6
159,15,6
159,16,2
159,17,6
159,18,3
159,19,4
159,20,5
159,21,6
159,22,4
159,23,10
159,24,6
159,25,7
159,26,2
159,27,5
159,28,4
159,29,6
159,30,2
159,31,8
159,32,8
159,33,8
159,34,6
159,35,15
159,36,9
159,37,8
159,38,7
159,39,7
159,40,5
159,41,5
159,42,9
159,43,7
159,44,14
159,45,3
159,46,4
159,47,4
159,48,1
159,49,5
159,50,10
159,51,10
159,52,9
159,53,3
159,54,6
159,55,7
159,56,9
159,57,5
159,58,12
159,59,9
159,60,11
159,61,17
159,62,12
159,63,9
159,64,12
159,65,10
159,66,15
159,67,8
159,68,11
159,69,11
159,70,7
159,71,9
159,72,6
159,73,7
159,74,2
159,75,8
159,76,5
159,77,8
159,78,3
159,79,6
159,80,6
159,81,9
159,82,5
159,83,6
159,84,13
159,85,14
159,86,17
159,87,19
159,88,16
159,89,14
159,90,11
159,91,13
159,92,12
159,93,9
159,94,11
159,95,10
159,96,20
159,97,14
159,98,4
159,99,7
159,100,15
159,101,6
159,102,10
159,103,8
159,104,7
159,105,6
159,106,9
159,107,13
159,108,9
159,109,11
159,110,19
159,111,28
159,112,38
159,113,67
159,114,93
159,115,100
159,116,135
159,117,151
159,118,120
159,119,114
159,120,101
159,121,116
159,122,158
159,123,152
159,124,180
159,125,222
159,126,223
159,127,188
159,128,194
159,129,169
159,130,127
159,131,97
159,132,69
159,133,51
159,134,79
159,135,96
159,136,120
159,137,214
159,138,283
159,139,293
159,140,290
159,141,228
159,142,205
159,143,140
159,144,64
159,145,44
159,146,44
159,147,66
159,148,90
159,149,135
159,150,173
159,151,154
159,152,178
159,153,176
159,154,111
159,155,100
159,156,61
159,157,35
159,158,29
159,159,11
159,160,25
159,161,32
159,162,28
159,163,30
159,164,37
159,165,24
159,166,17
159,167,14
159,168,7
159,169,8
159,170,14
159,171,11
159,172,11
159,173,12
159,174,9
159,175,12
159,176,19
159,177,12
159,178,20
159,179,13
159,180,5
159,181,10
159,182,5
159,183,7
159,184,5
159,185,6
159,186,7
159,187,9
159,188,8
159,189,11
159,190,15
159,191,9
159,192,5
159,193,8
159,194,5
159,195,4
159,196,10
159,197,3
159,198,4
159,200,4
159,201,5
159,202,1
159,203,5
159,204,1
159,205,3
159,206,3
159,207,3
159,208,2
159,211,1
159,212,2
159,213,4
159,214,1
159,215,5
159,216,4
159,217,2
159,218,2
159,219,4
159,220,5
159,222,5
159,223,8
159,224,1
159,225,2
159,226,1
159,227,3
159,228,1
159,229,5
159,230,2
159,231,1
159,232,1
159,233,2
159,234,1
159,235,4
159,238,1
159,239,2
159,240,2
159,241,1
159,243,3
159,244,1
159,245,2
159,246,1
159,247,2
159,248,1
159,249,4
159,251,1
159,252,2
159,253,2
159,254,4
159,255,2
159,256,2
159,257,2
159,258,5
159,259,1
159,261,1
159,264,1
159,265,1
159,266,5
159,270,1
159,271,1
159,272,2
159,273,1
159,274,2
159,275,2
160,0,6
160,1,4
160,2,1
160,3,4
160,4,5
160,5,7
160,6,6
160,7,7
160,8,6
160,9,11
160,10,7
160,11,3
160,12,5
160,13,2
160,14,5
160,15,5
160,16,4
160,17,8
160,18,4
160,19,5
160,20,5
160,21,5
160,22,6
160,23,7
160,24,4
160,25,5
160,26,7
160,27,3
160,28,9
160,29,8
160,30,4
160,31,6
160,32,5
160,33,11
160,34,10
160,35,5
160,36,5
160,37,7
160,38,8
160,39,10
160,40,7
160,41,10
160,42,12
160,43,4
160,44,6
160,45,4
160,46,6
160,47,4
160,48,2
160,49,4
160,50,9
160,51,7
160,52,7
160,53,4
160,54,11
160,55,8
160,56,10
160,57,7
160,58,13
160,59,10
160,60,10
160,61,16
160,62,12
160,63,13
160,64,9
160,65,14
160,66,10
160,67,9
160,68,10
160,69,11
160,70,9
160,71,4
160,72,6
160,73,11
160,74,6
160,75,9
160,76,4
160,77,9
160,78,8
160,79,9
160,80,7
160,81,6
160,82,13
160,83,10
160,84,18
160,85,19
160,86,20
160,87,16
160,88,23
160,89,17
160,90,19
160,91,7
160,92,4
160,93,8
160,94,9
160,95,8
160,96,15
160,97,15
160,98,14
160,99,15
160,100,8
160,101,9
160,102,6
160,103,7
160,104,15
160,105,5
160,106,1
160,107,4
160,108,5
160,109,16
160,110,16
160,111,32
160,112,48
160,113,60
160,114,79
160,115,92
160,116,125
160,117,132
160,118,156
160,119,145
160,120,138
160,121,127
160,122,139
160,123,160
160,124,159
160,125,188
160,126,189
160,127,200
160,128,202
160,129,167
160,130,132
160,131,102
160,132,78
160,133,59
160,134,70
160,135,106
160,136,177
160,137,248
160,138,250
160,139,291
160,140,303
160,141,237
160,142,181
160,143,146
160,144,76
160,145,50
160,146,35
160,147,58
160,148,85
160,149,168
160,150,166
160,151,193
160,152,179
160,153,176
160,154,133
160,155,82
160,156,68
160,157,29
160,158,26
160,159,18
160,160,19
160,161,24
160,162,22
160,163,29
160,164,32
160,165,26
160,166,20
160,167,15
160,168,8
160,169,8
160,170,10
160,171,8
160,172,8
160,173,15
160,174,18
160,175,6
160,176,13
160,177,9
160,178,15
160,179,8
160,180,10
160,181,11
160,182,9
160,183,5
160,184,8
160,185,6
160,186,3
160,187,3
160,188,7
160,189,7
160,190,10
160,191,9
160,192,10
160,193,9
160,194,7
160,195,1
160,196,5
160,197,3
160,198,3
160,199,7
160,200,4
160,201,3
160,202,1
160,204,3
160,206,3
160,207,4
160,208,4
160,209,3
160,210,7
160,211,2
160,212,1
160,213,6
160,214,2
160,215,2
160,216,5
160,217,2
160,218,2
160,219,2
160,220,3
160,221,1
160,222,2
160,223,3
160,224,1
160,225,6
160,226,2
160,228,2
160,229,1
160,230,1
160,231,1
160,232,3
160,233,2
160,234,1
160,235,1
160,236,2
160,237,1
160,238,3
160,239,3
160,241,4
160,243,1
160,244,1
160,245,1
160,246,2
160,247,3
160,248,2
160,250,1
160,251,3
160,253,1
160,254,1
160,255,2
160,257,3
160,260,1
160,264,1
160,266,1
160,267,1
160,269,1
160,270,1
160,271,3
160,273,2
160,274,2
160,275,2
160,276,2
161,0,3
161,1,2
161,2,3
161,3,5
161,4,5
161,5,5
161,6,4
161,7,8
161,8,5
161,9,4
161,10,6
161,11,2
161,12,2
161,13,4
161,14,7
161,15,7
161,16,7
161,17,6
161,18,10
161,19,3
161,20,3
161,21,7
161,22,2
161,23,6
161,24,4
161,25,4
161,26,4
161,27,5
161,28,5
161,29,6
161,30,4
161,31,8
161,32,8
161,33,6
161,34,7
161,35,10
161,36,11
161,37,5
161,38,6
161,39,6
161,40,8
161,41,8
161,42,8
161,43,9
161,44,10
161,45,8
161,46,10
161,47,5
161,48,8
161,49,6
161,50,9
161,51,18
161,52,11
161,53,11
161,54,11
161,55,4
161,56,6
161,57,6
161,58,11
161,59,10
161,60,15
161,61,13
161,62,6
161,63,16
161,64,15
161,65,4
161,66,15
161,67,10
161,68,10
161,69,15
161,70,12
161,71,3
161,72,11
161,73,8
161,74,2
161,75,5
161,76,8
161,77,8
161,78,9
161,79,12
161,80,3
161,81,10
161,82,2
161,83,8
161,84,13
161,85,15
161,86,18
161,87,24
161,88,25
161,89,20
161,90,9
161,91,5
161,92,6
161,93,12
161,94,11
161,95,15
161,96,8
161,97,13
161,98,14
161,99,17
161,100,12
161,101,8
161,102,7
161,103,12
161,104,5
161,105,5
161,106,7
161,107,13
161,108,11
161,109,17
161,110,19
161,111,45
161,112,29
161,113,77
161,114,88
161,115,94
161,116,121
161,117,114
161,118,130
161,119,116
161,120,141
161,121,138
161,122,159
161,123,178
161,124,192
161,125,217
161,126,222
161,127,244
161,128,185
161,129,166
161,130,133
161,131,122
161,132,64
161,133,46
161,134,59
161,135,102
161,136,159
161,137,258
161,138,309
161,139,289
161,140,289
161,141,249
161,142,208
161,143,145
161,144,86
161,145,45
161,146,47
161,147,54
161,148,70
161,149,122
161,150,162
161,151,177
161,152,167
161,153,185
161,154,134
161,155,96
161,156,66
161,157,39
161,158,20
161,159,16
161,160,28
161,161,27
161,162,24
161,163,42
161,164,37
161,165,18
161,166,18
161,167,11
161,168,3
161,169,6
161,170,8
161,171,9
161,172,9
161,173,13
161,174,12
161,175,9
161,176,9
161,177,11
161,178,15
161,179,16
161,180,10
161,181,9
161,182,7
161,183,7
161,184,3
161,185,3
161,186,4
161,187,8
161,188,7
161,189,9
161,190,12
161,191,5
161,192,6
161,193,3
161,194,6
161,195,7
161,196,9
161,197,9
161,198,5
161,199,5
161,200,4
161,201,1
161,202,4
161,203,2
161,204,8
161,205,3
161,206,2
161,207,1
161,208,2
161,209,3
161,210,3
161,211,1
161,212,1
161,213,4
161,214,2
161,215,4
161,216,1
161,217,4
161,219,4
161,220,5
161,221,2
161,222,5
161,225,1
161,226,2
161,227,1
161,228,2
161,230,2
161,231,5
161,232,2
161,233,1
161,234,3
161,235,1
161,240,2
161,241,2
161,242,2
161,243,2
161,244,2
161,245,1
161,247,1
161,248,2
161,249,2
161,250,1
161,251,4
161,252,1
161,254,3
161,256,1
161,257,1
161,258,2
161,259,1
161,260,1
161,261,3
161,262,1
161,264,2
161,267,1
161,268,1
161,269,3
161,270,1
161,271,1
161,273,1
161,274,2
161,275,3
161,276,4
162,0,2
162,1,5
162,2,5
162,3,5
162,4,5
162,5,5
162,6,4
162,7,6
162,8,8
162,9,1
162,10,5
162,11,4
162,12,4
162,13,3
162,14,7
162,15,4
162,16,11
162,17,7
162,18,7
162,20,6
162,21,9
162,22,10
162,23,3
162,24,7
162,25,4
162,26,11
162,27,6
162,28,5
162,29,8
162,30,6
162,31,4
162,32,8
162,33,9
162,34,9
162,35,9
162,36,7
162,37,11
162,38,4
162,39,9
162,40,11
162,41,11
162,42,15
162,43,13
162,44,8
162,45,11
162,46,8
162,47,10
162,48,5
162,49,8
162,50,10
162,51,9
162,52,9
162,53,9
162,54,5
162,55,7
162,56,8
162,57,14
162,58,9
162,59,19
162,60,12
162,61,14
162,62,12
162,63,12
162,64,10
162,65,8
162,66,11
162,67,15
162,68,11
162,69,16
162,70,14
162,71,12
162,72,4
162,73,11
162,74,6
162,75,5
162,76,9
162,77,4
162,78,14
162,79,8
162,80,2
162,81,6
162,82,3
162,83,7
162,84,12
162,85,17
162,86,15
162,87,23
162,88,17
162,89,16
162,90,17
162,91,9
162,92,4
162,93,16
162,94,17
162,95,9
162,96,12
162,97,17
162,98,9
162,99,20
162,100,17
162,101,8
162,102,6
162,103,2
162,104,4
162,105,8
162,106,6
162,107,4
162,108,9
162,109,13
162,110,13
162,111,24
162,112,51
162,113,66
162,114,80
162,115,100
162,116,111
162,117,119
162,118,128
162,119,138
162,120,126
162,121,119
162,122,169
162,123,180
162,124,179
162,125,207
162,126,188
162,127,208
162,128,204
162,129,156
162,130,149
162,131,126
162,132,82
162,133,53
162,134,79
162,135,107
162,136,158
162,137,189
162,138,277
162,139,289
162,140,296
162,141,248
162,142,213
162,143,137
162,144,90
162,145,47
162,146,60
162,147,59
162,148,78
162,149,119
162,150,156
162,151,173
162,152,172
162,153,168
162,154,145
162,155,88
162,156,56
162,157,46
162,158,25
162,159,16
162,160,16
162,161,21
162,162,27
162,163,21
162,164,32
162,165,29
162,166,16
162,167,5
162,168,6
162,169,9
162,170,5
162,171,19
162,172,13
162,173,11
162,174,9
162,175,14
162,176,11
162,177,10
162,178,15
162,179,6
162,180,13
162,181,8
162,182,6
162,183,8
162,184,5
162,185,2
162,186,4
162,187,8
162,188,8
162,189,8
162,190,9
162,191,9
162,192,7
162,193,8
162,194,5
162,195,5
162,196,1
162,197,4
162,198,8
162,199,5
162,201,2
162,202,2
162,203,2
162,204,1
162,205,5
162,206,2
162,207,1
162,208,3
162,209,5
162,210,3
162,211,5
162,212,1
162,213,6
162,214,3
162,215,3
162,216,4
162,217,2
162,218,4
162,219,6
162,220,5
162,221,2
162,223,1
162,224,1
162,225,1
162,226,2
162,227,1
162,228,2
162,229,4
162,230,1
162,231,2
162,232,3
162,233,1
162,235,2
162,236,1
162,237,1
162,238,3
162,239,1
162,240,1
162,241,2
162,242,3
162,243,1
162,244,2
162,245,2
162,246,1
162,247,3
162,250,2
162,252,1
162,254,1
162,255,1
162,256,3
162,257,4
162,259,1
162,260,3
162,261,3
162,262,2
162,263,1
162,264,2
162,265,2
162,266,1
162,267,2
162,269,1
162,270,5
162,271,2
162,273,4
162,274,3
162,275,2
162,276,1
163,0,4
163,1,3
163,2,3
163,3,1
163,4,3
163,5,4
163,6,3
163,7,6
163,8,5
163,9,4
163,10,4
163,11,5
163,12,4
163,13,3
163,14,1
163,15,6
163,16,4
163,17,7
163,18,8
163,19,4
163,20,4
163,22,9
163,23,4
163,24,10
163,25,2
163,26,4
163,27,6
163,28,5
163,29,7
163,30,11
163,31,9
163,32,9
163,33,7
163,34,8
163,35,2
163,36,1
163,37,6
163,38,4
163,39,8
163,40,11
163,41,9
163,42,10
163,43,4
163,44,16
163,45,7
163,46,5
163,47,4
163,48,3
163,49,9
163,50,3
163,51,9
163,52,9
163,53,5
163,54,7
163,55,8
163,56,8
163,57,7
163,58,8
163,59,10
163,60,19
163,61,21
163,62,12
163,63,16
163,64,15
163,65,12
163,66,7
163,67,10
163,68,10
163,69,6
163,70,7
163,71,8
163,72,6
163,73,8
163,74,7
163,75,8
163,76,11
163,77,11
163,78,4
163,79,6
163,80,6
163,81,8
163,82,7
163,83,8
163,84,16
163,85,21
163,86,21
163,87,18
163,88,13
163,89,13
163,90,16
163,91,6
163,92,8
163,93,7
163,94,14
163,95,12
163,96,16
163,97,16
163,98,22
163,99,14
163,100,18
163,101,7
163,102,9
163,103,2
163,104,11
163,105,9
163,106,8
163,107,5
163,108,9
163,109,10
163,110,22
163,111,24
163,112,50
163,113,57
163,114,80
163,115,109
163,116,133
163,117,128
163,118,122
163,119,125
163,120,125
163,121,125
163,122,149
163,123,173
163,124,164
163,125,199
163,126,210
163,127,180
163,128,209
163,129,153
163,130,113
163,131,82
163,132,70
163,133,67
163,134,60
163,135,109
163,136,130
163,137,178
163,138,252
163,139,276
163,140,249
163,141,217
163,142,198
163,143,142
163,144,65
163,145,39
163,146,46
163,147,54
163,148,77
163,149,111
163,150,171
163,151,186
163,152,187
163,153,171
163,154,132
163,155,96
163,156,82
163,157,27
163,158,18
163,159,16
163,160,25
163,161,27
163,162,32
163,163,32
163,164,21
163,165,16
163,166,21
163,167,9
163,168,7
163,169,11
163,170,7
163,171,5
163,172,12
163,173,5
163,174,10
163,175,8
163,176,13
163,177,12
163,178,8
163,179,8
163,180,6
163,181,4
163,182,11
163,183,4
163,184,4
163,185,4
163,186,10
163,187,12
163,188,9
163,189,10
163,190,5
163,191,8
163,192,5
163,193,10
163,194,8
163,195,7
163,196,6
163,197,3
163,198,3
163,199,2
163,200,2
163,201,2
163,202,3
163,203,4
163,204,1
163,205,3
163,206,3
163,207,3
163,208,1
163,209,1
163,210,2
163,211,3
163,212,3
163,213,4
163,214,1
163,215,7
163,216,2
163,217,7
163,218,5
163,219,1
163,220,6
163,221,1
163,222,2
163,223,1
163,224,6
163,225,5
163,226,2
163,227,2
163,228,5
163,229,2
163,230,3
163,231,2
163,232,3
163,233,6
163,234,1
163,235,2
163,236,2
163,237,2
163,238,2
163,239,2
163,240,1
163,241,1
163,242,1
163,244,2
163,246,2
163,247,3
163,248,1
163,250,1
163,252,3
163,253,2
163,254,3
163,255,2
163,256,2
163,257,1
163,258,1
163,260,1
163,262,4
163,264,1
163,265,1
163,266,1
163,268,1
163,271,1
163,272,3
163,273,1
163,274,1
163,275,3
163,276,3
164,0,3
164,1,5
164,2,2
164,3,3
164,4,7
164,5,7
164,6,3
164,7,4
164,8,5
164,9,3
164,10,4
164,11,4
164,12,4
164,13,3
164,14,2
164,15,5
164,16,1
164,17,8
164,18,2
164,19,1
164,20,4
164,21,3
164,22,4
164,23,6
164,24,12
164,25,4
164,26,7
164,28,5
164,29,7
164,30,5
164,31,11
164,32,8
164,33,11
164,34,8
164,35,7
164,36,4
164,37,9
164,38,11
164,39,9
164,40,10
164,41,5
164,42,7
164,43,6
164,44,8
164,45,8
164,46,3
164,47,9
164,48,5
164,49,5
164,50,9
164,51,7
164,52,11
164,53,11
164,54,6
164,55,9
164,56,12
164,57,8
164,58,8
164,59,12
164,60,11
164,61,17
164,62,12
164,63,8
164,64,9
164,65,10
164,66,12
164,67,7
164,68,9
164,69,9
164,70,9
164,71,7
164,72,5
164,73,8
164,74,7
164,75,5
164,76,8
164,77,6
164,78,3
164,79,7
164,80,3
164,81,4
164,82,5
164,83,9
164,84,14
164,85,16
164,86,17
164,87,21
164,88,22
164,89,21
164,90,7
164,91,11
164,92,9
164,93,11
164,94,13
164,95,11
164,96,22
164,97,15
164,98,18
164,99,11
164,100,7
164,101,3
164,102,8
164,103,10
164,104,6
164,105,10
164,106,5
164,107,9
164,108,13
164,109,17
164,110,23
164,111,25
164,112,44
164,113,61
164,114,72
164,115,114
164,116,133
164,117,136
164,118,158
164,119,105
164,120,139
164,121,118
164,122,121
164,123,148
164,124,187
164,125,219
164,126,203
164,127,200
164,128,202
164,129,152
164,130,130
164,131,97
164,132,94
164,133,55
164,134,78
164,135,107
164,136,126
164,137,194
164,138,246
164,139,314
164,140,310
164,141,228
164,142,213
164,143,130
164,144,76
164,145,44
164,146,35
164,147,51
164,148,92
164,149,108
164,150,159
164,151,206
164,152,183
164,153,173
164,154,138
164,155,103
164,156,54
164,157,36
164,158,23
164,159,19
164,160,23
164,161,27
164,162,34
164,163,25
164,164,28
164,165,20
164,166,12
164,167,13
164,168,11
164,169,9
164,170,10
164,171,6
164,172,10
164,173,6
164,174,16
164,175,11
164,176,18
164,177,8
164,178,11
164,179,10
164,180,6
164,181,11
164,182,5
164,183,5
164,184,2
164,185,5
164,186,5
164,187,4
164,188,7
164,189,10
164,190,6
164,191,12
164,192,7
164,193,7
164,194,4
164,195,7
164,196,6
164,197,3
164,198,5
164,199,4
164,200,3
164,201,4
164,202,2
164,203,2
164,204,3
164,205,3
164,206,3
164,207,3
164,208,5
164,209,5
164,210,4
164,211,1
164,212,2
164,213,6
164,214,6
164,215,4
164,216,3
164,217,3
164,218,3
164,219,4
164,220,3
164,221,1
164,223,3
164,224,3
164,225,1
164,226,2
164,228,1
164,229,2
164,230,3
164,231,5
164,232,4
164,233,1
164,234,1
164,235,1
164,236,1
164,237,2
164,238,1
164,239,3
164,240,1
164,241,2
164,242,2
164,243,3
164,244,4
164,246,1
164,247,1
164,251,4
164,252,2
164,253,3
164,254,3
164,255,2
164,256,2
164,258,1
164,259,1
164,260,2
164,262,1
164,263,2
164,264,1
164,266,3
164,268,2
164,269,1
164,270,1
164,271,3
164,272,1
164,273,1
164,274,1
164,275,1
164,276,2
165,0,5
165,1,2
165,2,4
165,3,6
165,4,8
165,5,6
165,6,7
165,7,5
165,8,7
165,9,9
165,10,2
165,11,5
165,12,3
165,13,4
165,14,9
165,15,4
165,16,5
165,17,3
165,18,7
165,19,4
165,20,4
165,21,2
165,22,3
165,23,7
165,24,9
165,25,7
165,26,4
165,27,5
165,28,11
165,29,6
165,30,2
165,31,6
165,32,3
165,33,6
165,34,7
165,35,9
165,36,10
165,37,5
165,38,7
165,39,7
165,40,9
165,41,10
165,42,5
165,43,9
165,44,7
165,45,10
165,46,9
165,47,5
165,48,4
165,49,10
165,50,8
165,51,6
165,52,7
165,53,6
165,54,8
165,55,5
165,56,3
165,57,15
165,58,13
165,59,16
165,60,12
165,61,7
165,62,14
165,63,10
165,64,8
165,65,12
165,66,8
165,67,9
165,68,8
165,69,11
165,70,8
165,71,12
165,72,7
165,73,8
165,74,10
165,75,4
165,76,8
165,77,6
165,78,9
165,79,8
165,80,6
165,81,3
165,82,3
165,83,5
165,84,11
165,85,16
165,86,17
165,87,16
165,88,18
165,89,17
165,90,14
165,91,14
165,92,8
165,93,12
165,94,16
165,95,10
165,96,11
165,97,10
165,98,19
165,99,18
165,100,7
165,101,5
165,102,2
165,103,4
165,104,8
165,105,4
165,106,10
165,107,12
165,108,7
165,109,15
165,110,15
165,111,36
165,112,42
165,113,72
165,114,76
165,115,83
165,116,110
165,117,121
165,118,126
165,119,124
165,120,108
165,121,136
165,122,154
165,123,162
165,124,203
165,125,197
165,126,210
165,127,198
165,128,184
165,129,185
165,130,132
165,131,82
165,132,72
165,133,50
165,134,66
165,135,90
165,136,150
165,137,186
165,138,290
165,139,279
165,140,284
165,141,246
165,142,149
165,143,131
165,144,67
165,145,46
165,146,51
165,147,55
165,148,71
165,149,142
165,150,157
165,151,205
165,152,163
165,153,160
165,154,131
165,155,106
165,156,64
165,157,34
165,158,20
165,159,21
165,160,29
165,161,29
165,162,29
165,163,30
165,164,23
165,165,21
165,166,15
165,167,10
165,168,6
165,169,9
165,170,8
165,171,10
165,172,9
165,173,6
165,174,14
165,175,14
165,176,13
165,177,7
165,178,19
165,179,12
165,180,7
165,181,4
165,182,3
165,183,6
165,184,8
165,185,5
165,186,1
165,187,7
165,188,8
165,189,9
165,190,10
165,191,5
165,192,6
165,193,9
165,194,5
165,195,8
165,196,4
165,197,8
165,198,8
165,199,3
165,200,4
165,201,3
165,202,6
165,203,3
165,204,3
165,205,2
165,206,2
165,207,3
165,208,2
165,209,1
165,210,3
165,211,2
165,212,1
165,213,2
165,214,2
165,215,3
165,216,4
165,217,1
165,218,6
165,219,2
165,220,3
165,221,5
165,222,3
165,225,5
165,226,3
165,227,1
165,229,4
165,230,1
165,233,1
165,234,2
165,235,2
165,236,1
165,237,3
165,238,2
165,239,1
165,241,3
165,242,2
165,244,1
165,245,2
165,247,3
165,248,2
165,249,1
165,250,4
165,251,2
165,252,2
165,253,3
165,254,2
165,255,1
165,256,2
165,257,1
165,258,3
165,259,2
165,261,1
165,262,1
165,263,1
165,265,1
165,268,1
165,270,2
165,271,1
165,272,1
165,274,2
165,275,4
165,276,3
166,0,3
166,1,3
166,2,2
166,3,2
166,4,6
166,5,2
166,6,4
166,7,6
166,8,9
166,9,3
166,10,6
166,11,1
166,12,3
166,13,8
166,14,1
166,15,6
166,16,2
166,17,6
166,18,6
166,19,5
166,20,7
166,21,5
166,22,3
166,23,4
166,24,8
166,25,7
166,26,9
166,27,3
166,28,3
166,29,5
166,31,4
166,32,3
166,33,8
166,34,10
166,35,7
166,36,4
166,37,4
166,38,9
166,39,14
166,40,10
166,41,12
166,42,9
166,43,8
166,44,6
166,45,5
166,46,3
166,47,11
166,48,5
166,49,4
166,50,5
166,51,5
166,52,10
166,53,8
166,54,9
166,55,4
166,56,4
166,57,6
166,58,7
166,59,11
166,60,16
166,61,11
166,62,7
166,63,11
166,64,8
166,65,14
166,66,4
166,67,8
166,68,10
166,69,16
166,70,14
166,71,9
166,72,4
166,73,5
166,74,5
166,75,12
166,76,10
166,77,9
166,78,10
166,79,6
166,80,9
166,81,5
166,82,11
166,83,8
166,84,8
166,85,16
166,86,8
166,87,17
166,88,25
166,89,20
166,90,9
166,91,9
166,92,5
166,93,14
166,94,6
166,95,9
166,96,11
166,97,11
166,98,15
166,99,15
166,100,5
166,101,8
166,102,11
166,103,4
166,104,8
166,105,6
166,106,8
166,107,9
166,108,12
166,109,10
166,110,18
166,111,29
166,112,34
166,113,61
166,114,74
166,115,108
166,116,118
166,117,150
166,118,157
166,119,116
166,120,90
166,121,155
166,122,113
166,123,155
166,124,173
166,125,196
166,126,186
166,127,196
166,128,203
166,129,182
166,130,126
166,131,101
166,132,79
166,133,69
166,134,61
166,135,90
166,136,139
166,137,218
166,138,259
166,139,284
166,140,264
166,141,208
166,142,173
166,143,123
166,144,64
166,145,38
166,146,40
166,147,39
166,148,87
166,149,117
166,150,177
166,151,163
166,152,190
166,153,171
166,154,139
166,155,100
166,156,44
166,157,38
166,158,18
166,159,20
166,160,15
166,161,12
166,162,19
166,163,26
166,164,17
166,165,26
166,166,17
166,167,10
166,168,8
166,169,7
166,170,9
166,171,9
166,172,9
166,173,7
166,174,5
166,175,11
166,176,7
166,177,14
166,178,12
166,179,13
166,180,13
166,181,10
166,182,4
166,183,6
166,184,6
166,185,3
166,186,7
166,187,3
166,188,8
166,189,6
166,190,9
166,191,9
166,192,7
166,193,7
166,194,3
166,195,7
166,196,9
166,197,3
166,198,3
166,199,6
166,200,5
166,201,4
166,202,2
166,204,2
166,205,2
166,206,2
166,207,5
166,208,2
166,209,5
166,210,3
166,212,3
166,213,2
166,214,2
166,215,1
166,216,4
166,217,5
166,218,4
166,219,4
166,220,3
166,221,4
166,222,1
166,223,1
166,225,1
166,226,4
166,227,3
166,228,3
166,229,1
166,230,2
166,232,1
166,233,3
166,234,2
166,235,1
166,237,1
166,238,1
166,239,1
166,240,1
166,241,2
166,242,2
166,244,1
166,245,2
166,246,1
166,247,2
166,248,2
166,249,3
166,251,1
166,252,1
166,253,2
166,255,5
166,256,1
166,257,1
166,258,2
166,259,1
166,260,1
166,262,1
166,263,2
166,264,1
166,266,4
166,267,1
166,269,1
166,270,2
166,271,1
166,272,1
166,273,1
166,275,2
166,276,1
167,0,1
167,1,1
167,2,7
167,3,3
167,4,7
167,5,4
167,6,9
167,7,4
167,8,4
167,9,3
167,10,7
167,11,3
167,12,5
167,13,2
167,14,9
167,15,2
167,16,11
167,17,4
167,18,2
167,19,4
167,20,5
167,21,3
167,22,3
167,23,5
167,24,5
167,25,8
167,26,10
167,27,3
167,28,4
167,29,4
167,30,3
167,31,4
167,32,4
167,33,7
167,34,11
167,35,10
167,36,7
167,37,9
167,38,5
167,39,4
167,40,4
167,41,7
167,42,3
167,43,7
167,44,4
167,45,9
167,46,2
167,47,4
167,48,4
167,49,4
167,50,10
167,51,12
167,52,5
167,53,9
167,54,3
167,55,4
167,56,3
167,57,9
167,58,12
167,59,7
167,60,18
167,61,9
167,62,14
167,63,10
167,64,11
167,65,8
167,66,5
167,67,7
167,68,13
167,69,15
167,70,8
167,71,6
167,72,7
167,73,3
167,74,4
167,75,7
167,76,5
167,77,4
167,78,7
167,79,11
167,80,8
167,81,10
167,82,5
167,83,8
167,84,6
167,85,10
167,86,18
167,87,17
167,88,21
167,89,19
167,90,16
167,91,9
167,92,13
167,93,10
167,94,10
167,95,6
167,96,9
167,97,9
167,98,11
167,99,16
167,100,11
167,101,6
167,102,6
167,103,4
167,104,8
167,105,4
167,106,8
167,107,10
167,108,10
167,109,5
167,110,13
167,111,25
167,112,45
167,113,61
167,114,83
167,115,96
167,116,117
167,117,114
167,118,137
167,119,109
167,120,146
167,121,122
167,122,151
167,123,154
167,124,177
167,125,179
167,126,192
167,127,170
167,128,219
167,129,177
167,130,128
167,131,80
167,132,62
167,133,36
167,134,74
167,135,82
167,136,144
167,137,187
167,138,247
167,139,260
167,140,261
167,141,221
167,142,159
167,143,153
167,144,81
167,145,48
167,146,38
167,147,47
167,148,81
167,149,164
167,150,135
167,151,122
167,152,149
167,153,133
167,154,146
167,155,92
167,156,64
167,157,31
167,158,28
167,159,18
167,160,23
167,161,26
167,162,34
167,163,25
167,164,22
167,165,17
167,166,9
167,167,9
167,168,17
167,169,7
167,170,6
167,171,13
167,172,8
167,173,9
167,174,5
167,175,14
167,176,21
167,177,11
167,178,10
167,179,10
167,180,11
167,181,8
167,182,8
167,183,7
167,184,4
167,185,3
167,186,7
167,187,11
167,188,6
167,189,12
167,190,8
167,191,8
167,192,9
167,193,6
167,194,8
167,195,4
167,196,4
167,197,7
167,198,7
167,199,4
167,200,6
167,201,3
167,202,3
167,204,6
167,205,2
167,206,4
167,207,6
167,208,3
167,209,1
167,210,2
167,211,3
167,212,1
167,213,2
167,214,3
167,215,2
167,216,8
167,217,3
167,218,4
167,219,5
167,220,4
167,221,4
167,222,2
167,223,1
167,224,1
167,227,2
167,228,5
167,229,5
167,230,4
167,231,1
167,232,1
167,233,4
167,234,1
167,235,1
167,237,1
167,238,2
167,239,1
167,240,3
167,241,1
167,242,1
167,243,1
167,244,1
167,245,2
167,247,4
167,249,1
167,251,1
167,253,1
167,254,2
167,255,3
167,257,3
167,258,1
167,259,2
167,260,3
167,261,1
167,262,1
167,263,1
167,264,2
167,265,1
167,266,1
167,267,2
167,268,1
167,269,2
167,270,1
167,271,1
167,273,1
167,275,4
167,276,3
168,0,1
168,1,4
168,2,4
168,3,3
168,4,2
168,5,3
168,6,3
168,7,6
168,8,6
168,9,5
168,10,7
168,11,8
168,12,6
168,13,6
168,14,3
168,15,6
168,16,7
168,17,3
168,18,4
168,19,4
168,20,3
168,21,7
168,22,1
168,23,4
168,24,7
168,25,6
168,26,9
168,27,5
168,28,8
168,29,2
168,30,7
168,31,7
168,32,3
168,33,7
168,34,5
168,35,10
168,36,9
168,37,4
168,38,10
168,39,4
168,40,3
168,41,13
168,42,7
168,43,4
168,44,6
168,45,9
168,46,4
168,47,7
168,48,6
168,49,3
168,50,7
168,51,9
168,52,8
168,53,8
168,54,6
168,55,9
168,56,5
168,57,10
168,58,8
168,59,12
168,60,13
168,61,15
168,62,11
168,63,12
168,64,17
168,65,14
168,66,10
168,67,15
168,68,12
168,69,16
168,70,10
168,71,12
168,72,4
168,73,5
168,74,5
168,75,6
168,76,8
168,77,3
168,78,5
168,79,14
168,80,9
168,81,9
168,82,2
168,83,9
168,84,9
168,85,10
168,86,16
168,87,13
168,88,22
168,89,15
168,90,15
168,91,11
168,92,10
168,93,11
168,94,11
168,95,9
168,96,14
168,97,14
168,98,7
168,99,14
168,100,14
168,101,13
168,102,4
168,103,2
168,104,10
168,105,6
168,106,6
168,107,10
168,108,8
168,109,15
168,110,15
168,111,22
168,112,36
168,113,60
168,114,80
168,115,93
168,116,107
168,117,108
168,118,144
168,119,118
168,120,131
168,121,129
168,122,131
168,123,138
168,124,160
168,125,180
168,126,197
168,127,169
168,128,157
168,129,133
168,130,130
168,131,96
168,132,85
168,133,58
168,134,62
168,135,123
168,136,129
168,137,181
168,138,248
168,139,245
168,140,251
168,141,210
168,142,200
168,143,114
168,144,77
168,145,44
168,146,32
168,147,44
168,148,92
168,149,114
168,150,140
168,151,170
168,152,176
168,153,137
168,154,116
168,155,97
168,156,52
168,157,45
168,158,22
168,159,22
168,160,18
168,161,17
168,162,19
168,163,22
168,164,31
168,165,17
168,166,16
168,167,10
168,168,8
168,169,5
168,170,12
168,171,11
168,172,4
168,173,9
168,174,6
168,175,6
168,176,12
168,177,14
168,178,9
168,179,13
168,180,4
168,181,9
168,182,10
168,183,3
168,184,5
168,185,4
168,186,4
168,187,10
168,188,9
168,189,4
168,190,8
168,191,8
168,192,8
168,193,7
168,194,6
168,195,4
168,196,9
168,197,5
168,198,1
168,199,3
168,200,3
168,202,2
168,203,1
168,204,4
168,205,2
168,206,7
168,207,1
168,208,2
168,209,3
168,210,4
168,211,2
168,212,3
168,213,1
168,214,3
168,215,5
168,216,1
168,217,5
168,218,2
168,219,2
168,220,3
168,221,5
168,222,1
168,223,1
168,224,4
168,225,1
168,226,2
168,227,1
168,228,2
168,229,4
168,230,2
168,231,4
168,233,2
168,235,1
168,237,1
168,238,1
168,240,3
168,243,1
168,245,2
168,246,1
168,248,2
168,251,1
168,253,2
168,254,2
168,256,1
168,257,1
168,258,1
168,259,1
168,261,1
168,262,3
168,263,1
168,265,3
168,269,1
168,271,1
168,272,1
168,273,1
168,274,2
168,275,1
168,276,2
169,0,4
169,1,3
169,2,4
169,3,6
169,4,1
169,5,3
169,6,4
169,7,9
169,8,5
169,9,5
169,10,1
169,11,5
169,12,4
169,13,5
169,14,5
169,15,2
169,16,3
169,17,5
169,18,4
169,19,4
169,20,5
169,21,2
169,22,2
169,23,3
169,24,5
169,25,6
169,26,5
169,27,4
169,28,6
169,29,4
169,30,8
169,31,5
169,32,5
169,33,7
169,34,6
169,35,4
169,36,8
169,37,5
169,38,8
169,39,14
169,40,9
169,41,15
169,42,3
169,43,7
169,44,7
169,45,9
169,46,8
169,47,5
169,48,4
169,49,3
169,50,4
169,51,8
169,52,5
169,53,7
169,54,9
169,55,4
169,56,2
169,57,8
169,58,10
169,59,11
169,60,12
169,61,10
169,62,7
169,63,9
169,64,8
169,65,6
169,66,10
169,67,17
169,68,14
169,69,8
169,70,3
169,71,12
169,72,10
169,73,3
169,74,5
169,75,1
169,76,4
169,77,11
169,78,6
169,79,10
169,80,5
169,81,7
169,82,5
169,83,3
169,84,12
169,85,12
169,86,10
169,87,22
169,88,17
169,89,16
169,90,16
169,91,9
169,92,8
169,93,9
169,94,7
169,95,9
169,96,7
169,97,16
169,98,14
169,99,17
169,100,5
169,101,5
169,102,7
169,103,7
169,104,8
169,105,2
169,106,5
169,107,9
169,108,7
169,109,6
169,110,14
169,111,27
169,112,41
169,113,51
169,114,73
169,115,96
169,116,125
169,117,117
169,118,118
169,119,129
169,120,112
169,121,129
169,122,123
169,123,162
169,124,152
169,125,172
169,126,195
169,127,178
169,128,172
169,129,161
169,130,139
169,131,99
169,132,70
169,133,56
169,134,70
169,135,96
169,136,157
169,137,185
169,138,265
169,139,243
169,140,223
169,141,212
169,142,177
169,143,141
169,144,80
169,145,24
169,146,33
169,147,58
169,148,89
169,149,114
169,150,164
169,151,168
169,152,149
169,153,120
169,154,118
169,155,82
169,156,60
169,157,29
169,158,21
169,159,16
169,160,12
169,161,22
169,162,21
169,163,28
169,164,22
169,165,25
169,166,22
169,167,8
169,168,10
169,169,4
169,170,6
169,171,6
169,172,7
169,173,11
169,174,7
169,175,7
169,176,11
169,177,11
169,178,15
169,179,13
169,180,13
169,181,11
169,182,7
169,183,5
169,184,6
169,185,3
169,186,6
169,187,3
169,188,6
169,189,11
169,190,7
169,191,14
169,192,4
169,193,2
169,194,3
169,195,4
169,196,2
169,197,7
169,198,3
169,199,3
169,200,3
169,201,1
169,202,1
169,203,1
169,204,4
169,205,3
169,206,2
169,207,1
169,208,3
169,211,4
169,212,3
169,213,3
169,214,1
169,215,6
169,216,4
169,217,3
169,218,3
169,219,2
169,220,3
169,221,1
169,222,2
169,224,5
169,226,2
169,227,1
169,228,2
169,229,2
169,230,3
169,231,1
169,232,1
169,233,2
169,234,1
169,235,3
169,236,3
169,237,3
169,239,1
169,240,1
169,242,1
169,243,2
169,244,1
169,247,2
169,248,1
169,249,1
169,250,2
169,251,1
169,253,3
169,254,2
169,255,3
169,256,3
169,257,1
169,258,4
169,259,1
169,260,1
169,262,1
169,264,2
169,265,2
169,267,1
169,268,1
169,270,1
169,271,3
169,272,4
169,273,1
169,274,1
169,275,2
170,0,3
170,2,5
170,3,1
170,4,5
170,5,7
170,6,7
170,7,4
170,8,6
170,9,9
170,10,7
170,11,1
170,12,4
170,13,6
170,14,5
170,15,5
170,16,6
170,17,1
170,18,2
170,19,2
170,20,2
170,21,4
170,22,6
170,23,3
170,24,5
170,25,6
170,26,7
170,27,7
170,28,9
170,29,8
170,30,5
170,31,12
170,32,9
170,33,7
170,34,6
170,35,3
170,36,12
170,37,7
170,38,7
170,39,9
170,40,13
170,41,7
170,42,6
170,43,9
170,44,10
170,45,10
170,46,13
170,47,4
170,48,8
170,49,3
170,50,6
170,51,14
170,52,11
170,53,8
170,54,6
170,55,11
170,56,6
170,57,6
170,58,10
170,59,10
170,60,23
170,61,13
170,62,10
170,63,15
170,64,8
170,65,7
170,66,8
170,67,9
170,68,7
170,69,10
170,70,7
170,71,5
170,72,5
170,73,9
170,74,4
170,75,7
170,76,2
170,77,8
170,78,8
170,79,10
170,80,8
170,81,3
170,82,11
170,83,13
170,84,11
170,85,14
170,86,16
170,87,17
170,88,22
170,89,11
170,90,14
170,91,4
170,92,2
170,93,9
170,94,7
170,95,13
170,96,17
170,97,8
170,98,14
170,99,4
170,100,11
170,101,7
170,102,6
170,103,10
170,104,6
170,105,7
170,106,5
170,107,8
170,108,8
170,109,12
170,110,18
170,111,30
170,112,45
170,113,52
170,114,95
170,115,99
170,116,118
170,117,125
170,118,126
170,119,123
170,120,109
170,121,111
170,122,133
170,123,154
170,124,180
170,125,176
170,126,179
170,127,174
170,128,198
170,129,136
170,130,111
170,131,88
170,132,59
170,133,59
170,134,70
170,135,96
170,136,120
170,137,180
170,138,243
170,139,254
170,140,246
170,141,187
170,142,164
170,143,129
170,144,86
170,145,48
170,146,45
170,147,37
170,148,70
170,149,109
170,150,116
170,151,171
170,152,140
170,153,148
170,154,113
170,155,93
170,156,49
170,157,32
170,158,14
170,159,11
170,160,19
170,161,24
170,162,36
170,163,24
170,164,16
170,165,18
170,166,14
170,167,16
170,168,9
170,169,14
170,170,11
170,171,8
170,172,14
170,173,14
170,174,7
170,175,8
170,176,8
170,177,12
170,178,7
170,179,12
170,180,9
170,181,8
170,182,3
170,183,5
170,184,8
170,185,4
170,186,4
170,187,6
170,188,4
170,189,5
170,190,9
170,191,9
170,192,6
170,193,5
170,194,6
170,195,7
170,196,3
170,197,2
170,198,5
170,199,3
170,200,11
170,201,4
170,202,1
170,203,2
170,205,5
170,206,4
170,208,4
170,209,1
170,210,3
170,211,4
170,212,1
170,213,3
170,214,3
170,215,2
170,216,1
170,217,2
170,218,6
170,219,3
170,221,1
170,223,2
170,224,2
170,225,1
170,227,2
170,228,5
170,229,1
170,230,3
170,231,1
170,232,1
170,233,2
170,234,2
170,235,2
170,236,2
170,237,1
170,238,2
170,239,1
170,241,2
170,242,1
170,243,1
170,244,1
170,246,1
170,247,1
170,248,1
170,249,2
170,250,2
170,251,1
170,252,1
170,253,1
170,254,2
170,255,3
170,257,1
170,258,2
170,259,3
170,260,2
170,261,1
170,263,1
170,265,1
170,267,1
170,268,2
170,269,2
170,271,1
170,274,1
170,275,2
171,0,2
171,1,4
171,2,2
171,3,4
171,4,3
171,5,3
171,6,3
171,7,7
171,8,5
171,9,1
171,10,3
171,11,4
171,12,3
171,13,11
171,14,5
171,15,5
171,16,4
171,17,8
171,18,1
171,20,2
171,21,6
171,22,3
171,23,6
171,24,3
171,25,3
171,26,3
171,27,3
171,28,7
171,29,6
171,30,6
171,31,3
171,32,10
171,33,5
171,34,9
171,35,8
171,36,3
171,37,9
171,38,7
171,39,4
171,40,7
171,41,6
171,42,8
171,43,7
171,44,6
171,45,7
171,46,11
171,47,5
171,48,3
171,49,9
171,50,10
171,51,5
171,52,8
171,53,11
171,54,8
171,55,5
171,56,7
171,57,10
171,58,5
171,59,12
171,60,4
171,61,17
171,62,17
171,63,11
171,64,5
171,65,11
171,66,9
171,67,11
171,68,10
171,69,12
171,70,7
171,71,4
171,72,7
171,73,6
171,74,4
171,75,7
171,76,8
171,77,2
171,78,5
171,79,7
171,80,7
171,81,9
171,82,9
171,83,4
171,84,12
171,85,10
171,86,10
171,87,20
171,88,21
171,89,12
171,90,15
171,91,11
171,92,11
171,93,8
171,94,6
171,95,9
171,96,11
171,97,14
171,98,11
171,99,9
171,100,12
171,101,6
171,102,11
171,103,3
171,104,7
171,105,8
171,106,10
171,107,9
171,108,16
171,109,12
171,110,25
171,111,25
171,112,43
171,113,45
171,114,76
171,115,93
171,116,105
171,117,115
171,118,131
171,119,123
171,120,125
171,121,125
171,122,127
171,123,169
171,124,161
171,125,163
171,126,170
171,127,214
171,128,155
171,129,162
171,130,118
171,131,97
171,132,76
171,133,52
171,134,63
171,135,104
171,136,120
171,137,171
171,138,241
171,139,239
171,140,208
171,141,202
171,142,160
171,143,125
171,144,69
171,145,41
171,146,29
171,147,26
171,148,74
171,149,103
171,150,140
171,151,141
171,152,135
171,153,135
171,154,112
171,155,90
171,156,59
171,157,29
171,158,11
171,159,13
171,160,11
171,161,25
171,162,26
171,163,22
171,164,34
171,165,16
171,166,15
171,167,11
171,168,8
171,169,13
171,170,5
171,171,13
171,172,8
171,173,9
171,174,9
171,175,8
171,176,10
171,177,7
171,178,7
171,179,13
171,180,6
171,181,10
171,182,13
171,183,4
171,184,4
171,185,1
171,186,10
171,187,12
171,188,10
171,189,9
171,190,6
171,191,7
171,192,5
171,193,1
171,194,9
171,195,7
171,196,8
171,197,9
171,198,2
171,199,1
171,200,1
171,201,2
171,202,3
171,203,3
171,204,2
171,205,2
171,206,5
171,207,1
171,208,3
171,209,2
171,210,1
171,211,1
171,212,2
171,214,2
171,215,1
171,216,5
171,217,3
171,218,3
171,219,2
171,220,3
171,221,2
171,222,3
171,223,5
171,224,1
171,225,2
171,226,1
171,227,2
171,228,2
171,231,1
171,232,2
171,233,1
171,234,1
171,235,2
171,236,2
171,237,1
171,238,1
171,240,1
171,242,1
171,244,1
171,245,2
171,248,1
171,249,1
171,251,1
171,252,1
171,253,1
171,256,4
171,257,1
171,258,2
171,259,1
171,261,1
171,262,3
171,263,1
171,266,2
171,267,1
171,268,1
171,269,1
171,273,1
171,275,2
171,276,2
172,0,2
172,1,2
172,2,6
172,3,1
172,4,3
172,5,3
172,6,6
172,7,3
172,8,3
172,9,3
172,10,5
172,11,6
172,12,3
172,13,7
172,14,6
172,15,9
172,16,6
172,17,6
172,18,2
172,19,4
172,20,1
172,21,4
172,22,7
172,23,2
172,24,7
172,25,5
172,26,5
172,27,7
172,28,5
172,29,7
172,30,3
172,31,5
172,32,3
172,33,5
172,34,6
172,35,8
172,36,7
172,37,8
172,38,5
172,39,1
172,40,5
172,41,9
172,42,5
172,43,4
172,44,5
172,45,5
172,46,4
172,47,3
172,48,3
172,49,4
172,50,3
172,51,6
172,52,9
172,53,8
172,54,8
172,55,10
172,56,4
172,57,9
172,58,9
172,59,9
172,60,9
172,61,11
172,62,6
172,63,15
172,64,13
172,65,12
172,66,18
172,67,5
172,68,8
172,69,11
172,70,8
172,71,10
172,72,1
172,73,7
172,74,5
172,75,9
172,76,10
172,77,8
172,78,3
172,79,4
172,80,4
172,81,5
172,82,6
172,83,8
172,84,3
172,85,13
172,86,8
172,87,21
172,88,18
172,89,13
172,90,13
172,91,14
172,92,11
172,93,7
172,94,8
172,95,18
172,96,18
172,97,14
172,98,13
172,99,15
172,100,14
172,101,9
172,102,3
172,103,4
172,104,3
172,105,10
172,106,4
172,107,8
172,108,10
172,109,17
172,110,12
172,111,19
172,112,36
172,113,62
172,114,66
172,115,101
172,116,101
172,117,120
172,118,134
172,119,117
172,120,132
172,121,137
172,122,138
172,123,135
172,124,185
172,125,176
172,126,173
172,127,204
172,128,177
172,129,151
172,130,123
172,131,83
172,132,59
172,133,58
172,134,68
172,135,81
172,136,124
172,137,180
172,138,206
172,139,239
172,140,229
172,141,211
172,142,167
172,143,111
172,144,58
172,145,42
172,146,26
172,147,57
172,148,60
172,149,88
172,150,127
172,151,133
172,152,160
172,153,146
172,154,113
172,155,81
172,156,54
172,157,44
172,158,14
172,159,21
172,160,22
172,161,19
172,162,15
172,163,17
172,164,21
172,165,15
172,166,14
172,167,12
172,168,8
172,169,9
172,170,10
172,171,11
172,172,6
172,173,9
172,174,10
172,175,6
172,176,9
172,177,9
172,178,8
172,179,14
172,180,13
172,181,5
172,182,4
172,183,8
172,184,2
172,185,6
172,186,7
172,187,6
172,188,4
172,189,5
172,190,10
172,191,15
172,192,8
172,193,7
172,194,10
172,195,9
172,196,5
172,197,3
172,198,6
172,199,2
172,200,2
172,201,2
172,202,2
172,203,1
172,204,1
172,205,1
172,206,4
172,207,3
172,210,4
172,211,2
172,212,5
172,213,1
172,214,1
172,215,1
172,216,5
172,217,2
172,219,5
172,220,1
172,221,3
172,222,1
172,223,3
172,224,2
172,227,3
172,228,1
172,229,1
172,230,3
172,231,2
172,232,2
172,235,3
172,236,1
172,237,2
172,238,3
172,239,1
172,240,1
172,244,1
172,245,1
172,246,1
172,248,2
172,250,1
172,251,2
172,252,5
172,253,1
172,254,2
172,255,2
172,256,1
172,257,1
172,258,4
172,259,1
172,261,3
172,262,2
172,264,3
172,266,3
172,267,3
172,269,1
172,270,1
172,271,1
172,273,1
172,275,1
172,276,2
173,0,5
173,1,2
173,2,3
173,3,3
173,4,3
173,5,2
173,6,3
173,7,3
173,8,8
173,9,3
173,10,8
173,11,5
173,12,6
173,13,7
173,14,5
173,15,4
173,16,3
173,17,4
173,18,3
173,19,3
173,20,2
173,21,2
173,22,7
173,23,6
173,24,3
173,25,3
173,26,5
173,27,4
173,28,5
173,29,6
173,30,3
173,31,4
173,32,9
173,33,4
173,34,4
173,35,4
173,36,4
173,37,5
173,38,7
173,39,2
173,40,7
173,41,11
173,42,4
173,43,7
173,44,7
173,45,5
173,46,7
173,47,3
173,48,5
173,49,9
173,50,6
173,51,7
173,52,1
173,53,4
173,54,2
173,55,9
173,56,13
173,57,12
173,58,9
173,59,9
173,60,12
173,61,11
173,62,10
173,63,10
173,64,7
173,65,8
173,66,9
173,67,9
173,68,7
173,69,11
173,70,6
173,71,12
173,72,8
173,73,1
173,74,4
173,75,6
173,76,2
173,77,7
173,78,7
173,79,11
173,80,6
173,81,7
173,82,3
173,83,4
173,84,3
173,85,15
173,86,16
173,87,18
173,88,23
173,89,14
173,90,16
173,91,4
173,92,7
173,93,8
173,94,9
173,95,10
173,96,12
173,97,21
173,98,6
173,99,14
173,100,6
173,101,9
173,102,2
173,103,7
173,104,8
173,105,10
173,106,8
173,107,7
173,108,10
173,109,10
173,110,19
173,111,22
173,112,50
173,113,59
173,114,55
173,115,102
173,116,95
173,117,122
173,118,124
173,119,115
173,120,127
173,121,114
173,122,154
173,123,139
173,124,187
173,125,177
173,126,175
173,127,179
173,128,188
173,129,178
173,130,123
173,131,89
173,132,69
173,133,57
173,134,66
173,135,80
173,136,111
173,137,160
173,138,220
173,139,237
173,140,196
173,141,208
173,142,153
173,143,130
173,144,68
173,145,34
173,146,35
173,147,38
173,148,60
173,149,78
173,150,133
173,151,145
173,152,132
173,153,127
173,154,124
173,155,88
173,156,36
173,157,41
173,158,20
173,159,20
173,160,10
173,161,16
173,162,21
173,163,15
173,164,26
173,165,22
173,166,10
173,167,10
173,168,9
173,169,9
173,170,4
173,171,11
173,172,7
173,173,8
173,174,10
173,175,9
173,176,2
173,177,9
173,178,7
173,179,5
173,180,8
173,181,10
173,182,12
173,183,7
173,184,8
173,185,2
173,186,9
173,187,5
173,188,7
173,189,6
173,190,9
173,191,12
173,192,7
173,193,6
173,194,4
173,195,5
173,196,5
173,197,2
173,198,9
173,199,6
173,200,4
173,201,1
173,202,1
173,203,2
173,204,4
173,205,2
173,206,1
173,207,1
173,209,2
173,210,1
173,211,2
173,212,1
173,213,2
173,214,2
173,215,6
173,216,2
173,217,5
173,218,1
173,219,1
173,220,4
173,221,1
173,222,4
173,223,2
173,224,1
173,225,2
173,226,3
173,228,3
173,229,5
173,230,6
173,231,1
173,232,1
173,234,2
173,235,2
173,236,1
173,237,2
173,238,1
173,239,2
173,240,2
173,243,1
173,245,3
173,246,1
173,247,1
173,248,3
173,249,1
173,250,2
173,251,1
173,252,3
173,253,2
173,254,2
173,256,1
173,257,2
173,260,1
173,261,1
173,263,1
173,264,1
173,265,1
173,266,1
173,267,2
173,270,1
173,274,2
173,276,2
174,0,7
174,1,2
174,2,3
174,3,4
174,4,4
174,5,2
174,6,5
174,7,5
174,8,3
174,9,4
174,10,4
174,11,7
174,12,1
174,13,2
174,14,6
174,15,3
174,16,5
174,17,1
174,18,2
174,19,2
174,20,2
174,21,4
174,22,3
174,23,4
174,24,8
174,25,8
174,26,6
174,27,4
174,28,9
174,29,4
174,30,6
174,31,5
174,32,15
174,33,16
174,34,8
174,35,5
174,36,9
174,37,6
174,38,2
174,39,5
174,40,9
174,41,7
174,42,5
174,43,8
174,44,10
174,45,9
174,46,5
174,47,7
174,48,3
174,49,5
174,50,9
174,51,7
174,52,4
174,53,12
174,54,5
174,55,2
174,56,11
174,57,9
174,58,7
174,59,16
174,60,11
174,61,11
174,62,9
174,63,8
174,64,11
174,65,12
174,66,7
174,67,3
174,68,7
174,69,6
174,70,2
174,71,6
174,72,3
174,73,4
174,74,2
174,75,6
174,76,4
174,77,5
174,78,8
174,79,4
174,80,6
174,81,3
174,82,2
174,83,5
174,84,8
174,85,16
174,86,18
174,87,24
174,88,13
174,89,15
174,90,17
174,91,9
174,92,9
174,93,14
174,94,8
174,95,7
174,96,15
174,97,8
174,98,15
174,99,9
174,100,10
174,101,9
174,102,9
174,103,4
174,104,3
174,105,9
174,106,6
174,107,10
174,108,11
174,109,14
174,110,20
174,111,27
174,112,37
174,113,52
174,114,76
174,115,89
174,116,115
174,117,121
174,118,114
174,119,125
174,120,109
174,121,113
174,122,129
174,123,99
174,124,149
174,125,143
174,126,170
174,127,178
174,128,169
174,129,158
174,130,128
174,131,75
174,132,67
174,133,70
174,134,55
174,135,101
174,136,118
174,137,159
174,138,200
174,139,227
174,140,192
174,141,172
174,142,170
174,143,116
174,144,69
174,145,42
174,146,29
174,147,42
174,148,79
174,149,111
174,150,105
174,151,123
174,152,153
174,153,131
174,154,116
174,155,70
174,156,49
174,157,36
174,158,16
174,159,16
174,160,24
174,161,19
174,162,21
174,163,24
174,164,22
174,165,18
174,166,15
174,167,12
174,168,12
174,169,8
174,170,10
174,171,8
174,172,8
174,173,5
174,174,9
174,175,8
174,176,11
174,177,9
174,178,14
174,179,6
174,180,14
174,181,5
174,182,4
174,183,6
174,184,4
174,185,3
174,186,5
174,187,7
174,188,5
174,189,9
174,190,6
174,191,9
174,192,7
174,193,7
174,194,7
174,195,7
174,196,6
174,197,3
174,198,2
174,199,4
174,200,3
174,201,4
174,203,3
174,204,1
174,205,2
174,206,5
174,207,1
174,208,4
174,210,1
174,211,2
174,212,4
174,213,3
174,214,6
174,215,5
174,216,2
174,217,2
174,218,3
174,219,3
174,220,6
174,221,1
174,222,1
174,223,2
174,224,3
174,226,1
174,227,4
174,229,2
174,230,7
174,231,2
174,232,3
174,233,2
174,234,2
174,235,2
174,237,2
174,238,3
174,241,1
174,243,2
174,244,1
174,245,1
174,246,1
174,247,1
174,248,2
174,249,1
174,253,1
174,254,2
174,255,2
174,256,3
174,258,1
174,259,3
174,260,1
174,261,1
174,263,2
174,264,3
174,266,1
174,274,3
174,275,1
174,276,4
175,0,5
175,2,3
175,3,3
175,4,2
175,5,1
175,6,5
175,7,8
175,8,6
175,9,6
175,10,5
175,11,5
175,12,3
175,13,2
175,14,4
175,15,2
175,16,3
175,18,6
175,19,4
175,20,1
175,21,1
175,22,6
175,23,6
175,24,5
175,25,3
175,26,6
175,27,2
175,28,5
175,29,5
175,30,5
175,31,3
175,32,4
175,33,9
175,34,8
175,35,9
175,36,6
175,37,9
175,38,5
175,39,6
175,40,4
175,41,7
175,42,12
175,43,4
175,44,10
175,45,6
175,46,3
175,47,3
175,48,4
175,49,5
175,50,5
175,51,7
175,52,2
175,53,6
175,54,5
175,55,4
175,56,5
175,57,4
175,58,7
175,59,5
175,60,9
175,61,12
175,62,12
175,63,7
175,64,8
175,65,9
175,66,10
175,67,6
175,68,9
175,69,4
175,70,6
175,71,4
175,72,10
175,73,1
175,74,1
175,75,7
175,76,4
175,77,8
175,78,9
175,79,6
175,80,3
175,81,3
175,82,3
175,83,13
175,84,12
175,85,5
175,86,15
175,87,12
175,88,19
175,89,20
175,90,12
175,91,11
175,92,6
175,93,8
175,94,9
175,95,7
175,96,9
175,97,12
175,98,9
175,99,12
175,100,9
175,101,6
175,102,8
175,103,5
175,104,7
175,105,4
175,106,5
175,107,11
175,108,5
175,109,3
175,110,14
175,111,20
175,112,34
175,113,58
175,114,69
175,115,98
175,116,106
175,117,113
175,118,111
175,119,108
175,120,97
175,121,112
175,122,120
175,123,145
175,124,167
175,125,146
175,126,167
175,127,155
175,128,132
175,129,140
175,130,120
175,131,91
175,132,83
175,133,61
175,134,81
175,135,82
175,136,103
175,137,133
175,138,178
175,139,217
175,140,205
175,141,191
175,142,121
175,143,86
175,144,70
175,145,41
175,146,30
175,147,30
175,148,57
175,149,100
175,150,125
175,151,131
175,152,138
175,153,140
175,154,98
175,155,75
175,156,43
175,157,26
175,158,12
175,159,12
175,160,12
175,161,12
175,162,23
175,163,19
175,164,20
175,165,18
175,166,24
175,167,10
175,168,11
175,169,12
175,170,9
175,171,10
175,172,5
175,173,11
175,174,8
175,175,11
175,176,9
175,177,10
175,178,11
175,179,7
175,180,10
175,181,8
175,182,7
175,183,2
175,184,1
175,185,7
175,186,3
175,187,7
175,188,7
175,189,6
175,190,9
175,191,13
175,192,3
175,193,9
175,194,8
175,195,4
175,196,3
175,197,4
175,198,4
175,199,3
175,200,1
175,201,6
175,202,3
175,203,4
175,204,3
175,205,2
175,206,4
175,207,4
175,208,1
175,209,1
175,210,1
175,211,1
175,212,4
175,213,3
175,214,2
175,215,3
175,216,2
175,217,1
175,218,1
175,219,2
175,220,2
175,221,1
175,222,3
175,223,1
175,224,2
175,225,4
175,226,1
175,227,3
175,228,1
175,229,3
175,230,1
175,231,4
175,233,2
175,234,2
175,235,3
175,236,1
175,239,1
175,241,2
175,242,1
175,243,2
175,245,1
175,246,2
175,248,1
175,249,1
175,250,2
175,251,1
175,255,1
175,256,3
175,257,1
175,259,1
175,262,1
175,264,1
175,265,1
175,268,2
175,269,1
175,273,1
175,274,4
175,276,1
176,0,3
176,1,1
176,2,1
176,3,3
176,4,2
176,5,3
176,6,6
176,7,5
176,8,3
176,9,4
176,10,3
176,11,3
176,12,3
176,13,2
176,14,3
176,15,3
176,16,3
176,17,5
176,19,1
176,20,4
176,21,4
176,22,6
176,23,5
176,24,8
176,25,2
176,26,3
176,27,4
176,28,3
176,29,3
176,30,4
176,31,5
176,32,13
176,33,7
176,34,4
176,35,8
176,36,6
176,37,6
176,38,3
176,39,4
176,40,6
176,41,5
176,42,4
176,43,6
176,44,5
176,45,2
176,46,6
176,47,5
176,48,8
176,49,4
176,50,8
176,51,3
176,52,6
176,53,5
176,54,4
176,55,7
176,56,9
176,57,8
176,58,8
176,59,7
176,60,8
176,61,14
176,62,8
176,63,9
176,64,8
176,65,9
176,66,7
176,67,8
176,68,7
176,69,11
176,70,7
176,71,9
176,72,6
176,73,3
176,74,6
176,75,7
176,76,3
176,77,7
176,78,6
176,79,8
176,80,5
176,81,1
176,83,8
176,84,10
176,85,7
176,86,14
176,87,11
176,88,16
176,89,14
176,90,12
176,91,14
176,92,5
176,93,9
176,94,10
176,95,14
176,96,12
176,97,10
176,98,8
176,99,11
176,100,3
176,101,6
176,102,2
176,103,4
176,104,5
176,105,5
176,106,7
176,107,5
176,108,8
176,109,16
176,110,16
176,111,25
176,112,33
176,113,49
176,114,73
176,115,102
176,116,115
176,117,93
176,118,101
176,119,116
176,120,136
176,121,117
176,122,137
176,123,121
176,124,152
176,125,153
176,126,164
176,127,183
176,128,150
176,129,123
176,130,114
176,131,104
176,132,84
176,133,67
176,134,53
176,135,79
176,136,105
176,137,156
176,138,215
176,139,198
176,140,227
176,141,202
176,142,141
176,143,121
176,144,60
176,145,36
176,146,26
176,147,33
176,148,52
176,149,93
176,150,100
176,151,123
176,152,130
176,153,104
176,154,99
176,155,79
176,156,45
176,157,35
176,158,21
176,159,13
176,160,18
176,161,19
176,162,12
176,163,20
176,164,13
176,165,15
176,166,13
176,167,8
176,168,9
176,169,11
176,170,13
176,171,8
176,172,9
176,173,14
176,174,9
176,175,9
176,176,8
176,177,9
176,178,8
176,179,11
176,180,12
176,181,7
176,182,7
176,183,3
176,184,3
176,185,2
176,186,5
176,187,9
176,188,8
176,189,6
176,190,11
176,191,7
176,192,8
176,193,4
176,194,5
176,195,6
176,196,4
176,197,7
176,198,2
176,201,1
176,203,2
176,204,3
176,205,1
176,206,2
176,207,2
176,208,2
176,209,2
176,210,1
176,212,2
176,213,2
176,214,1
176,215,2
176,216,4
176,217,1
176,219,2
176,220,5
176,221,4
176,222,7
176,223,2
176,224,5
176,225,3
176,227,3
176,228,1
176,229,2
176,230,1
176,231,1
176,232,2
176,233,3
176,234,1
176,236,1
176,239,4
176,240,1
176,241,2
176,242,2
176,243,1
176,244,2
176,245,1
176,246,2
176,247,1
176,249,2
176,251,3
176,252,2
176,253,2
176,256,1
176,259,1
176,260,2
176,263,3
176,264,2
176,265,1
176,273,2
176,274,1
176,275,1
177,0,2
177,1,4
177,2,5
177,3,7
177,4,3
177,5,3
177,6,3
177,7,5
177,8,2
177,9,4
177,10,5
177,11,5
177,12,3
177,13,3
177,14,3
177,15,9
177,16,3
177,17,4
177,18,3
177,19,7
177,20,5
177,21,4
177,22,5
177,23,4
177,24,1
177,25,2
177,26,6
177,27,3
177,28,4
177,29,3
177,30,8
177,31,8
177,32,7
177,33,8
177,34,3
177,35,14
177,36,3
177,37,7
177,38,6
177,39,6
177,40,9
177,41,7
177,42,7
177,43,5
177,44,2
177,45,5
177,46,7
177,47,5
177,48,4
177,49,3
177,50,3
177,51,7
177,52,5
177,53,10
177,54,4
177,55,4
177,56,3
177,57,7
177,58,4
177,59,4
177,60,12
177,61,10
177,62,5
177,63,9
177,64,6
177,65,11
177,66,6
177,67,11
177,68,3
177,69,10
177,70,12
177,71,10
177,72,5
177,73,3
177,74,1
177,75,4
177,76,11
177,77,6
177,78,5
177,79,8
177,80,6
177,81,4
177,82,4
177,83,5
177,84,8
177,85,11
177,86,8
177,87,11
177,88,16
177,89,11
177,90,11
177,91,4
177,92,6
177,93,7
177,94,8
177,95,9
177,96,12
177,97,15
177,98,9
177,99,6
177,100,10
177,101,4
177,102,7
177,103,5
177,104,8
177,105,7
177,106,9
177,107,11
177,108,14
177,109,13
177,110,19
177,111,36
177,112,38
177,113,58
177,114,76
177,115,93
177,116,107
177,117,118
177,118,98
177,119,115
177,120,126
177,121,105
177,122,109
177,123,128
177,124,149
177,125,164
177,126,148
177,127,155
177,128,140
177,129,139
177,130,106
177,131,98
177,132,77
177,133,61
177,134,51
177,135,91
177,136,103
177,137,129
177,138,172
177,139,182
177,140,186
177,141,172
177,142,141
177,143,102
177,144,65
177,145,42
177,146,31
177,147,36
177,148,66
177,149,74
177,150,122
177,151,106
177,152,109
177,153,122
177,154,104
177,155,84
177,156,49
177,157,37
177,158,23
177,159,10
177,160,14
177,161,13
177,162,14
177,163,12
177,164,13
177,165,14
177,166,11
177,167,8
177,168,6
177,169,11
177,170,4
177,171,7
177,172,5
177,173,12
177,174,4
177,175,11
177,176,4
177,177,10
177,178,5
177,179,4
177,180,10
177,181,9
177,182,8
177,183,3
177,184,6
177,185,6
177,186,1
177,187,2
177,188,5
177,189,9
177,190,10
177,191,6
177,192,4
177,193,8
177,194,4
177,195,3
177,196,2
177,197,3
177,198,5
177,199,2
177,200,2
177,201,2
177,202,3
177,203,2
177,204,1
177,205,2
177,206,4
177,207,2
177,208,1
177,209,1
177,211,1
177,212,2
177,213,4
177,214,1
177,215,2
177,216,3
177,217,7
177,218,1
177,219,2
177,221,1
177,222,1
177,223,5
177,224,3
177,225,4
177,226,4
177,227,4
177,228,1
177,229,2
177,230,3
177,231,2
177,233,3
177,236,1
177,237,1
177,239,1
177,240,2
177,241,1
177,243,2
177,244,1
177,249,2
177,251,3
177,252,3
177,253,2
177,254,1
177,255,3
177,257,3
177,259,2
177,260,4
177,261,1
177,262,2
177,265,2
177,267,1
177,271,2
177,273,1
177,274,3
178,0,1
178,1,4
178,2,2
178,3,5
178,4,6
178,5,2
178,6,4
178,7,6
178,8,6
178,9,3
178,10,3
178,11,4
178,12,3
178,13,6
178,14,5
178,15,4
178,16,1
178,17,3
178,18,5
178,19,3
178,20,2
178,21,4
178,22,2
178,23,6
178,24,7
178,25,7
178,26,3
178,27,3
178,28,2
178,29,4
178,30,2
178,31,5
178,32,5
178,33,12
178,34,5
178,35,3
178,36,4
178,37,2
178,38,8
178,39,2
178,40,6
178,41,9
178,42,6
178,43,5
178,44,4
178,45,6
178,46,7
178,47,2
178,48,6
178,49,2
178,50,3
178,51,3
178,52,9
178,53,3
178,54,2
178,55,2
178,56,6
178,57,3
178,58,9
178,59,5
178,60,4
178,61,6
178,62,8
178,63,9
178,64,4
178,65,8
178,66,5
178,67,8
178,68,4
178,69,4
178,70,13
178,71,4
178,72,3
178,73,2
178,74,7
178,75,5
178,76,2
178,77,8
178,78,17
178,79,9
178,80,4
178,81,5
178,82,1
178,83,8
178,84,7
178,85,4
178,86,10
178,87,12
178,88,18
178,89,12
178,90,11
178,91,6
178,92,9
178,93,8
178,94,7
178,95,11
178,96,8
178,97,14
178,98,10
178,99,8
178,100,5
178,101,10
178,102,6
178,103,3
178,104,5
178,105,4
178,106,7
178,107,7
178,108,9
178,109,7
178,110,17
178,111,20
178,112,33
178,113,58
178,114,79
178,115,79
178,116,102
178,117,106
178,118,111
178,119,132
178,120,105
178,121,112
178,122,104
178,123,130
178,124,136
178,125,141
178,126,161
178,127,179
178,128,131
178,129,114
178,130,119
178,131,90
178,132,76
178,133,53
178,134,68
178,135,85
178,136,101
178,137,127
178,138,191
178,139,181
178,140,192
178,141,144
178,142,123
178,143,118
178,144,49
178,145,39
178,146,25
178,147,42
178,148,55
178,149,70
178,150,94
178,151,115
178,152,122
178,153,122
178,154,85
178,155,79
178,156,49
178,157,44
178,158,28
178,159,13
178,160,13
178,161,9
178,162,15
178,163,24
178,164,23
178,165,19
178,166,9
178,167,12
178,168,3
178,169,7
178,170,6
178,171,5
178,172,5
178,173,7
178,174,7
178,175,11
178,176,10
178,177,7
178,178,14
178,179,10
178,180,6
178,181,7
178,182,3
178,183,6
178,184,5
178,185,4
178,186,5
178,187,11
178,188,7
178,189,9
178,190,3
178,192,4
178,193,3
178,194,8
178,195,8
178,196,6
178,197,1
178,198,1
178,199,4
178,200,4
178,203,2
178,204,2
178,205,1
178,206,2
178,207,5
178,208,4
178,209,1
178,210,3
178,211,4
178,212,2
178,213,1
178,214,5
178,215,2
178,216,6
178,217,3
178,218,2
178,220,4
178,221,4
178,222,2
178,223,1
178,225,3
178,226,1
178,228,2
178,229,1
178,230,2
178,231,1
178,232,3
178,233,2
178,234,4
178,235,3
178,236,1
178,237,2
178,240,1
178,241,1
178,242,2
178,244,1
178,245,1
178,246,1
178,247,1
178,248,2
178,250,1
178,253,2
178,254,1
178,255,1
178,256,1
178,257,2
178,258,1
178,261,1
178,263,5
178,265,1
178,266,1
178,269,2
178,271,3
178,272,1
178,273,2
178,275,1
179,0,1
179,1,2
179,2,4
179,3,2
179,4,1
179,5,4
179,6,1
179,7,3
179,8,4
179,9,3
179,10,3
179,11,2
179,12,2
179,13,1
179,14,4
179,15,10
179,16,4
179,17,1
179,18,3
179,19,1
179,20,2
179,21,1
179,22,2
179,23,4
179,24,2
179,25,5
179,26,9
179,27,7
179,28,5
179,29,2
179,30,2
179,31,3
179,32,5
179,33,6
179,34,6
179,35,9
179,36,6
179,37,1
179,38,5
179,39,9
179,40,7
179,41,3
179,42,10
179,43,11
179,44,2
179,45,6
179,46,6
179,47,6
179,48,1
179,49,1
179,50,5
179,51,5
179,52,6
179,53,4
179,54,5
179,55,3
179,56,9
179,57,6
179,58,4
179,59,4
179,60,11
179,61,9
179,62,14
179,63,6
179,64,11
179,65,6
179,66,11
179,67,8
179,68,3
179,69,5
179,70,7
179,71,9
179,72,2
179,73,4
179,74,3
179,75,4
179,76,7
179,77,9
179,78,7
179,79,7
179,80,6
179,81,6
179,82,5
179,83,11
179,84,10
179,85,11
179,86,12
179,87,10
179,88,13
179,89,7
179,90,7
179,91,9
179,92,4
179,93,15
179,94,7
179,95,5
179,96,12
179,97,3
179,98,4
179,99,13
179,100,7
179,101,1
179,102,3
179,103,4
179,104,7
179,105,7
179,106,7
179,107,9
179,108,7
179,109,16
179,110,15
179,111,28
179,112,33
179,113,39
179,114,75
179,115,95
179,116,103
179,117,108
179,118,114
179,119,117
179,120,125
179,121,134
179,122,126
179,123,150
179,124,149
179,125,149
179,126,146
179,127,149
179,128,145
179,129,145
179,130,128
179,131,74
179,132,64
179,133,54
179,134,61
179,135,65
179,136,104
179,137,147
179,138,192
179,139,176
179,140,191
179,141,162
179,142,174
179,143,92
179,144,63
179,145,39
179,146,24
179,147,38
179,148,54
179,149,92
179,150,103
179,151,117
179,152,122
179,153,117
179,154,88
179,155,65
179,156,56
179,157,42
179,158,14
179,159,16
179,160,18
179,161,14
179,162,24
179,163,19
179,164,19
179,165,15
179,166,16
179,167,13
179,168,9
179,169,6
179,170,3
179,171,12
179,172,5
179,173,8
179,174,7
179,175,9
179,176,9
179,177,5
179,178,8
179,179,7
179,180,5
179,181,4
179,182,7
179,183,5
179,184,6
179,185,6
179,186,2
179,187,6
179,188,3
179,189,17
179,190,11
179,191,4
179,192,4
179,193,5
179,194,1
179,195,3
179,196,8
179,197,6
179,198,4
179,199,3
179,200,6
179,201,2
179,202,3
179,203,1
179,204,2
179,205,2
179,206,3
179,207,2
179,208,4
179,209,2
179,210,2
179,211,2
179,212,1
179,213,4
179,214,7
179,215,1
179,216,3
179,217,1
179,218,3
179,219,1
179,220,2
179,222,3
179,224,2
179,226,1
179,227,2
179,228,2
179,229,2
179,230,1
179,231,2
179,232,1
179,233,2
179,234,3
179,235,2
179,236,1
179,238,3
179,240,1
179,242,2
179,244,2
179,245,1
179,247,1
179,248,1
179,249,2
179,250,1
179,251,1
179,252,1
179,253,1
179,254,2
179,255,1
179,258,1
179,259,1
179,265,2
179,266,3
179,270,1
179,271,1
179,272,2
179,273,1
179,274,1
179,275,1
179,276,3
180,0,1
180,1,2
180,2,3
180,3,2
180,4,4
180,5,2
180,6,4
180,7,4
180,8,3
180,9,5
180,10,3
180,11,2
180,12,2
180,13,2
180,14,3
180,15,3
180,16,6
180,17,3
180,18,2
180,19,2
180,20,3
180,21,2
180,22,4
180,23,3
180,24,5
180,25,2
180,26,4
180,27,3
180,28,3
180,29,4
180,30,2
180,31,9
180,32,2
180,33,4
180,34,12
180,35,4
180,36,6
180,37,4
180,38,3
180,39,7
180,40,5
180,41,4
180,42,9
180,43,9
180,44,3
180,45,2
180,46,4
180,47,2
180,48,2
180,49,6
180,50,6
180,51,4
180,52,2
180,53,3
180,54,5
180,55,3
180,56,4
180,57,4
180,58,7
180,59,6
180,60,9
180,61,11
180,62,14
180,63,8
180,64,12
180,65,8
180,66,10
180,67,6
180,68,6
180,69,10
180,70,8
180,71,10
180,72,5
180,73,6
180,74,3
180,75,1
180,76,4
180,77,11
180,78,11
180,79,6
180,80,8
180,81,4
180,82,3
180,83,6
180,84,11
180,85,10
180,86,10
180,87,12
180,88,14
180,89,9
180,90,11
180,91,7
180,92,11
180,93,8
180,94,6
180,95,16
180,96,9
180,97,9
180,98,12
180,99,9
180,100,7
180,101,5
180,102,8
180,103,4
180,104,11
180,105,6
180,106,7
180,107,4
180,108,11
180,109,12
180,110,18
180,111,21
180,112,29
180,113,48
180,114,70
180,115,87
180,116,113
180,117,99
180,118,108
180,119,108
180,120,123
180,121,113
180,122,112
180,123,133
180,124,141
180,125,121
180,126,133
180,127,168
180,128,146
180,129,116
180,130,86
180,131,92
180,132,61
180,133,43
180,134,59
180,135,85
180,136,79
180,137,139
180,138,175
180,139,202
180,140,177
180,141,157
180,142,148
180,143,105
180,144,57
180,145,37
180,146,15
180,147,24
180,148,41
180,149,85
180,150,88
180,151,99
180,152,134
180,153,105
180,154,100
180,155,74
180,156,50
180,157,23
180,158,21
180,159,13
180,160,9
180,161,12
180,162,21
180,163,23
180,164,10
180,165,16
180,166,12
180,167,11
180,168,4
180,169,13
180,170,9
180,171,5
180,172,5
180,173,7
180,174,7
180,175,5
180,176,8
180,177,9
180,178,9
180,179,8
180,180,3
180,181,11
180,182,3
180,183,4
180,184,4
180,185,7
180,186,5
180,187,4
180,188,4
180,189,4
180,190,6
180,191,3
180,192,6
180,193,9
180,194,3
180,195,1
180,196,3
180,197,4
180,198,5
180,199,3
180,200,1
180,201,1
180,203,4
180,204,1
180,205,1
180,206,5
180,208,4
180,210,1
180,211,1
180,212,2
180,213,1
180,214,3
180,215,4
180,217,1
180,218,3
180,219,2
180,220,2
180,221,2
180,223,1
180,225,2
180,226,1
180,227,1
180,228,4
180,229,2
180,230,3
180,231,1
180,232,1
180,233,1
180,235,1
180,236,2
180,238,2
180,240,3
180,242,1
180,244,1
180,246,1
180,247,2
180,248,2
180,250,2
180,252,1
180,253,2
180,254,2
180,255,2
180,256,1
180,257,2
180,260,2
180,261,1
180,263,2
180,267,2
180,268,1
180,269,1
180,270,1
180,271,3
180,272,1
180,273,1
180,275,1
180,276,1
181,0,4
181,1,2
181,2,4
181,3,2
181,4,3
181,5,4
181,6,3
181,7,3
181,8,2
181,9,2
181,10,3
181,11,6
181,12,2
181,13,5
181,14,3
181,15,6
181,16,3
181,17,3
181,18,5
181,19,5
181,20,3
181,22,1
181,23,2
181,24,2
181,25,3
181,26,8
181,27,3
181,28,4
181,29,3
181,30,4
181,31,1
181,32,9
181,33,6
181,34,4
181,35,5
181,36,5
181,37,7
181,38,9
181,39,2
181,40,1
181,41,9
181,42,7
181,43,6
181,45,3
181,46,6
181,47,3
181,48,7
181,49,7
181,50,2
181,51,7
181,52,3
181,53,3
181,54,5
181,55,3
181,56,7
181,57,5
181,58,6
181,59,8
181,60,6
181,61,13
181,62,11
181,63,8
181,64,6
181,65,7
181,66,14
181,67,6
181,68,9
181,69,8
181,70,7
181,71,7
181,72,4
181,73,3
181,74,3
181,75,1
181,76,5
181,77,7
181,78,11
181,79,2
181,80,5
181,81,3
181,82,4
181,83,4
181,84,4
181,85,3
181,86,10
181,87,9
181,88,13
181,89,19
181,90,5
181,91,10
181,92,5
181,93,4
181,94,4
181,95,6
181,96,16
181,97,16
181,98,9
181,99,10
181,100,11
181,101,9
181,102,2
181,103,9
181,104,4
181,105,7
181,106,7
181,107,9
181,108,7
181,109,11
181,110,15
181,111,22
181,112,35
181,113,65
181,114,72
181,115,97
181,116,92
181,117,115
181,118,123
181,119,111
181,120,115
181,121,132
181,122,111
181,123,150
181,124,121
181,125,133
181,126,150
181,127,162
181,128,149
181,129,116
181,130,110
181,131,117
181,132,81
181,133,51
181,134,93
181,135,82
181,136,106
181,137,120
181,138,162
181,139,171
181,140,198
181,141,115
181,142,153
181,143,98
181,144,59
181,145,32
181,146,25
181,147,26
181,148,46
181,149,79
181,150,92
181,151,100
181,152,113
181,153,88
181,154,82
181,155,70
181,156,35
181,157,26
181,158,24
181,159,14
181,160,13
181,161,21
181,162,20
181,163,17
181,164,18
181,165,14
181,166,15
181,167,8
181,168,14
181,169,8
181,170,6
181,171,7
181,172,7
181,173,6
181,174,12
181,175,6
181,176,6
181,177,8
181,178,11
181,179,4
181,180,6
181,181,9
181,182,3
181,183,3
181,184,3
181,185,5
181,186,7
181,187,6
181,188,7
181,189,5
181,190,10
181,191,5
181,192,4
181,193,5
181,194,3
181,195,3
181,196,3
181,197,3
181,198,3
181,199,4
181,200,1
181,201,5
181,202,3
181,204,1
181,205,2
181,206,6
181,207,1
181,208,3
181,209,1
181,210,1
181,212,3
181,214,1
181,216,1
181,217,3
181,219,3
181,222,2
181,223,3
181,224,2
181,225,2
181,226,2
181,227,3
181,229,3
181,230,1
181,231,1
181,232,3
181,234,4
181,235,2
181,236,2
181,237,1
181,238,2
181,240,1
181,244,1
181,245,1
181,246,2
181,248,2
181,249,2
181,251,3
181,252,2
181,253,1
181,254,2
181,257,1
181,258,1
181,259,1
181,261,1
181,262,2
181,264,1
181,265,2
181,267,1
181,268,1
181,269,2
181,271,1
181,272,2
181,275,2
181,276,4
182,0,1
182,1,2
182,2,1
182,3,1
182,4,1
182,5,5
182,6,3
182,7,8
182,8,2
182,9,3
182,10,6
182,11,2
182,12,3
182,13,1
182,14,6
182,15,4
182,17,2
182,18,1
182,19,3
182,20,1
182,21,1
182,22,1
182,23,3
182,24,3
182,25,3
182,26,3
182,27,4
182,28,4
182,29,5
182,30,5
182,31,4
182,32,5
182,33,4
182,34,5
182,35,2
182,36,7
182,37,4
182,38,3
182,39,7
182,40,3
182,41,3
182,42,8
182,43,4
182,44,10
182,45,4
182,46,5
182,47,3
182,48,9
182,49,2
182,50,4
182,51,10
182,52,6
182,53,4
182,54,6
182,55,3
182,56,6
182,57,4
182,58,4
182,59,6
182,60,10
182,61,7
182,62,8
182,63,8
182,64,9
182,65,4
182,66,11
182,67,4
182,68,9
182,69,9
182,70,7
182,71,13
182,72,6
182,73,6
182,74,6
182,75,4
182,76,7
182,77,6
182,78,2
182,79,8
182,80,6
182,81,5
182,82,6
182,83,6
182,84,6
182,85,3
182,86,10
182,87,12
182,88,13
182,89,12
182,90,9
182,91,7
182,92,10
182,93,9
182,94,2
182,95,8
182,96,9
182,97,12
182,98,9
182,99,6
182,100,8
182,101,8
182,102,3
182,103,4
182,104,10
182,105,5
182,106,7
182,107,7
182,108,6
182,109,8
182,110,13
182,111,19
182,112,35
182,113,45
182,114,59
182,115,93
182,116,98
182,117,116
182,118,102
182,119,107
182,120,120
182,121,109
182,122,118
182,123,129
182,124,118
182,125,149
182,126,157
182,127,134
182,128,142
182,129,139
182,130,105
182,131,91
182,132,69
182,133,53
182,134,50
182,135,86
182,136,69
182,137,120
182,138,146
182,139,160
182,140,160
182,141,139
182,142,126
182,143,92
182,144,44
182,145,17
182,146,32
182,147,42
182,148,38
182,149,55
182,150,80
182,151,111
182,152,98
182,153,110
182,154,81
182,155,65
182,156,52
182,157,28
182,158,12
182,159,13
182,160,12
182,161,22
182,162,13
182,163,18
182,164,18
182,165,17
182,166,10
182,167,8
182,168,8
182,169,7
182,170,8
182,171,7
182,172,5
182,173,10
182,174,6
182,175,9
182,176,4
182,177,9
182,178,11
182,179,6
182,180,9
182,181,5
182,182,3
182,183,4
182,184,6
182,185,5
182,186,6
182,187,7
182,188,1
182,189,3
182,190,5
182,191,6
182,192,8
182,193,4
182,194,4
182,196,11
182,197,2
182,198,4
182,199,2
182,200,3
182,201,2
182,203,3
182,204,2
182,206,4
182,207,4
182,208,1
182,209,2
182,211,1
182,212,3
182,213,1
182,214,3
182,216,2
182,217,1
182,218,3
182,219,4
182,220,4
182,221,2
182,222,1
182,225,1
182,226,2
182,228,2
182,229,2
182,230,1
182,231,1
182,232,1
182,233,3
182,235,2
182,237,1
182,238,1
182,239,3
182,240,2
182,241,2
182,242,1
182,246,1
182,248,4
182,249,1
182,250,1
182,251,2
182,252,2
182,253,2
182,255,1
182,256,2
182,257,2
182,260,2
182,261,1
182,266,2
182,271,1
182,272,1
182,273,1
182,274,1
182,276,2
183,1,1
183,2,1
183,3,4
183,4,5
183,5,2
183,6,4
183,7,4
183,8,3
183,9,1
183,10,3
183,11,2
183,12,2
183,13,5
183,15,5
183,16,3
183,17,4
183,18,4
183,20,1
183,21,2
183,22,5
183,23,1
183,24,3
183,25,5
183,26,3
183,27,2
183,28,1
183,29,1
183,30,1
183,31,4
183,32,4
183,33,6
183,34,5
183,35,4
183,36,6
183,37,7
183,38,3
183,39,5
183,40,4
183,41,9
183,42,8
183,43,8
183,44,5
183,45,9
183,46,3
183,47,5
183,48,4
183,49,2
183,50,4
183,51,3
183,52,7
183,53,4
183,54,4
183,55,3
183,56,1
183,57,4
183,58,6
183,59,4
183,60,11
183,61,10
183,62,10
183,63,6
183,64,5
183,65,6
183,66,7
183,67,9
183,68,8
183,69,7
183,70,10
183,71,6
183,72,3
183,73,6
183,74,5
183,75,5
183,76,3
183,77,10
183,78,4
183,79,6
183,80,4
183,81,4
183,82,3
183,83,2
183,84,5
183,85,4
183,86,10
183,87,12
183,88,11
183,89,7
183,90,8
183,91,4
183,92,4
183,93,10
183,94,3
183,95,7
183,96,9
183,97,12
183,98,16
183,99,7
183,100,8
183,101,6
183,102,6
183,103,2
183,104,10
183,105,3
183,106,4
183,107,7
183,108,8
183,109,8
183,110,9
183,111,23
183,112,31
183,113,45
183,114,66
183,115,82
183,116,114
183,117,103
183,118,95
183,119,93
183,120,121
183,121,106
183,122,115
183,123,117
183,124,121
183,125,119
183,126,126
183,127,136
183,128,136
183,129,120
183,130,119
183,131,79
183,132,66
183,133,78
183,134,51
183,135,74
183,136,93
183,137,112
183,138,139
183,139,167
183,140,150
183,141,160
183,142,130
183,143,79
183,144,53
183,145,33
183,146,26
183,147,24
183,148,42
183,149,51
183,150,96
183,151,105
183,152,108
183,153,81
183,154,71
183,155,41
183,156,40
183,157,30
183,158,17
183,159,13
183,160,11
183,161,16
183,162,19
183,163,16
183,164,19
183,165,13
183,166,8
183,167,8
183,168,9
183,169,6
183,170,8
183,171,2
183,172,3
183,173,4
183,174,11
183,175,8
183,176,9
183,177,8
183,178,18
183,179,7
183,180,7
183,181,8
183,182,7
183,183,6
183,184,6
183,185,5
183,186,3
183,187,6
183,188,4
183,189,5
183,190,5
183,191,5
183,192,4
183,193,2
183,194,6
183,195,1
183,196,5
183,197,3
183,198,2
183,199,3
183,200,3
183,201,1
183,203,2
183,204,1
183,205,3
183,206,2
183,207,1
183,208,2
183,209,2
183,210,1
183,211,2
183,212,1
183,213,2
183,214,2
183,215,2
183,216,1
183,217,2
183,218,4
183,219,3
183,220,3
183,221,2
183,222,1
183,223,7
183,225,3
183,226,1
183,229,1
183,230,2
183,231,1
183,232,2
183,235,1
183,236,1
183,237,2
183,238,1
183,240,1
183,241,2
183,242,1
183,243,2
183,244,1
183,246,2
183,249,1
183,250,2
183,252,1
183,255,3
183,256,2
183,257,1
183,258,1
183,263,2
183,265,1
183,267,2
183,268,4
183,269,1
183,272,2
183,275,1
183,276,1
184,2,2
184,4,2
184,5,5
184,6,4
184,7,5
184,8,2
184,9,3
184,10,1
184,11,4
184,12,3
184,13,5
184,14,5
184,15,8
184,16,2
184,18,7
184,19,2
184,20,2
184,22,3
184,23,5
184,24,5
184,25,2
184,26,3
184,27,6
184,28,4
184,29,2
184,30,10
184,31,6
184,32,8
184,33,2
184,34,5
184,35,6
184,36,3
184,37,6
184,38,2
184,39,7
184,40,11
184,41,3
184,42,7
184,43,7
184,44,7
184,45,8
184,46,2
184,47,6
184,48,4
184,49,6
184,50,5
184,51,2
184,52,5
184,53,4
184,54,3
184,55,3
184,56,3
184,57,4
184,58,6
184,59,5
184,60,7
184,61,5
184,62,6
184,63,8
184,64,7
184,65,11
184,66,4
184,67,6
184,68,6
184,69,5
184,70,10
184,71,8
184,72,6
184,73,8
184,74,1
184,75,2
184,76,7
184,77,7
184,78,10
184,79,6
184,80,6
184,81,9
184,82,8
184,83,8
184,84,6
184,85,5
184,86,11
184,87,17
184,88,11
184,89,17
184,90,12
184,91,11
184,92,2
184,93,5
184,94,3
184,95,8
184,96,9
184,97,10
184,98,6
184,99,7
184,100,7
184,101,5
184,102,6
184,103,5
184,104,10
184,105,7
184,106,4
184,107,5
184,108,7
184,109,10
184,110,15
184,111,19
184,112,37
184,113,42
184,114,66
184,115,87
184,116,96
184,117,122
184,118,112
184,119,102
184,120,120
184,121,117
184,122,123
184,123,105
184,124,137
184,125,122
184,126,141
184,127,159
184,128,124
184,129,131
184,130,109
184,131,125
184,132,67
184,133,52
184,134,64
184,135,78
184,136,87
184,137,130
184,138,152
184,139,169
184,140,160
184,141,150
184,142,120
184,143,98
184,144,45
184,145,23
184,146,27
184,147,19
184,148,60
184,149,45
184,150,81
184,151,95
184,152,95
184,153,97
184,154,76
184,155,82
184,156,32
184,157,21
184,158,24
184,159,9
184,160,12
184,161,16
184,162,10
184,163,19
184,164,12
184,165,15
184,166,4
184,167,11
184,168,5
184,169,6
184,170,6
184,171,6
184,172,5
184,173,4
184,174,5
184,175,3
184,176,14
184,177,2
184,178,11
184,179,6
184,180,7
184,181,5
184,182,3
184,184,2
184,185,4
184,186,5
184,187,3
184,188,3
184,189,1
184,190,4
184,191,3
184,192,6
184,193,9
184,194,5
184,195,5
184,196,5
184,197,2
184,198,8
184,199,4
184,200,3
184,201,3
184,202,1
184,203,3
184,204,2
184,205,1
184,206,2
184,207,2
184,209,2
184,210,3
184,211,2
184,213,1
184,214,4
184,215,1
184,218,2
184,219,2
184,220,2
184,221,2
184,222,2
184,224,2
184,225,1
184,227,3
184,229,2
184,230,3
184,231,1
184,232,1
184,234,4
184,235,2
184,236,1
184,239,1
184,240,1
184,241,1
184,243,1
184,245,1
184,246,1
184,248,1
184,251,1
184,254,1
184,255,2
184,256,1
184,257,3
184,260,1
184,263,1
184,264,1
184,265,1
184,267,1
184,268,1
184,269,2
184,272,2
184,273,1
184,275,1
185,1,1
185,2,1
185,3,3
185,5,3
185,6,3
185,7,4
185,8,8
185,9,2
185,10,2
185,11,2
185,12,2
185,14,3
185,15,3
185,16,3
185,17,5
185,19,2
185,20,2
185,21,3
185,22,4
185,23,4
185,24,4
185,25,6
185,26,5
185,27,4
185,28,2
185,29,4
185,30,4
185,31,4
185,32,3
185,33,6
185,34,8
185,35,4
185,36,8
185,37,8
185,38,5
185,39,5
185,40,3
185,41,4
185,42,7
185,43,8
185,44,5
185,45,10
185,46,5
185,47,3
185,48,3
185,49,3
185,50,4
185,51,5
185,52,5
185,53,9
185,54,5
185,55,4
185,56,1
185,57,5
185,58,8
185,59,8
185,60,10
185,61,10
185,62,8
185,63,5
185,64,10
185,65,9
185,66,8
185,67,6
185,68,8
185,69,3
185,70,8
185,71,6
185,72,6
185,73,4
185,74,6
185,75,1
185,76,5
185,77,10
185,78,5
185,79,3
185,80,7
185,81,3
185,82,6
185,83,7
185,84,6
185,85,6
185,86,4
185,87,16
185,88,10
185,89,20
185,90,7
185,91,8
185,92,4
185,93,5
185,94,5
185,95,3
185,96,9
185,97,13
185,98,8
185,99,3
185,100,8
185,101,8
185,102,2
185,103,7
185,104,6
185,105,4
185,106,4
185,107,4
185,108,6
185,109,6
185,110,13
185,111,19
185,112,26
185,113,33
185,114,58
185,115,63
185,116,102
185,117,120
185,118,103
185,119,111
185,120,120
185,121,111
185,122,96
185,123,143
185,124,136
185,125,141
185,126,162
185,127,163
185,128,119
185,129,117
185,130,108
185,131,83
185,132,47
185,133,43
185,134,61
185,135,76
185,136,92
185,137,105
185,138,152
185,139,157
185,140,151
185,141,153
185,142,108
185,143,77
185,144,43
185,145,35
185,146,19
185,147,29
185,148,52
185,149,60
185,150,73
185,151,102
185,152,110
185,153,89
185,154,79
185,155,65
185,156,45
185,157,20
185,158,18
185,159,8
185,160,9
185,161,17
185,162,23
185,163,13
185,164,13
185,165,12
185,166,7
185,167,7
185,168,12
185,169,11
185,170,8
185,171,5
185,172,7
185,173,4
185,174,5
185,175,9
185,176,12
185,177,11
185,178,5
185,179,8
185,180,11
185,181,6
185,182,2
185,183,4
185,184,3
185,185,3
185,186,2
185,187,5
185,188,4
185,189,5
185,190,5
185,191,6
185,192,6
185,193,3
185,194,1
185,195,4
185,196,3
185,197,3
185,198,1
185,199,3
185,200,2
185,202,2
185,203,1
185,205,2
185,206,3
185,207,3
185,209,2
185,210,1
185,212,2
185,213,2
185,214,1
185,215,3
185,216,1
185,217,6
185,218,3
185,219,2
185,220,1
185,222,1
185,223,2
185,225,2
185,226,1
185,227,1
185,228,3
185,229,2
185,230,2
185,231,2
185,233,2
185,234,1
185,236,2
185,238,1
185,239,1
185,242,2
185,243,1
185,244,1
185,245,2
185,246,1
185,247,2
185,248,1
185,251,1
185,252,1
185,253,1
185,254,1
185,255,5
185,256,1
185,258,3
185,259,1
185,260,3
185,261,2
185,262,1
185,264,1
185,265,1
185,269,1
185,270,1
185,276,2
186,0,5
186,2,2
186,3,1
186,4,4
186,5,2
186,6,3
186,7,2
186,8,5
186,9,2
186,10,2
186,11,2
186,12,2
186,13,3
186,14,4
186,15,6
186,16,1
186,17,5
186,18,1
186,19,2
186,20,1
186,22,1
186,23,5
186,24,7
186,25,3
186,26,8
186,27,3
186,28,3
186,29,2
186,30,3
186,31,3
186,32,6
186,33,5
186,34,6
186,35,4
186,36,2
186,37,5
186,38,6
186,39,2
186,40,4
186,41,6
186,42,13
186,43,8
186,44,1
186,45,1
186,46,7
186,47,4
186,48,6
186,49,5
186,50,5
186,51,7
186,52,2
186,53,1
186,54,10
186,55,2
186,56,2
186,57,7
186,58,5
186,59,5
186,60,6
186,61,12
186,62,5
186,63,5
186,64,4
186,65,5
186,66,8
186,67,7
186,68,4
186,69,4
186,70,6
186,71,6
186,72,4
186,73,2
186,75,5
186,76,5
186,77,4
186,78,10
186,79,4
186,81,4
186,82,6
186,83,3
186,84,3
186,85,8
186,86,7
186,87,7
186,88,9
186,89,12
186,90,8
186,91,12
186,92,5
186,93,4
186,94,8
186,95,10
186,96,8
186,97,13
186,98,5
186,99,7
186,100,6
186,101,4
186,102,4
186,103,4
186,104,5
186,105,10
186,106,1
186,107,3
186,108,9
186,109,11
186,110,9
186,111,22
186,112,22
186,113,27
186,114,70
186,115,77
186,116,97
186,117,111
186,118,108
186,119,92
186,120,106
186,121,112
186,122,103
186,123,123
186,124,148
186,125,138
186,126,147
186,127,141
186,128,129
186,129,123
186,130,116
186,131,109
186,132,70
186,133,70
186,134,61
186,135,80
186,136,87
186,137,98
186,138,115
186,139,178
186,140,143
186,141,147
186,142,107
186,143,93
186,144,56
186,145,31
186,146,16
186,147,35
186,148,43
186,149,46
186,150,74
186,151,111
186,152,105
186,153,97
186,154,81
186,155,62
186,156,35
186,157,19
186,158,13
186,159,10
186,160,7
186,161,17
186,162,26
186,163,15
186,164,14
186,165,9
186,166,7
186,167,7
186,168,11
186,169,4
186,170,8
186,171,5
186,172,3
186,173,7
186,174,12
186,175,10
186,176,4
186,177,11
186,178,7
186,179,6
186,180,4
186,181,7
186,182,5
186,183,4
186,184,2
186,185,2
186,186,6
186,187,4
186,188,6
186,189,8
186,190,4
186,191,6
186,192,8
186,193,5
186,194,2
186,195,3
186,196,6
186,197,7
186,198,2
186,199,2
186,200,3
186,201,3
186,202,1
186,203,2
186,205,1
186,206,6
186,207,4
186,209,4
186,210,2
186,212,1
186,213,4
186,214,2
186,215,2
186,216,3
186,217,2
186,218,1
186,219,6
186,220,2
186,221,2
186,222,2
186,223,1
186,224,2
186,225,1
186,227,1
186,228,2
186,229,1
186,231,3
186,232,1
186,233,2
186,234,3
186,236,3
186,237,1
186,238,2
186,239,1
186,242,1
186,243,1
186,245,2
186,247,1
186,248,1
186,249,1
186,252,2
186,254,2
186,256,1
186,257,3
186,258,1
186,259,3
186,260,1
186,261,1
186,262,1
186,266,1
186,271,1
186,272,3
186,274,3
186,275,3
186,276,1
187,0,3
187,1,2
187,2,2
187,3,4
187,4,3
187,6,3
187,7,6
187,8,1
187,9,1
187,11,1
187,12,2
187,13,3
187,14,2
187,15,3
187,16,2
187,17,2
187,18,4
187,19,3
187,20,1
187,21,2
187,22,2
187,23,3
187,24,1
187,25,4
187,26,2
187,27,1
187,28,4
187,29,1
187,30,1
187,31,4
187,32,4
187,33,3
187,34,4
187,35,7
187,36,3
187,37,3
187,38,4
187,39,7
187,40,2
187,41,3
187,42,3
187,43,3
187,44,3
187,45,5
187,46,3
187,47,8
187,48,5
187,49,4
187,50,1
187,51,6
187,52,7
187,53,4
187,54,3
187,55,2
187,56,2
187,57,7
187,58,6
187,59,7
187,60,4
187,61,11
187,62,8
187,63,7
187,64,5
187,65,2
187,66,5
187,67,7
187,68,5
187,69,1
187,70,7
187,71,4
187,72,3
187,73,4
187,75,2
187,76,6
187,77,2
187,78,6
187,79,6
187,80,3
187,81,3
187,82,3
187,83,2
187,84,6
187,85,5
187,86,13
187,87,12
187,88,11
187,89,11
187,90,9
187,91,8
187,92,7
187,93,3
187,94,4
187,95,5
187,96,4
187,97,7
187,98,6
187,99,4
187,100,2
187,101,5
187,102,5
187,103,4
187,104,1
187,105,2
187,106,11
187,107,6
187,108,5
187,109,8
187,110,14
187,111,20
187,112,18
187,113,40
187,114,68
187,115,73
187,116,116
187,117,96
187,118,118
187,119,120
187,120,116
187,121,110
187,122,126
187,123,113
187,124,140
187,125,133
187,126,148
187,127,142
187,128,156
187,129,130
187,130,107
187,131,78
187,132,60
187,133,63
187,134,60
187,135,73
187,136,80
187,137,130
187,138,118
187,139,163
187,140,136
187,141,140
187,142,98
187,143,65
187,144,61
187,145,28
187,146,12
187,147,26
187,148,43
187,149,45
187,150,88
187,151,93
187,152,84
187,153,92
187,154,80
187,155,48
187,156,29
187,157,27
187,158,17
187,159,15
187,160,11
187,161,8
187,162,15
187,163,14
187,164,15
187,165,8
187,166,10
187,167,4
187,168,5
187,169,7
187,170,5
187,171,4
187,172,8
187,173,5
187,174,4
187,175,2
187,176,4
187,177,6
187,178,4
187,179,7
187,180,11
187,181,7
187,182,7
187,183,3
187,184,2
187,185,3
187,186,1
187,187,5
187,188,4
187,189,1
187,190,5
187,191,4
187,192,4
187,193,4
187,194,6
187,195,1
187,196,2
187,197,1
187,198,3
187,199,5
187,200,1
187,201,4
187,202,4
187,203,1
187,204,1
187,205,1
187,206,1
187,207,1
187,208,2
187,209,3
187,210,3
187,211,1
187,213,2
187,214,2
187,215,1
187,216,2
187,217,1
187,218,2
187,220,1
187,221,1
187,222,1
187,223,1
187,224,3
187,225,1
187,227,2
187,229,1
187,230,3
187,231,4
187,232,2
187,234,1
187,236,1
187,239,2
187,240,1
187,242,3
187,244,1
187,245,2
187,246,1
187,247,2
187,251,2
187,252,1
187,253,1
187,254,2
187,255,2
187,257,1
187,258,2
187,259,2
187,260,2
187,261,1
187,262,2
187,263,1
187,265,1
187,266,1
187,268,3
187,269,1
187,270,1
187,275,1
188,0,2
188,1,2
188,2,1
188,3,1
188,5,4
188,6,5
188,7,4
188,8,5
188,9,4
188,10,2
188,11,3
188,12,4
188,13,5
188,14,1
188,15,4
188,16,3
188,17,2
188,18,2
188,19,2
188,21,1
188,22,3
188,23,2
188,24,4
188,25,7
188,26,1
188,27,1
188,28,5
188,29,1
188,30,3
188,31,4
188,32,2
188,33,3
188,34,6
188,35,5
188,36,4
188,37,5
188,38,2
188,39,3
188,40,3
188,42,4
188,43,7
188,44,5
188,45,5
188,47,2
188,48,4
188,49,4
188,50,3
188,51,4
188,52,1
188,53,6
188,54,3
188,55,6
188,56,3
188,57,4
188,58,4
188,59,6
188,60,8
188,61,7
188,62,9
188,63,4
188,64,5
188,65,7
188,66,4
188,67,5
188,68,6
188,69,5
188,70,4
188,71,4
188,72,4
188,73,6
188,74,7
188,75,3
188,76,3
188,77,2
188,78,5
188,79,1
188,80,3
188,81,1
188,82,3
188,83,3
188,84,5
188,85,11
188,86,6
188,87,17
188,88,17
188,89,6
188,90,8
188,91,7
188,92,5
188,93,2
188,94,6
188,95,7
188,96,9
188,97,13
188,98,5
188,99,2
188,100,5
188,101,5
188,102,5
188,103,6
188,104,9
188,105,5
188,106,6
188,107,6
188,108,7
188,109,6
188,110,9
188,111,22
188,112,25
188,113,43
188,114,58
188,115,61
188,116,91
188,117,103
188,118,107
188,119,109
188,120,98
188,121,132
188,122,119
188,123,126
188,124,140
188,125,142
188,126,129
188,127,139
188,128,129
188,129,125
188,130,116
188,131,87
188,132,75
188,133,75
188,134,55
188,135,65
188,136,63
188,137,109
188,138,142
188,139,135
188,140,106
188,141,122
188,142,102
188,143,79
188,144,45
188,145,30
188,146,23
188,147,21
188,148,35
188,149,52
188,150,80
188,151,78
188,152,77
188,153,79
188,154,72
188,155,60
188,156,48
188,157,21
188,158,17
188,159,12
188,160,11
188,161,11
188,162,18
188,163,14
188,164,13
188,165,10
188,166,7
188,167,7
188,168,8
188,169,3
188,170,5
188,171,6
188,172,4
188,173,7
188,174,5
188,175,5
188,176,6
188,177,7
188,178,10
188,179,10
188,180,8
188,181,4
188,182,6
188,183,1
188,184,4
188,185,3
188,186,4
188,188,3
188,189,6
188,190,8
188,191,7
188,193,4
188,194,6
188,195,5
188,196,9
188,197,4
188,198,4
188,199,2
188,200,1
188,203,1
188,204,2
188,205,2
188,206,2
188,207,1
188,208,1
188,209,3
188,211,1
188,212,1
188,213,1
188,214,3
188,215,2
188,216,2
188,217,3
188,218,1
188,219,1
188,221,4
188,222,2
188,223,2
188,224,3
188,225,1
188,227,1
188,228,1
188,230,1
188,233,1
188,234,2
188,235,1
188,237,2
188,238,2
188,240,1
188,241,1
188,243,1
188,247,2
188,248,2
188,249,1
188,250,1
188,252,1
188,256,1
188,258,1
188,259,1
188,260,1
188,262,1
188,265,2
188,266,3
188,269,1
188,274,1
188,275,1
188,276,2
189,1,2
189,3,2
189,4,3
189,5,4
189,6,2
189,7,2
189,8,2
189,9,4
189,10,3
189,11,2
189,12,3
189,13,2
189,15,2
189,16,2
189,17,2
189,18,4
189,19,3
189,21,5
189,22,1
189,23,4
189,24,6
189,25,6
189,26,1
189,27,2
189,28,2
189,29,2
189,30,2
189,31,2
189,32,2
189,33,4
189,34,7
189,35,2
189,36,4
189,37,4
189,38,3
189,39,4
189,40,3
189,41,3
189,42,4
189,43,4
189,44,5
189,45,2
189,46,1
189,47,4
189,48,4
189,49,3
189,50,4
189,51,2
189,52,3
189,53,6
189,54,1
189,55,5
189,56,7
189,57,3
189,58,6
189,59,11
189,60,5
189,61,9
189,62,6
189,63,9
189,64,6
189,65,5
189,66,3
189,67,4
189,68,8
189,69,5
189,70,6
189,71,10
189,72,5
189,74,5
189,75,4
189,76,3
189,77,4
189,78,1
189,79,6
189,80,6
189,81,2
189,82,2
189,83,5
189,84,7
189,85,9
189,86,8
189,87,9
189,88,10
189,89,15
189,90,4
189,91,4
189,92,5
189,93,6
189,94,11
189,95,3
189,96,3
189,97,6
189,98,10
189,99,7
189,100,5
189,101,8
189,102,6
189,103,2
189,104,7
189,105,6
189,106,4
189,107,7
189,108,5
189,109,10
189,110,11
189,111,17
189,112,28
189,113,51
189,114,49
189,115,76
189,116,89
189,117,106
189,118,117
189,119,116
189,120,118
189,121,109
189,122,115
189,123,125
189,124,124
189,125,112
189,126,124
189,127,130
189,128,122
189,129,118
189,130,109
189,131,88
189,132,55
189,133,52
189,134,66
189,135,68
189,136,89
189,137,88
189,138,124
189,139,149
189,140,115
189,141,114
189,142,100
189,143,69
189,144,45
189,145,31
189,146,19
189,147,29
189,148,30
189,149,65
189,150,58
189,151,76
189,152,91
189,153,72
189,154,75
189,155,52
189,156,38
189,157,21
189,158,14
189,159,12
189,160,7
189,161,8
189,162,12
189,163,15
189,164,10
189,165,17
189,166,8
189,167,4
189,168,7
189,169,10
189,170,8
189,171,7
189,172,4
189,173,5
189,174,9
189,175,9
189,176,4
189,177,4
189,178,8
189,179,4
189,180,5
189,181,4
189,182,3
189,183,3
189,184,3
189,185,3
189,186,4
189,187,3
189,188,6
189,189,4
189,190,5
189,191,3
189,192,2
189,193,4
189,194,2
189,195,5
189,196,1
189,197,6
189,198,4
189,199,1
189,200,2
189,201,2
189,202,1
189,203,3
189,205,1
189,207,3
189,208,4
189,210,4
189,211,2
189,212,1
189,215,1
189,216,5
189,219,3
189,220,1
189,221,2
189,222,4
189,223,1
189,225,1
189,226,1
189,227,1
189,228,3
189,229,2
189,231,2
189,233,2
189,234,1
189,235,2
189,237,1
189,241,1
189,242,2
189,244,2
189,246,1
189,247,1
189,248,2
189,250,1
189,252,2
189,253,2
189,254,1
189,255,1
189,257,2
189,258,1
189,259,1
189,262,3
189,265,1
189,267,1
189,268,1
189,269,1
189,273,2
189,274,1
189,275,2
190,3,3
190,4,3
190,5,3
190,6,2
190,7,2
190,8,1
190,9,1
190,10,6
190,11,2
190,13,4
190,14,3
190,15,1
190,16,1
190,17,5
190,18,3
190,19,2
190,20,2
190,21,4
190,22,4
190,23,1
190,24,2
190,25,2
190,26,3
190,27,1
190,29,4
190,30,7
190,31,3
190,32,5
190,33,7
190,34,7
190,35,3
190,36,5
190,37,9
190,38,8
190,39,1
190,40,6
190,41,6
190,42,6
190,43,3
190,44,3
190,45,4
190,46,2
190,47,2
190,48,3
190,49,1
190,50,6
190,51,1
190,52,5
190,53,2
190,54,6
190,55,2
190,56,4
190,57,2
190,58,4
190,59,8
190,60,4
190,61,4
190,62,9
190,63,6
190,64,4
190,65,3
190,66,7
190,67,3
190,68,6
190,69,9
190,70,3
190,71,4
190,72,5
190,73,6
190,74,2
190,75,4
190,76,5
190,77,2
190,78,6
190,79,4
190,80,1
190,81,5
190,82,4
190,83,3
190,84,1
190,85,13
190,86,9
190,87,7
190,88,13
190,89,12
190,90,5
190,91,5
190,92,5
190,93,3
190,94,3
190,95,3
190,96,10
190,97,7
190,98,4
190,99,3
190,100,2
190,101,7
190,102,4
190,103,4
190,104,4
190,105,5
190,106,1
190,107,3
190,108,6
190,109,9
190,110,8
190,111,11
190,112,31
190,113,52
190,114,54
190,115,75
190,116,95
190,117,92
190,118,92
190,119,105
190,120,91
190,121,120
190,122,136
190,123,102
190,124,129
190,125,136
190,126,144
190,127,108
190,128,139
190,129,98
190,130,114
190,131,88
190,132,75
190,133,78
190,134,52
190,135,71
190,136,86
190,137,89
190,138,111
190,139,133
190,140,137
190,141,102
190,142,108
190,143,60
190,144,40
190,145,34
190,146,19
190,147,23
190,148,25
190,149,47
190,150,70
190,151,77
190,152,84
190,153,67
190,154,65
190,155,50
190,156,33
190,157,22
190,158,16
190,159,6
190,160,10
190,161,13
190,162,8
190,163,13
190,164,15
190,165,12
190,166,5
190,167,6
190,168,4
190,169,8
190,170,9
190,171,5
190,172,6
190,173,4
190,174,6
190,175,6
190,176,4
190,177,7
190,178,9
190,179,5
190,180,3
190,181,7
190,182,5
190,183,3
190,184,2
190,185,4
190,186,3
190,187,1
190,188,3
190,189,4
190,190,3
190,191,5
190,192,5
190,193,6
190,194,4
190,195,1
190,196,2
190,197,5
190,198,2
190,199,3
190,200,1
190,201,1
190,202,3
190,203,1
190,204,1
190,205,2
190,206,2
190,207,1
190,208,2
190,209,1
190,210,1
190,212,1
190,214,1
190,217,3
190,218,1
190,219,4
190,221,1
190,222,1
190,223,1
190,224,1
190,226,2
190,227,1
190,228,1
190,229,3
190,230,1
190,231,2
190,235,1
190,236,1
190,238,1
190,243,1
190,246,2
190,248,1
190,249,1
190,250,2
190,252,1
190,253,1
190,255,1
190,256,1
190,257,2
190,260,1
190,263,1
190,267,1
190,273,1
190,274,2
190,276,1
191,0,4
191,1,2
191,2,5
191,3,2
191,4,1
191,5,5
191,6,4
191,7,3
191,8,1
191,9,3
191,10,2
191,11,1
191,12,3
191,13,2
191,14,2
191,15,5
191,16,1
191,17,2
191,18,3
191,19,3
191,20,5
191,22,1
191,23,2
191,25,2
191,26,4
191,27,1
191,28,3
191,29,3
191,30,4
191,31,4
191,32,5
191,33,6
191,34,9
191,35,2
191,36,7
191,37,4
191,38,4
191,39,4
191,40,4
191,41,6
191,42,6
191,43,4
191,44,6
191,45,3
191,46,2
191,47,3
191,48,4
191,49,1
191,51,1
191,52,6
191,53,5
191,54,3
191,55,3
191,56,7
191,57,3
191,58,5
191,59,9
191,60,10
191,61,10
191,62,7
191,63,3
191,64,3
191,65,3
191,66,3
191,67,2
191,68,6
191,69,3
191,70,7
191,71,4
191,72,3
191,73,3
191,74,3
191,75,2
191,76,1
191,77,3
191,78,4
191,79,2
191,80,4
191,81,3
191,82,6
191,83,1
191,84,10
191,85,6
191,86,3
191,87,9
191,88,10
191,89,9
191,90,6
191,91,9
191,92,8
191,93,1
191,94,10
191,95,3
191,96,3
191,97,9
191,98,9
191,99,11
191,100,2
191,101,5
191,102,5
191,103,4
191,104,4
191,105,1
191,106,3
191,107,4
191,108,9
191,109,10
191,110,16
191,111,16
191,112,25
191,113,29
191,114,59
191,115,85
191,116,83
191,117,102
191,118,106
191,119,117
191,120,107
191,121,108
191,122,124
191,123,103
191,124,143
191,125,126
191,126,118
191,127,121
191,128,117
191,129,109
191,130,116
191,131,93
191,132,74
191,133,60
191,134,48
191,135,64
191,136,79
191,137,91
191,138,135
191,139,120
191,140,122
191,141,97
191,142,100
191,143,49
191,144,41
191,145,25
191,146,13
191,147,23
191,148,26
191,149,45
191,150,65
191,151,78
191,152,82
191,153,67
191,154,71
191,155,46
191,156,31
191,157,19
191,158,20
191,159,16
191,160,4
191,161,11
191,162,16
191,163,15
191,164,11
191,165,11
191,166,9
191,167,10
191,168,5
191,169,3
191,170,6
191,171,5
191,172,9
191,173,7
191,174,10
191,175,8
191,176,7
191,177,10
191,178,10
191,179,3
191,180,9
191,181,5
191,182,8
191,183,4
191,184,3
191,185,3
191,186,2
191,187,3
191,188,4
191,189,3
191,190,4
191,191,5
191,192,4
191,193,4
191,194,1
191,195,5
191,196,5
191,197,1
191,198,2
191,199,1
191,200,2
191,201,1
191,202,1
191,203,1
191,204,1
191,205,3
191,206,2
191,207,1
191,209,1
191,210,3
191,211,2
191,212,3
191,213,2
191,215,1
191,216,1
191,217,2
191,219,1
191,220,1
191,221,1
191,222,2
191,223,3
191,224,2
191,225,1
191,226,2
191,228,1
191,229,1
191,230,1
191,231,3
191,232,1
191,234,1
191,235,2
191,236,1
191,240,2
191,242,2
191,245,1
191,248,1
191,249,1
191,250,2
191,253,1
191,256,1
191,260,1
191,261,1
191,262,1
191,263,1
191,264,1
191,265,2
191,266,1
191,269,1
191,270,1
191,272,2
191,274,1
191,276,3
192,1,2
192,2,2
192,3,3
192,4,2
192,5,3
192,6,4
192,7,1
192,8,1
192,9,2
192,10,3
192,11,2
192,12,3
192,13,3
192,14,2
192,15,1
192,16,3
192,17,1
192,19,3
192,20,1
192,21,2
192,22,1
192,23,2
192,26,4
192,27,3
192,28,1
192,29,1
192,30,5
192,31,2
192,32,2
192,33,5
192,34,2
192,35,6
192,36,5
192,38,1
192,39,3
192,40,6
192,41,4
192,42,4
192,43,4
192,44,7
192,45,3
192,46,2
192,47,2
192,48,1
192,49,3
192,50,2
192,51,5
192,52,3
192,53,5
192,54,3
192,55,3
192,56,3
192,57,5
192,58,2
192,59,3
192,60,11
192,61,3
192,62,6
192,63,8
192,64,2
192,65,4
192,66,5
192,67,10
192,68,3
192,70,9
192,71,5
192,72,2
192,73,2
192,74,6
192,75,4
192,76,1
192,77,4
192,78,9
192,79,7
192,80,6
192,81,5
192,82,4
192,83,5
192,84,5
192,85,4
192,86,1
192,87,12
192,88,4
192,89,10
192,90,5
192,91,6
192,92,3
192,93,3
192,94,6
192,95,7
192,96,4
192,97,5
192,98,5
192,99,6
192,100,1
192,101,8
192,102,2
192,103,4
192,104,1
192,105,2
192,106,2
192,107,4
192,108,6
192,109,8
192,110,12
192,111,21
192,112,29
192,113,30
192,114,52
192,115,71
192,116,97
192,117,115
192,118,114
192,119,106
192,120,104
192,121,104
192,122,105
192,123,82
192,124,96
192,125,127
192,126,118
192,127,126
192,128,132
192,129,122
192,130,98
192,131,75
192,132,60
192,133,58
192,134,62
192,135,57
192,136,66
192,137,91
192,138,113
192,139,132
192,140,134
192,141,102
192,142,98
192,143,59
192,144,39
192,145,15
192,146,22
192,147,16
192,148,37
192,149,30
192,150,57
192,151,68
192,152,63
192,153,73
192,154,56
192,155,42
192,156,32
192,157,25
192,158,6
192,159,8
192,160,15
192,161,6
192,162,4
192,163,17
192,164,17
192,165,5
192,166,6
192,167,5
192,168,5
192,169,6
192,170,5
192,171,8
192,172,7
192,173,5
192,174,2
192,175,5
192,176,9
192,177,6
192,178,7
192,179,6
192,180,6
192,181,6
192,182,1
192,183,2
192,184,3
192,185,4
192,186,2
192,187,4
192,188,4
192,189,6
192,190,3
192,191,5
192,192,3
192,193,3
192,194,2
192,195,2
192,196,3
192,197,6
192,198,3
192,200,1
192,202,2
192,203,2
192,204,3
192,205,2
192,206,1
192,207,1
192,208,2
192,209,1
192,210,3
192,211,2
192,212,1
192,214,1
192,215,4
192,216,2
192,217,2
192,218,3
192,220,3
192,221,1
192,222,1
192,224,2
192,226,1
192,227,1
192,228,2
192,229,1
192,231,2
192,232,2
192,235,1
192,236,1
192,241,2
192,242,1
192,244,1
192,247,3
192,248,1
192,251,1
192,253,2
192,254,2
192,257,1
192,258,1
192,261,1
192,262,1
192,267,1
192,268,1
192,273,1
192,274,2
192,275,1
193,0,1
193,1,2
193,2,2
193,5,5
193,6,1
193,7,3
193,8,2
193,9,3
193,10,1
193,11,4
193,12,2
193,13,1
193,14,5
193,15,3
193,16,3
193,17,3
193,18,2
193,19,1
193,20,2
193,21,2
193,23,4
193,24,1
193,25,2
193,26,2
193,27,1
193,28,4
193,29,1
193,30,1
193,31,4
193,32,10
193,33,6
193,34,4
193,35,4
193,36,4
193,37,3
193,38,2
193,39,2
193,40,6
193,42,4
193,43,3
193,44,4
193,45,2
193,46,3
193,48,4
193,49,3
193,50,3
193,51,1
193,52,5
193,53,2
193,54,4
193,55,2
193,56,2
193,57,5
193,58,1
193,59,3
193,60,3
193,61,6
193,62,6
193,63,12
193,64,3
193,65,6
193,66,3
193,67,7
193,68,4
193,69,4
193,70,2
193,71,2
193,72,3
193,73,3
193,74,2
193,75,1
193,76,3
193,77,3
193,78,4
193,79,2
193,80,4
193,81,2
193,82,2
193,83,2
193,84,9
193,85,9
193,86,8
193,87,3
193,88,5
193,89,3
193,90,5
193,91,5
193,92,2
193,93,2
193,94,1
193,95,4
193,96,7
193,97,6
193,98,7
193,99,7
193,100,7
193,101,6
193,102,9
193,103,4
193,104,7
193,105,6
193,106,6
193,107,8
193,108,10
193,109,9
193,110,11
193,111,10
193,112,34
193,113,27
193,114,56
193,115,77
193,116,83
193,117,113
193,118,90
193,119,120
193,120,105
193,121,124
193,122,121
193,123,90
193,124,130
193,125,123
193,126,125
193,127,118
193,128,132
193,129,93
193,130,97
193,131,77
193,132,65
193,133,57
193,134,50
193,135,55
193,136,51
193,137,81
193,138,110
193,139,104
193,140,111
193,141,87
193,142,81
193,143,63
193,144,39
193,145,27
193,146,20
193,147,20
193,148,29
193,149,48
193,150,55
193,151,70
193,152,79
193,153,64
193,154,56
193,155,51
193,156,33
193,157,22
193,158,10
193,159,7
193,160,7
193,161,8
193,162,14
193,163,16
193,164,5
193,165,9
193,166,6
193,167,5
193,168,6
193,169,10
193,170,7
193,171,3
193,172,8
193,173,4
193,174,2
193,175,4
193,176,10
193,177,5
193,178,10
193,179,10
193,180,5
193,181,3
193,182,3
193,183,3
193,184,3
193,185,3
193,186,5
193,187,3
193,188,4
193,189,4
193,190,2
193,191,2
193,192,5
193,193,2
193,194,1
193,195,5
193,196,4
193,197,4
193,199,1
193,200,2
193,201,4
193,202,3
193,203,4
193,204,3
193,206,2
193,207,1
193,208,1
193,209,1
193,210,2
193,212,3
193,213,3
193,214,2
193,217,1
193,218,3
193,219,3
193,220,2
193,221,1
193,222,1
193,223,1
193,224,2
193,226,1
193,229,3
193,230,1
193,232,1
193,234,3
193,236,1
193,237,1
193,238,1
193,239,1
193,244,1
193,245,2
193,249,1
193,250,2
193,251,1
193,253,1
193,257,2
193,260,1
193,266,2
193,267,1
193,268,3
193,272,2
193,273,1
193,275,1
193,276,2
194,0,2
194,1,1
194,4,3
194,5,1
194,6,1
194,8,4
194,10,2
194,11,1
194,12,1
194,13,1
194,14,2
194,17,2
194,18,1
194,19,2
194,22,1
194,23,1
194,24,4
194,25,1
194,27,3
194,28,5
194,30,1
194,31,1
194,32,5
194,33,3
194,34,4
194,35,6
194,36,6
194,37,2
194,38,9
194,39,3
194,40,3
194,41,3
194,42,2
194,43,7
194,44,1
194,45,2
194,46,4
194,47,2
194,49,4
194,50,4
194,51,3
194,52,3
194,53,2
194,54,4
194,55,1
194,56,4
194,57,1
194,58,2
194,60,4
194,61,4
194,62,4
194,63,10
194,64,5
194,65,3
194,66,2
194,67,6
194,68,4
194,69,2
194,70,4
194,71,3
194,72,5
194,73,3
194,74,2
194,75,2
194,76,3
194,77,3
194,78,1
194,79,7
194,80,2
194,81,1
194,82,2
194,83,5
194,84,6
194,85,2
194,86,3
194,87,9
194,88,6
194,89,7
194,90,5
194,91,4
194,92,7
194,93,4
194,94,3
194,95,5
194,96,5
194,97,5
194,98,8
194,99,6
194,100,8
194,101,3
194,102,7
194,103,3
194,104,4
194,105,9
194,106,6
194,107,9
194,108,6
194,109,12
194,110,7
194,111,12
194,112,27
194,113,31
194,114,58
194,115,57
194,116,97
194,117,106
194,118,111
194,119,112
194,120,100
194,121,99
194,122,120
194,123,111
194,124,108
194,125,125
194,126,121
194,127,130
194,128,109
194,129,124
194,130,112
194,131,74
194,132,63
194,133,69
194,134,64
194,135,51
194,136,61
194,137,75
194,138,99
194,139,127
194,140,115
194,141,92
194,142,62
194,143,49
194,144,44
194,145,29
194,146,18
194,147,20
194,148,16
194,149,48
194,150,55
194,151,66
194,152,68
194,153,79
194,154,63
194,155,37
194,156,30
194,157,25
194,158,13
194,159,9
194,160,9
194,161,9
194,162,13
194,163,10
194,164,10
194,165,7
194,166,8
194,167,5
194,168,3
194,169,6
194,170,6
194,171,6
194,172,6
194,173,6
194,174,3
194,175,5
194,176,4
194,177,8
194,178,8
194,179,5
194,180,2
194,181,5
194,182,3
194,183,2
194,184,2
194,185,4
194,186,5
194,187,2
194,188,3
194,189,2
194,190,4
194,191,2
194,192,1
194,193,2
194,194,2
194,195,2
194,196,2
194,197,4
194,198,3
194,199,4
194,200,4
194,201,2
194,202,2
194,204,3
194,205,2
194,206,2
194,208,4
194,209,1
194,210,1
194,211,1
194,212,2
194,214,1
194,215,1
194,216,1
194,217,1
194,219,1
194,220,4
194,221,1
194,222,1
194,223,5
194,224,2
194,225,1
194,226,4
194,228,1
194,229,1
194,232,1
194,233,2
194,234,2
194,237,1
194,241,1
194,242,2
194,245,1
194,247,3
194,248,1
194,249,1
194,252,2
194,253,1
194,256,2
194,258,1
194,261,1
194,266,1
194,269,1
194,270,2
194,275,1
194,276,2
195,1,2
195,2,1
195,3,1
195,4,1
195,6,1
195,8,3
195,9,5
195,10,4
195,11,1
195,12,2
195,13,2
195,14,4
195,15,1
195,16,5
195,17,2
195,18,4
195,19,1
195,20,2
195,21,4
195,22,1
195,23,2
195,24,1
195,25,2
195,26,5
195,27,1
195,29,1
195,30,4
195,31,1
195,32,7
195,33,4
195,34,3
195,35,4
195,36,6
195,37,3
195,38,3
195,39,4
195,40,2
195,41,1
195,42,1
195,43,3
195,45,5
195,46,3
195,47,2
195,48,3
195,49,3
195,50,3
195,51,7
195,52,1
195,53,2
195,54,5
195,55,1
195,56,2
195,57,4
195,58,4
195,60,4
195,61,5
195,62,5
195,63,8
195,64,4
195,65,3
195,66,3
195,67,3
195,68,5
195,69,8
195,70,1
195,71,4
195,72,2
195,73,5
195,74,3
195,75,2
195,76,5
195,77,2
195,78,2
195,79,2
195,80,5
195,81,1
195,82,6
195,83,6
195,84,8
195,85,4
195,86,6
195,87,7
195,88,4
195,89,8
195,90,4
195,91,5
195,92,1
195,93,1
195,94,3
195,95,4
195,96,6
195,97,6
195,98,7
195,99,5
195,101,2
195,102,6
195,103,6
195,104,8
195,105,3
195,106,6
195,107,7
195,108,8
195,109,11
195,110,12
195,111,18
195,112,24
195,113,32
195,114,51
195,115,76
195,116,90
195,117,110
195,118,125
195,119,107
195,120,96
195,121,126
195,122,114
195,123,118
195,124,109
195,125,115
195,126,125
195,127,126
195,128,124
195,129,124
195,130,92
195,131,66
195,132,69
195,133,61
195,134,51
195,135,58
195,136,55
195,137,95
195,138,110
195,139,124
195,140,119
195,141,86
195,142,82
195,143,68
195,144,45
195,145,25
195,146,12
195,147,17
195,148,31
195,149,38
195,150,58
195,151,54
195,152,59
195,153,71
195,154,50
195,155,51
195,156,22
195,157,14
195,158,14
195,159,9
195,160,9
195,161,14
195,162,9
195,163,12
195,164,3
195,165,11
195,166,9
195,167,6
195,168,6
195,169,2
195,170,3
195,171,7
195,172,3
195,173,4
195,174,11
195,175,4
195,176,1
195,177,3
195,178,7
195,179,2
195,180,3
195,181,5
195,182,3
195,183,1
195,184,4
195,185,1
195,186,4
195,187,4
195,188,4
195,189,7
195,190,7
195,191,3
195,192,2
195,193,2
195,194,4
195,195,1
195,196,5
195,197,3
195,198,1
195,199,1
195,200,1
195,201,3
195,203,3
195,204,2
195,205,4
195,206,1
195,207,1
195,208,2
195,209,2
195,210,2
195,211,6
195,212,1
195,213,1
195,214,1
195,215,2
195,216,1
195,217,1
195,218,1
195,219,1
195,221,2
195,222,1
195,223,1
195,224,2
195,225,2
195,226,3
195,228,1
195,229,2
195,235,1
195,236,2
195,237,2
195,238,1
195,239,1
195,240,1
195,241,1
195,242,1
195,247,1
195,249,2
195,250,1
195,251,2
195,252,1
195,253,1
195,254,2
195,255,1
195,260,1
195,262,2
195,263,1
195,266,1
195,267,1
195,272,1
195,273,1
195,274,3
196,1,1
196,3,2
196,5,2
196,6,2
196,7,3
196,8,1
196,9,2
196,10,1
196,12,2
196,13,1
196,14,2
196,15,1
196,16,5
196,18,2
196,19,1
196,20,1
196,21,2
196,22,1
196,23,1
196,24,2
196,25,2
196,26,4
196,27,2
196,28,2
196,29,7
196,30,2
196,31,3
196,32,5
196,33,3
196,34,2
196,35,3
196,36,3
196,37,2
196,39,3
196,41,5
196,42,2
196,43,4
196,44,4
196,45,2
196,46,1
196,47,1
196,49,4
196,50,1
196,51,4
196,52,4
196,53,4
196,54,4
196,55,3
196,56,5
196,57,3
196,58,6
196,59,5
196,60,3
196,61,3
196,62,7
196,63,5
196,64,2
196,65,6
196,66,1
196,67,5
196,68,1
196,69,6
196,70,1
196,71,1
196,72,1
196,73,1
196,75,1
196,76,4
196,77,7
196,78,3
196,79,2
196,80,2
196,81,5
196,82,3
196,83,2
196,84,6
196,85,5
196,86,6
196,87,13
196,88,4
196,89,4
196,90,6
196,91,5
196,92,5
196,93,3
196,94,6
196,95,5
196,96,1
196,97,5
196,98,8
196,99,3
196,100,4
196,101,6
196,102,3
196,103,7
196,104,2
196,105,5
196,106,6
196,107,5
196,108,10
196,109,12
196,110,12
196,111,11
196,112,34
196,113,45
196,114,59
196,115,68
196,116,75
196,117,79
196,118,107
196,119,98
196,120,83
196,121,96
196,122,95
196,123,95
196,124,100
196,125,101
196,126,113
196,127,128
196,128,100
196,129,129
196,130,91
196,131,89
196,132,71
196,133,50
196,134,45
196,135,52
196,136,48
196,137,72
196,138,105
196,139,102
196,140,91
196,141,92
196,142,68
196,143,46
196,144,37
196,145,22
196,146,15
196,147,13
196,148,25
196,149,32
196,150,44
196,151,44
196,152,52
196,153,52
196,154,36
196,155,34
196,156,26
196,157,10
196,158,12
196,159,6
196,160,14
196,161,9
196,162,9
196,163,5
196,164,9
196,165,4
196,166,9
196,167,7
196,168,6
196,169,4
196,170,8
196,172,9
196,173,3
196,174,4
196,175,1
196,176,1
196,177,5
196,178,3
196,179,4
196,180,11
196,181,7
196,182,2
196,184,2
196,185,2
196,186,1
196,187,4
196,188,3
196,189,3
196,190,5
196,191,2
196,192,3
196,193,1
196,194,1
196,195,2
196,196,2
196,197,1
196,198,2
196,200,4
196,201,3
196,203,3
196,204,1
196,205,1
196,206,1
196,208,1
196,209,1
196,211,3
196,212,2
196,214,2
196,215,1
196,216,1
196,217,3
196,218,2
196,219,3
196,220,2
196,221,1
196,224,4
196,226,1
196,228,1
196,229,2
196,230,1
196,233,1
196,236,1
196,239,1
196,243,1
196,245,1
196,246,2
196,247,1
196,252,1
196,254,1
196,255,1
196,256,2
196,257,2
196,258,1
196,259,1
196,262,2
196,264,2
196,265,1
196,266,1
196,269,1
196,271,2
196,276,1
197,0,2
197,2,2
197,3,2
197,4,2
197,5,4
197,6,3
197,7,3
197,8,5
197,9,5
197,11,1
197,12,2
197,14,5
197,15,2
197,17,1
197,19,1
197,20,1
197,21,1
197,24,3
197,25,1
197,26,1
197,27,2
197,28,3
197,29,3
197,30,3
197,31,4
197,32,2
197,33,4
197,34,2
197,35,2
197,36,3
197,37,1
197,38,4
197,39,1
197,40,1
197,41,6
197,42,1
197,43,3
197,44,1
197,45,1
197,46,3
197,48,1
197,49,1
197,50,2
197,51,4
197,52,4
197,53,4
197,54,2
197,55,2
197,56,1
197,57,4
197,58,4
197,59,6
197,60,6
197,61,6
197,62,5
197,63,5
197,64,4
197,65,4
197,66,4
197,67,5
197,68,2
197,69,3
197,71,4
197,72,3
197,73,2
197,74,1
197,75,2
197,76,2
197,77,1
197,78,3
197,79,4
197,80,2
197,82,1
197,83,3
197,84,5
197,85,2
197,86,7
197,87,5
197,88,10
197,89,5
197,90,7
197,91,3
197,92,2
197,93,2
197,94,3
197,95,6
197,96,8
197,97,11
197,98,3
197,99,6
197,100,7
197,101,6
197,102,4
197,103,4
197,104,5
197,105,7
197,106,4
197,107,6
197,108,9
197,109,7
197,110,11
197,111,29
197,112,32
197,113,46
197,114,57
197,115,61
197,116,97
197,117,86
197,118,115
197,119,103
197,120,104
197,121,111
197,122,92
197,123,97
197,124,105
197,125,112
197,126,130
197,127,119
197,128,112
197,129,115
197,130,96
197,131,84
197,132,82
197,133,76
197,134,41
197,135,58
197,136,68
197,137,84
197,138,93
197,139,115
197,140,99
197,141,97
197,142,74
197,143,65
197,144,38
197,145,25
197,146,13
197,147,17
197,148,30
197,149,37
197,150,47
197,151,41
197,152,49
197,153,63
197,154,38
197,155,30
197,156,26
197,157,12
197,158,10
197,159,10
197,160,5
197,161,5
197,162,10
197,163,4
197,164,15
197,165,8
197,166,4
197,167,5
197,168,1
197,169,7
197,170,4
197,171,7
197,172,3
197,173,7
197,174,6
197,175,2
197,176,5
197,177,4
197,178,7
197,179,5
197,180,5
197,181,10
197,182,2
197,183,4
197,184,2
197,185,2
197,186,1
197,187,4
197,188,6
197,189,7
197,190,1
197,191,2
197,192,4
197,193,4
197,194,3
197,195,1
197,196,1
197,197,1
197,198,3
197,200,3
197,201,1
197,202,2
197,203,1
197,206,1
197,207,3
197,208,1
197,209,1
197,210,1
197,211,1
197,212,2
197,213,1
197,216,1
197,217,2
197,218,1
197,220,1
197,221,2
197,222,2
197,223,2
197,224,1
197,227,2
197,228,2
197,231,4
197,233,3
197,239,1
197,250,1
197,252,1
197,253,1
197,255,4
197,258,4
197,259,1
197,263,1
197,264,1
197,271,1
197,273,1
197,274,1
198,0,2
198,1,2
198,2,3
198,3,1
198,4,4
198,5,1
198,6,4
198,7,2
198,8,2
198,9,2
198,10,2
198,11,2
198,14,1
198,15,2
198,17,4
198,18,2
198,19,2
198,20,2
198,21,3
198,22,1
198,23,4
198,24,2
198,25,2
198,26,2
198,27,2
198,28,2
198,29,3
198,31,2
198,32,3
198,33,1
198,34,3
198,36,6
198,37,3
198,38,5
198,39,5
198,40,1
198,41,3
198,42,5
198,43,3
198,44,1
198,46,5
198,47,3
198,48,1
198,49,4
198,50,1
198,51,5
198,52,3
198,53,4
198,54,3
198,55,1
198,56,3
198,57,4
198,58,2
198,59,4
198,60,1
198,61,2
198,62,4
198,63,9
198,64,2
198,65,6
198,66,5
198,67,8
198,68,3
198,69,1
198,70,5
198,72,1
198,73,3
198,74,2
198,75,3
198,76,1
198,77,1
198,79,3
198,80,7
198,81,5
198,82,3
198,83,2
198,84,5
198,85,7
198,86,10
198,87,4
198,88,7
198,89,8
198,90,9
198,91,4
198,92,1
198,93,3
198,94,1
198,95,4
198,96,2
198,97,5
198,98,6
198,99,4
198,100,2
198,101,4
198,103,4
198,104,3
198,105,4
198,106,8
198,107,4
198,108,5
198,109,8
198,110,18
198,111,25
198,112,25
198,113,23
198,114,35
198,115,80
198,116,88
198,117,105
198,118,106
198,119,123
198,120,97
198,121,108
198,122,96
198,123,125
198,124,114
198,125,101
198,126,110
198,127,112
198,128,96
198,129,107
198,130,93
198,131,79
198,132,60
198,133,52
198,134,53
198,135,69
198,136,57
198,137,57
198,138,87
198,139,78
198,140,89
198,141,68
198,142,56
198,143,48
198,144,39
198,145,15
198,146,17
198,147,18
198,148,25
198,149,31
198,150,44
198,151,45
198,152,56
198,153,48
198,154,35
198,155,39
198,156,18
198,157,13
198,158,8
198,159,8
198,160,10
198,161,6
198,162,13
198,163,12
198,164,8
198,165,5
198,166,4
198,167,3
198,168,4
198,169,5
198,170,6
198,171,11
198,172,3
198,173,7
198,174,4
198,175,2
198,176,7
198,177,6
198,178,4
198,179,2
198,180,10
198,181,3
198,182,2
198,183,1
198,184,1
198,185,1
198,186,3
198,187,2
198,188,5
198,189,3
198,190,4
198,191,4
198,192,4
198,193,6
198,194,1
198,195,1
198,197,1
198,198,2
198,200,5
198,201,2
198,202,1
198,203,2
198,204,1
198,205,1
198,206,1
198,207,2
198,208,2
198,210,1
198,211,3
198,212,3
198,213,1
198,215,1
198,216,3
198,217,2
198,218,1
198,220,2
198,221,3
198,222,2
198,224,2
198,225,1
198,228,2
198,232,1
198,233,1
198,235,1
198,241,1
198,245,1
198,247,1
198,248,1
198,249,2
198,250,1
198,252,1
198,254,1
198,256,2
198,257,1
198,259,1
198,260,2
198,261,1
198,264,2
198,265,1
198,266,2
198,270,1
198,271,1
198,273,1
198,274,1
198,276,2
199,0,1
199,1,1
199,4,3
199,5,1
199,6,2
199,7,2
199,9,2
199,10,1
199,11,4
199,12,1
199,13,1
199,14,3
199,15,8
199,16,3
199,17,1
199,18,1
199,19,3
199,21,1
199,22,1
199,24,4
199,25,2
199,26,1
199,27,3
199,28,4
199,29,1
199,30,6
199,31,1
199,32,1
199,33,1
199,34,3
199,36,2
199,37,3
199,38,4
199,39,3
199,40,3
199,41,3
199,42,3
199,43,4
199,45,2
199,48,1
199,49,2
199,50,3
199,51,4
199,52,2
199,53,2
199,54,3
199,55,3
199,57,1
199,58,2
199,59,6
199,60,3
199,61,4
199,62,4
199,63,5
199,64,5
199,65,2
199,66,2
199,67,1
199,68,5
199,69,2
199,70,1
199,71,6
199,72,4
199,73,3
199,74,4
199,75,1
199,76,1
199,77,1
199,78,3
199,79,4
199,80,1
199,81,1
199,82,1
199,83,4
199,84,3
199,85,1
199,86,2
199,87,6
199,88,6
199,89,5
199,90,4
199,91,1
199,92,8
199,93,6
199,94,3
199,95,1
199,96,4
199,97,4
199,98,3
199,99,8
199,100,6
199,101,5
199,103,5
199,104,4
199,105,7
199,106,2
199,107,4
199,108,5
199,109,7
199,110,4
199,111,20
199,112,15
199,113,35
199,114,38
199,115,64
199,116,85
199,117,78
199,118,115
199,119,108
199,120,108
199,121,107
199,122,90
199,123,90
199,124,122
199,125,99
199,126,105
199,127,100
199,128,110
199,129,92
199,130,107
199,131,68
199,132,69
199,133,52
199,134,45
199,135,42
199,136,56
199,137,76
199,138,93
199,139,74
199,140,89
199,141,76
199,142,57
199,143,38
199,144,35
199,145,14
199,146,21
199,147,13
199,148,24
199,149,30
199,150,34
199,151,41
199,152,48
199,153,50
199,154,29
199,155,40
199,156,18
199,157,11
199,158,8
199,159,4
199,160,10
199,161,5
199,162,10
199,163,7
199,164,10
199,165,15
199,166,4
199,167,3
199,168,4
199,169,6
199,170,4
199,171,10
199,172,5
199,173,7
199,174,3
199,175,2
199,176,3
199,177,6
199,178,2
199,179,5
199,180,2
199,181,2
199,183,2
199,185,3
199,186,2
199,187,4
199,188,2
199,189,3
199,190,4
199,191,2
199,192,5
199,193,1
199,194,4
199,195,2
199,196,3
199,197,5
199,198,1
199,199,4
199,200,1
199,201,2
199,202,2
199,203,1
199,205,2
199,206,1
199,207,2
199,209,2
199,210,1
199,211,2
199,212,3
199,213,1
199,215,2
199,216,1
199,217,3
199,218,2
199,220,2
199,222,3
199,223,2
199,224,1
199,225,3
199,226,2
199,230,2
199,232,1
199,233,2
199,237,1
199,240,1
199,244,1
199,248,1
199,254,1
199,255,1
199,257,1
199,258,1
199,259,1
199,260,2
199,262,4
199,263,1
199,264,1
199,266,1
199,267,1
199,270,1
199,271,2
199,274,1
200,0,1
200,1,2
200,2,2
200,4,3
200,5,1
200,6,1
200,7,2
200,9,3
200,10,2
200,11,1
200,12,1
200,13,3
200,14,1
200,15,1
200,16,1
200,17,2
200,19,1
200,21,3
200,22,3
200,23,1
200,24,2
200,25,1
200,26,1
200,27,1
200,29,3
200,31,2
200,32,2
200,33,2
200,35,3
200,36,1
200,37,2
200,38,3
200,39,1
200,40,4
200,41,1
200,42,1
200,43,8
200,44,3
200,45,2
200,46,2
200,47,3
200,48,1
200,49,5
200,50,4
200,51,4
200,52,4
200,53,3
200,54,1
200,55,5
200,57,2
200,58,3
200,59,4
200,60,5
200,61,5
200,62,3
200,64,2
200,65,5
200,66,4
200,67,1
200,68,3
200,69,2
200,70,1
200,71,3
200,72,2
200,74,1
200,75,2
200,76,2
200,77,2
200,78,3
200,79,3
200,80,2
200,82,5
200,83,3
200,84,3
200,85,6
200,86,5
200,87,6
200,88,2
200,89,8
200,90,8
200,91,2
200,92,1
200,93,2
200,94,6
200,95,4
200,96,5
200,97,5
200,98,6
200,99,7
200,100,1
200,101,5
200,102,5
200,103,5
200,104,2
200,105,7
200,106,5
200,107,2
200,108,9
200,109,5
200,110,15
200,111,7
200,112,22
200,113,36
200,114,38
200,115,65
200,116,94
200,117,103
200,118,132
200,119,88
200,120,94
200,121,81
200,122,84
200,123,118
200,124,129
200,125,103
200,126,103
200,127,111
200,128,132
200,129,88
200,130,80
200,131,91
200,132,73
200,133,54
200,134,41
200,135,69
200,136,45
200,137,62
200,138,71
200,139,83
200,140,70
200,141,79
200,142,66
200,143,66
200,144,43
200,145,15
200,146,18
200,147,12
200,148,20
200,149,16
200,150,28
200,151,51
200,152,51
200,153,43
200,154,31
200,155,30
200,156,18
200,157,22
200,158,12
200,159,6
200,160,5
200,161,4
200,162,5
200,163,4
200,164,6
200,165,8
200,166,8
200,167,4
200,168,7
200,169,3
200,170,5
200,171,1
200,172,5
200,173,6
200,174,2
200,175,7
200,176,3
200,177,2
200,178,3
200,179,2
200,180,4
200,181,4
200,182,2
200,183,5
200,184,1
200,185,1
200,186,4
200,187,3
200,188,4
200,189,2
200,190,2
200,191,2
200,192,3
200,193,1
200,195,3
200,197,2
200,198,3
200,199,1
200,200,4
200,201,1
200,202,1
200,203,1
200,204,3
200,206,1
200,207,1
200,208,1
200,210,1
200,211,2
200,212,1
200,214,1
200,216,2
200,218,3
200,220,1
200,224,3
200,225,1
200,226,1
200,227,1
200,232,2
200,237,1
200,241,3
200,246,1
200,247,1
200,248,3
200,250,1
200,253,2
200,254,1
200,259,2
200,263,3
200,264,1
200,269,2
200,270,1
200,271,1
200,272,2
200,274,1
200,276,1
201,1,1
201,2,1
201,3,2
201,4,3
201,5,2
201,6,2
201,7,1
201,9,1
201,10,2
201,11,1
201,12,2
201,15,4
201,16,2
201,17,1
201,18,2
201,19,4
201,20,2
201,21,1
201,22,1
201,23,2
201,25,2
201,27,2
201,28,1
201,29,2
201,30,3
201,31,2
201,32,2
201,35,1
201,36,1
201,37,5
201,38,1
201,39,3
201,40,2
201,41,2
201,42,4
201,43,3
201,44,4
201,45,1
201,46,1
201,47,2
201,48,2
201,49,2
201,50,1
201,51,2
201,52,2
201,54,1
201,55,1
201,56,2
201,57,3
201,58,7
201,60,4
201,61,5
201,62,4
201,64,2
201,66,1
201,67,2
201,68,2
201,69,5
201,70,3
201,71,1
201,72,2
201,73,6
201,75,2
201,76,4
201,77,2
201,78,2
201,79,3
201,80,3
201,81,4
201,82,2
201,83,2
201,84,2
201,85,3
201,86,3
201,87,5
201,88,8
201,89,5
201,90,2
201,91,3
201,92,3
201,93,2
201,94,3
201,95,4
201,96,3
201,97,2
201,98,8
201,99,5
201,100,6
201,101,7
201,102,7
201,103,7
201,104,1
201,105,5
201,106,3
201,107,5
201,108,7
201,109,7
201,110,10
201,111,17
201,112,28
201,113,40
201,114,36
201,115,49
201,116,91
201,117,77
201,118,83
201,119,108
201,120,105
201,121,90
201,122,119
201,123,127
201,124,94
201,125,125
201,126,102
201,127,129
201,128,109
201,129,99
201,130,91
201,131,64
201,132,62
201,133,65
201,134,57
201,135,41
201,136,55
201,137,77
201,138,66
201,139,92
201,140,88
201,141,68
201,142,68
201,143,40
201,144,20
201,145,26
201,146,12
201,147,15
201,148,24
201,149,23
201,150,38
201,151,37
201,152,46
201,153,34
201,154,31
201,155,33
201,156,20
201,157,5
201,158,15
201,159,2
201,160,10
201,161,1
201,162,9
201,163,3
201,164,9
201,165,8
201,166,3
201,167,4
201,168,4
201,169,3
201,170,5
201,171,4
201,172,7
201,173,5
201,174,2
201,175,3
201,176,6
201,177,4
201,178,9
201,179,4
201,180,5
201,181,3
201,182,2
201,184,2
201,185,4
201,186,3
201,187,2
201,188,3
201,189,2
201,190,4
201,191,2
201,192,2
201,193,4
201,194,1
201,195,4
201,196,3
201,197,1
201,198,2
201,199,1
201,201,4
201,203,2
201,204,2
201,206,1
201,207,1
201,211,2
201,212,2
201,215,2
201,216,1
201,218,1
201,219,1
201,221,1
201,223,1
201,225,4
201,226,1
201,228,1
201,229,1
201,230,1
201,232,1
201,233,2
201,234,2
201,235,1
201,236,1
201,237,1
201,241,1
201,245,2
201,251,1
201,253,1
201,254,1
201,260,1
201,265,1
201,266,1
201,268,1
201,271,1
201,273,2
201,276,2
202,0,2
202,1,1
202,2,2
202,3,1
202,5,1
202,6,3
202,7,2
202,8,2
202,9,2
202,10,1
202,11,2
202,12,1
202,14,1
202,15,2
202,16,4
202,17,2
202,18,2
202,19,1
202,22,3
202,23,2
202,24,2
202,25,2
202,26,2
202,27,2
202,28,3
202,29,3
202,30,3
202,31,1
202,32,1
202,33,7
202,34,1
202,35,2
202,36,3
202,37,2
202,38,3
202,39,2
202,40,2
202,41,1
202,42,3
202,43,4
202,44,3
202,45,3
202,46,1
202,47,2
202,48,2
202,49,1
202,51,1
202,52,3
202,53,4
202,55,3
202,57,1
202,58,1
202,59,2
202,60,2
202,61,2
202,62,3
202,63,3
202,64,3
202,65,3
202,66,3
202,67,2
202,68,4
202,69,4
202,70,1
202,71,2
202,72,2
202,73,2
202,74,3
202,75,2
202,76,2
202,77,3
202,79,1
202,80,2
202,81,3
202,82,2
202,83,5
202,84,1
202,85,1
202,86,5
202,87,2
202,88,3
202,89,7
202,90,3
202,91,4
202,93,3
202,94,2
202,95,4
202,96,3
202,97,3
202,98,7
202,99,6
202,100,8
202,101,5
202,102,3
202,104,4
202,105,7
202,106,6
202,107,6
202,108,3
202,109,10
202,110,13
202,111,16
202,112,25
202,113,32
202,114,53
202,115,77
202,116,66
202,117,107
202,118,78
202,119,101
202,120,98
202,121,94
202,122,127
202,123,91
202,124,99
202,125,116
202,126,106
202,127,106
202,128,109
202,129,117
202,130,79
202,131,72
202,132,62
202,133,68
202,134,54
202,135,59
202,136,63
202,137,59
202,138,73
202,139,68
202,140,70
202,141,46
202,142,58
202,143,39
202,144,31
202,145,17
202,146,12
202,147,12
202,148,16
202,149,21
202,150,25
202,151,35
202,152,49
202,153,43
202,154,30
202,155,31
202,156,14
202,157,9
202,158,9
202,159,9
202,160,8
202,161,4
202,162,6
202,163,8
202,164,6
202,165,7
202,166,1
202,167,4
202,168,2
202,170,4
202,171,7
202,172,4
202,173,3
202,174,5
202,175,4
202,176,3
202,177,3
202,178,3
202,179,3
202,180,3
202,181,4
202,182,2
202,183,1
202,184,1
202,185,2
202,186,2
202,187,3
202,189,1
202,190,1
202,191,1
202,192,1
202,193,1
202,194,4
202,195,5
202,196,1
202,197,1
202,198,1
202,199,4
202,200,3
202,201,1
202,204,2
202,205,1
202,206,3
202,210,1
202,211,1
202,212,2
202,214,1
202,215,1
202,218,1
202,219,3
202,222,2
202,223,1
202,225,1
202,230,1
202,231,2
202,232,1
202,233,3
202,234,2
202,235,2
202,236,1
202,237,1
202,239,1
202,240,1
202,241,1
202,245,1
202,246,3
202,248,1
202,249,1
202,253,1
202,255,1
202,257,1
202,269,1
202,271,1
202,272,1
202,274,2
203,2,3
203,4,3
203,5,2
203,6,1
203,7,2
203,9,3
203,10,2
203,11,1
203,12,1
203,13,3
203,14,2
203,16,2
203,20,1
203,21,3
203,22,1
203,24,2
203,25,3
203,26,3
203,27,2
203,28,3
203,30,1
203,33,1
203,34,1
203,35,3
203,36,3
203,37,1
203,39,2
203,40,4
203,41,2
203,42,2
203,43,2
203,44,3
203,45,2
203,49,2
203,50,1
203,51,2
203,52,1
203,53,1
203,55,1
203,56,2
203,57,2
203,58,2
203,59,3
203,60,3
203,61,2
203,62,4
203,63,3
203,64,3
203,65,1
203,66,2
203,67,3
203,68,3
203,69,1
203,70,4
203,71,3
203,72,4
203,73,1
203,74,5
203,75,4
203,76,3
203,77,4
203,78,1
203,79,4
203,80,2
203,81,2
203,82,1
203,83,2
203,84,2
203,85,1
203,86,4
203,87,4
203,88,3
203,89,5
203,90,2
203,91,1
203,92,3
203,93,6
203,94,3
203,95,4
203,96,3
203,97,3
203,98,2
203,99,2
203,100,5
203,101,3
203,102,3
203,103,5
203,104,4
203,105,7
203,106,6
203,107,10
203,108,1
203,109,6
203,110,6
203,111,18
203,112,25
203,113,32
203,114,40
203,115,75
203,116,62
203,117,79
203,118,83
203,119,100
203,120,110
203,121,85
203,122,86
203,123,84
203,124,114
203,125,90
203,126,96
203,127,97
203,128,96
203,129,115
203,130,85
203,131,66
203,132,67
203,133,59
203,134,53
203,135,51
203,136,46
203,137,77
203,138,68
203,139,71
203,140,58
203,141,68
203,142,51
203,143,48
203,144,19
203,145,18
203,146,18
203,147,11
203,148,16
203,149,23
203,150,46
203,151,33
203,152,34
203,153,47
203,154,41
203,155,34
203,156,16
203,157,17
203,158,11
203,159,12
203,160,7
203,161,1
203,162,5
203,163,8
203,164,5
203,165,5
203,166,4
203,167,2
203,168,5
203,169,3
203,170,5
203,171,4
203,173,4
203,174,6
203,175,3
203,176,4
203,177,2
203,178,2
203,179,1
203,180,5
203,181,7
203,182,2
203,183,3
203,184,3
203,187,2
203,188,1
203,189,3
203,190,3
203,191,1
203,192,5
203,193,3
203,194,2
203,195,1
203,196,2
203,197,4
203,198,1
203,199,4
203,200,1
203,202,2
203,203,2
203,204,1
203,205,2
203,206,3
203,209,1
203,210,2
203,212,1
203,214,3
203,215,1
203,216,2
203,218,2
203,219,1
203,220,2
203,221,1
203,222,1
203,223,1
203,228,1
203,231,1
203,233,1
203,234,3
203,236,1
203,237,1
203,243,2
203,248,1
203,249,1
203,250,2
203,251,1
203,254,2
203,258,1
203,261,1
203,262,1
203,263,1
203,265,1
203,267,1
203,275,1
203,276,1
204,0,2
204,4,1
204,5,1
204,6,1
204,7,2
204,8,2
204,10,1
204,11,1
204,12,1
204,13,3
204,16,2
204,17,1
204,19,2
204,20,1
204,21,1
204,22,1
204,23,1
204,26,2
204,27,1
204,28,2
204,29,1
204,31,1
204,32,1
204,33,1
204,36,1
204,37,4
204,38,3
204,39,6
204,40,1
204,41,1
204,42,1
204,43,1
204,44,2
204,45,3
204,46,1
204,47,4
204,49,2
204,52,3
204,53,1
204,54,3
204,55,3
204,56,3
204,57,1
204,58,2
204,59,2
204,60,5
204,61,3
204,62,6
204,63,1
204,64,1
204,65,3
204,66,1
204,67,2
204,68,2
204,70,1
204,71,1
204,72,1
204,73,1
204,74,2
204,75,4
204,76,2
204,77,1
204,79,4
204,80,2
204,81,3
204,82,4
204,83,1
204,84,8
204,85,2
204,86,7
204,87,7
204,88,3
204,89,4
204,90,3
204,91,2
204,92,4
204,93,4
204,94,5
204,95,4
204,96,1
204,97,3
204,99,3
204,100,3
204,101,4
204,102,2
204,103,1
204,104,4
204,105,3
204,106,6
204,107,6
204,108,7
204,109,5
204,110,11
204,111,16
204,112,30
204,113,44
204,114,42
204,115,61
204,116,71
204,117,89
204,118,131
204,119,110
204,120,94
204,121,83
204,122,99
204,123,104
204,124,91
204,125,102
204,126,112
204,127,90
204,128,91
204,129,86
204,130,93
204,131,85
204,132,64
204,133,43
204,134,57
204,135,47
204,136,50
204,137,75
204,138,78
204,139,71
204,140,52
204,141,63
204,142,43
204,143,39
204,144,23
204,145,15
204,146,8
204,147,16
204,148,13
204,149,22
204,150,19
204,151,35
204,152,35
204,153,34
204,154,27
204,155,24
204,156,13
204,157,14
204,158,10
204,159,3
204,160,6
204,161,7
204,162,6
204,163,6
204,164,4
204,165,7
204,166,5
204,167,4
204,168,3
204,169,6
204,170,2
204,171,2
204,172,4
204,173,5
204,174,2
204,175,2
204,176,1
204,177,3
204,178,3
204,179,4
204,180,4
204,181,5
204,182,5
204,183,4
204,184,3
204,185,4
204,186,2
204,187,1
204,188,1
204,189,1
204,190,2
204,191,1
204,192,6
204,193,2
204,194,3
204,196,6
204,197,3
204,198,1
204,199,1
204,200,1
204,201,2
204,202,1
204,203,1
204,204,1
204,205,1
204,206,2
204,207,2
204,209,1
204,211,1
204,212,1
204,215,1
204,217,3
204,219,2
204,220,2
204,221,2
204,222,1
204,223,3
204,224,2
204,229,1
204,230,1
204,233,1
204,234,2
204,236,1
204,239,2
204,241,1
204,247,2
204,248,1
204,251,1
204,253,1
204,256,1
204,257,1
204,258,2
204,262,1
204,264,1
204,266,1
204,267,1
204,269,1
204,272,1
204,273,1
204,275,1
205,1,1
205,4,1
205,7,2
205,8,1
205,9,1
205,12,1
205,13,1
205,14,1
205,15,1
205,16,2
205,17,1
205,18,1
205,19,1
205,20,1
205,23,1
205,24,1
205,25,2
205,26,1
205,27,1
205,28,1
205,29,1
205,30,3
205,31,1
205,34,3
205,36,1
205,39,2
205,40,1
205,41,1
205,42,1
205,43,1
205,44,2
205,45,1
205,46,1
205,47,1
205,50,1
205,52,3
205,53,1
205,56,2
205,57,3
205,58,1
205,59,1
205,60,3
205,61,1
205,62,4
205,63,3
205,64,4
205,65,1
205,66,2
205,67,2
205,68,2
205,69,2
205,70,2
205,71,3
205,72,4
205,73,2
205,74,1
205,75,4
205,76,4
205,78,3
205,79,1
205,80,2
205,81,1
205,82,4
205,83,1
205,84,1
205,86,1
205,87,4
205,88,1
205,89,7
205,90,3
205,91,4
205,92,1
205,93,1
205,94,3
205,95,1
205,96,5
205,97,1
205,98,2
205,99,4
205,100,5
205,101,3
205,102,4
205,103,2
205,104,2
205,105,2
205,106,2
205,107,9
205,108,9
205,109,6
205,110,12
205,111,12
205,112,22
205,113,27
205,114,47
205,115,46
205,116,72
205,117,91
205,118,108
205,119,98
205,120,75
205,121,96
205,122,104
205,123,77
205,124,80
205,125,100
205,126,102
205,127,98
205,128,94
205,129,76
205,130,78
205,131,86
205,132,44
205,133,53
205,134,38
205,135,56
205,136,57
205,137,48
205,138,64
205,139,84
205,140,60
205,141,59
205,142,34
205,143,29
205,144,31
205,145,13
205,146,5
205,147,10
205,148,13
205,149,20
205,150,28
205,151,39
205,152,32
205,153,32
205,154,24
205,155,24
205,156,19
205,157,7
205,158,6
205,159,4
205,160,6
205,161,7
205,162,4
205,163,4
205,164,7
205,165,6
205,166,3
205,167,6
205,168,5
205,169,4
205,170,8
205,171,2
205,172,4
205,173,3
205,174,1
205,175,2
205,176,6
205,177,5
205,178,3
205,179,2
205,180,4
205,182,4
205,184,2
205,185,1
205,186,1
205,187,5
205,188,3
205,189,3
205,191,3
205,192,2
205,193,2
205,194,3
205,195,1
205,196,1
205,197,2
205,198,1
205,199,3
205,200,2
205,204,1
205,207,1
205,211,1
205,212,1
205,213,1
205,214,1
205,215,4
205,216,1
205,218,3
205,219,2
205,220,1
205,221,1
205,225,1
205,228,1
205,229,2
205,231,1
205,235,1
205,237,1
205,242,1
205,243,1
205,244,1
205,247,1
205,248,1
205,252,1
205,253,1
205,260,1
205,262,1
205,268,1
205,270,1
205,271,2
206,1,3
206,2,1
206,3,1
206,4,1
206,9,1
206,11,2
206,12,1
206,14,1
206,15,1
206,16,3
206,18,2
206,20,2
206,22,1
206,23,2
206,25,1
206,26,3
206,28,1
206,29,3
206,31,1
206,32,1
206,34,1
206,35,2
206,36,3
206,37,1
206,38,2
206,39,1
206,40,4
206,41,3
206,42,3
206,44,1
206,45,1
206,46,3
206,47,2
206,48,2
206,50,2
206,51,3
206,52,2
206,53,1
206,54,2
206,55,1
206,57,2
206,58,2
206,59,1
206,60,8
206,61,3
206,62,1
206,63,3
206,64,2
206,65,3
206,66,4
206,68,2
206,69,3
206,70,2
206,71,2
206,72,2
206,73,2
206,74,2
206,75,3
206,76,1
206,77,3
206,78,2
206,79,2
206,80,2
206,81,3
206,82,2
206,83,5
206,84,3
206,85,3
206,86,4
206,87,5
206,88,1
206,89,3
206,90,1
206,91,3
206,92,2
206,93,2
206,94,5
206,95,3
206,96,2
206,97,3
206,98,4
206,99,4
206,100,2
206,101,2
206,102,1
206,103,1
206,105,8
206,106,5
206,107,5
206,108,3
206,109,4
206,110,7
206,111,14
206,112,10
206,113,29
206,114,45
206,115,72
206,116,67
206,117,84
206,118,82
206,119,90
206,120,91
206,121,93
206,122,99
206,123,78
206,124,99
206,125,105
206,126,103
206,127,85
206,128,98
206,129,98
206,130,85
206,131,69
206,132,57
206,133,60
206,134,46
206,135,58
206,136,46
206,137,58
206,138,57
206,139,57
206,140,34
206,141,44
206,142,46
206,143,27
206,144,23
206,145,19
206,146,14
206,147,14
206,148,11
206,149,18
206,150,38
206,151,22
206,152,29
206,153,27
206,154,32
206,155,24
206,156,20
206,157,11
206,158,5
206,159,2
206,160,5
206,161,4
206,162,9
206,163,1
206,164,6
206,165,3
206,166,2
206,167,5
206,168,4
206,169,2
206,170,3
206,171,5
206,172,2
206,173,4
206,174,3
206,175,2
206,176,5
206,177,2
206,178,5
206,179,2
206,180,3
206,181,4
206,182,2
206,183,1
206,184,2
206,185,2
206,187,1
206,188,4
206,189,1
206,190,4
206,191,3
206,192,3
206,193,4
206,194,1
206,195,1
206,196,2
206,197,2
206,199,1
206,200,1
206,201,1
206,202,2
206,203,2
206,204,1
206,205,1
206,206,2
206,211,1
206,213,2
206,214,2
206,216,3
206,217,1
206,218,1
206,220,1
206,221,2
206,222,1
206,225,1
206,227,1
206,228,2
206,231,1
206,234,1
206,236,1
206,240,1
206,245,1
206,247,1
206,250,1
206,252,1
206,258,1
206,271,1
206,274,1
207,1,2
207,2,1
207,3,1
207,7,1
207,8,1
207,9,1
207,10,3
207,11,2
207,12,1
207,13,3
207,14,3
207,17,1
207,18,1
207,20,1
207,21,1
207,22,3
207,23,1
207,24,2
207,25,1
207,27,3
207,28,1
207,29,1
207,30,2
207,31,1
207,33,5
207,34,1
207,35,2
207,36,3
207,37,1
207,39,1
207,40,1
207,41,4
207,42,3
207,43,3
207,44,2
207,46,1
207,47,1
207,48,1
207,49,2
207,50,2
207,51,5
207,52,1
207,53,2
207,54,1
207,55,3
207,56,2
207,58,3
207,60,2
207,61,3
207,62,4
207,63,3
207,64,1
207,65,3
207,66,3
207,67,5
207,68,2
207,69,1
207,70,1
207,71,4
207,72,1
207,73,1
207,75,2
207,76,1
207,77,1
207,78,2
207,79,2
207,80,3
207,81,1
207,82,2
207,83,3
207,84,2
207,85,5
207,87,3
207,88,2
207,89,6
207,90,1
207,91,2
207,92,2
207,93,1
207,94,4
207,95,7
207,96,3
207,97,4
207,98,4
207,99,5
207,100,1
207,101,4
207,103,5
207,104,3
207,105,4
207,106,3
207,107,9
207,108,5
207,109,2
207,110,9
207,111,11
207,112,12
207,113,25
207,114,46
207,115,59
207,116,86
207,117,76
207,118,75
207,119,88
207,120,109
207,121,96
207,122,102
207,123,89
207,124,80
207,125,82
207,126,99
207,127,98
207,128,94
207,129,88
207,130,78
207,131,75
207,132,59
207,133,51
207,134,50
207,135,60
207,136,58
207,137,61
207,138,69
207,139,66
207,140,62
207,141,44
207,142,48
207,143,25
207,144,19
207,145,8
207,146,9
207,147,10
207,148,10
207,149,11
207,150,35
207,151,29
207,152,29
207,153,21
207,154,30
207,155,23
207,156,18
207,157,13
207,158,7
207,159,6
207,160,9
207,161,6
207,162,1
207,163,6
207,164,10
207,165,5
207,166,3
207,167,5
207,168,1
207,169,3
207,170,4
207,171,1
207,172,1
207,173,4
207,174,2
207,175,1
207,176,2
207,177,3
207,178,1
207,179,3
207,180,3
207,181,7
207,182,3
207,183,3
207,184,2
207,185,2
207,186,1
207,187,1
207,188,1
207,189,4
207,190,2
207,191,2
207,192,4
207,193,4
207,194,2
207,195,3
207,196,2
207,198,1
207,199,2
207,200,1
207,201,1
207,202,2
207,203,1
207,208,1
207,211,2
207,214,1
207,215,1
207,216,1
207,218,1
207,219,3
207,220,1
207,221,1
207,222,1
207,223,2
207,225,4
207,227,1
207,229,1
207,234,2
207,235,1
207,237,2
207,238,1
207,246,1
207,252,1
207,255,1
207,258,1
207,262,1
207,266,1
207,273,1
208,0,3
208,3,1
208,4,1
208,6,1
208,7,1
208,8,2
208,10,1
208,11,3
208,12,2
208,16,2
208,21,3
208,22,1
208,23,1
208,24,1
208,26,1
208,27,1
208,28,1
208,30,1
208,31,1
208,32,1
208,33,3
208,34,2
208,35,4
208,36,3
208,37,1
208,39,5
208,41,2
208,42,1
208,43,1
208,44,1
208,45,3
208,46,3
208,47,2
208,48,3
208,52,2
208,53,1
208,54,2
208,55,2
208,56,1
208,57,1
208,58,6
208,59,1
208,60,4
208,61,5
208,62,3
208,63,3
208,64,2
208,65,1
208,67,2
208,68,4
208,69,2
208,70,3
208,71,2
208,72,3
208,73,1
208,74,2
208,75,2
208,76,1
208,77,3
208,78,2
208,79,4
208,80,2
208,81,4
208,82,2
208,83,3
208,84,2
208,85,1
208,86,2
208,87,2
208,88,6
208,89,2
208,90,9
208,91,5
208,93,2
208,94,2
208,95,3
208,96,5
208,97,4
208,98,2
208,99,2
208,100,1
208,101,1
208,102,4
208,103,1
208,104,2
208,105,6
208,106,5
208,107,9
208,108,3
208,109,3
208,110,8
208,111,8
208,112,27
208,113,27
208,114,42
208,115,44
208,116,75
208,117,76
208,118,99
208,119,99
208,120,83
208,121,86
208,122,76
208,123,87
208,124,79
208,125,95
208,126,87
208,127,114
208,128,87
208,129,77
208,130,98
208,131,73
208,132,76
208,133,53
208,134,47
208,135,42
208,136,49
208,137,53
208,138,39
208,139,46
208,140,41
208,141,58
208,142,43
208,143,28
208,144,14
208,145,7
208,146,9
208,147,8
208,148,14
208,149,24
208,150,14
208,151,36
208,152,38
208,153,34
208,154,24
208,155,17
208,156,15
208,157,9
208,158,13
208,159,7
208,160,4
208,161,3
208,162,7
208,163,6
208,164,7
208,165,5
208,166,5
208,167,4
208,168,5
208,169,10
208,170,5
208,171,4
208,172,2
208,173,2
208,174,5
208,176,7
208,177,6
208,178,2
208,179,7
208,180,2
208,181,2
208,183,3
208,184,1
208,185,2
208,186,3
208,187,5
208,188,2
208,189,1
208,190,1
208,191,2
208,192,4
208,193,5
208,194,2
208,195,2
208,196,1
208,197,1
208,198,2
208,199,4
208,200,3
208,202,1
208,203,1
208,205,1
208,209,1
208,211,1
208,212,1
208,213,1
208,214,1
208,217,2
208,218,1
208,221,1
208,224,1
208,225,2
208,227,1
208,229,1
208,230,1
208,231,1
208,235,2
208,238,1
208,241,2
208,242,1
208,244,1
208,246,1
208,247,1
208,248,1
208,253,1
208,254,1
208,256,2
208,257,1
208,258,1
208,259,1
208,263,1
208,264,1
208,269,1
208,274,2
209,0,1
209,2,1
209,3,1
209,4,1
209,5,3
209,6,3
209,8,3
209,10,1
209,11,1
209,12,1
209,13,1
209,16,1
209,18,1
209,19,1
209,20,1
209,22,1
209,23,1
209,24,2
209,26,1
209,27,1
209,28,2
209,29,2
209,30,1
209,32,2
209,33,2
209,35,3
209,36,1
209,39,3
209,40,2
209,42,1
209,45,3
209,46,1
209,48,1
209,49,4
209,51,4
209,53,4
209,54,2
209,55,2
209,56,2
209,57,1
209,58,2
209,59,2
209,60,2
209,61,2
209,62,4
209,63,3
209,64,3
209,66,1
209,67,3
209,68,2
209,70,1
209,71,2
209,72,1
209,73,1
209,74,1
209,75,2
209,76,1
209,77,1
209,78,1
209,79,1
209,80,2
209,81,3
209,83,2
209,84,1
209,85,5
209,86,4
209,87,5
209,88,1
209,89,6
209,90,3
209,91,3
209,92,1
209,93,4
209,95,4
209,96,3
209,97,1
209,98,1
209,99,3
209,100,2
209,101,2
209,102,3
209,103,4
209,104,2
209,105,6
209,106,9
209,107,2
209,108,5
209,109,6
209,110,7
209,111,16
209,112,22
209,113,25
209,114,36
209,115,72
209,116,75
209,117,75
209,118,83
209,119,74
209,120,87
209,121,77
209,122,78
209,123,101
209,124,89
209,125,79
209,126,83
209,127,118
209,128,94
209,129,88
209,130,78
209,131,55
209,132,59
209,133,63
209,134,43
209,135,42
209,136,52
209,137,46
209,138,42
209,139,41
209,140,45
209,141,43
209,142,33
209,143,29
209,144,19
209,145,13
209,146,7
209,147,8
209,148,7
209,149,5
209,150,19
209,151,12
209,152,21
209,153,20
209,154,14
209,155,18
209,156,17
209,157,8
209,158,7
209,159,5
209,160,4
209,161,6
209,162,7
209,163,4
209,164,7
209,165,3
209,166,6
209,167,1
209,168,3
209,169,2
209,171,2
209,172,2
209,173,4
209,174,4
209,175,2
209,176,1
209,177,3
209,178,5
209,179,3
209,180,1
209,181,5
209,182,1
209,184,3
209,185,3
209,186,2
209,187,3
209,188,3
209,189,2
209,190,2
209,191,1
209,192,2
209,193,1
209,194,1
209,195,1
209,196,6
209,198,2
209,199,3
209,200,5
209,201,1
209,205,1
209,206,2
209,207,2
209,208,3
209,211,2
209,213,2
209,214,3
209,215,1
209,217,2
209,219,1
209,220,1
209,221,2
209,222,1
209,225,1
209,226,1
209,228,1
209,229,1
209,230,1
209,232,1
209,238,1
209,243,1
209,246,1
209,248,1
209,249,1
209,253,1
209,255,2
209,257,3
209,260,2
209,265,1
209,268,1
209,276,1
210,0,1
210,1,2
210,2,1
210,3,1
210,4,2
210,5,2
210,6,1
210,7,2
210,8,1
210,9,3
210,10,2
210,14,1
210,15,2
210,16,1
210,17,2
210,18,2
210,19,1
210,20,3
210,23,4
210,25,1
210,26,3
210,28,2
210,29,2
210,30,1
210,31,1
210,34,1
210,35,2
210,36,2
210,37,2
210,38,1
210,39,2
210,41,1
210,42,2
210,45,2
210,46,2
210,47,1
210,48,2
210,49,2
210,50,3
210,51,1
210,52,1
210,54,1
210,58,4
210,59,3
210,60,3
210,61,2
210,63,1
210,64,2
210,65,1
210,66,2
210,67,2
210,68,2
210,69,1
210,70,1
210,71,2
210,73,1
210,74,3
210,75,2
210,76,3
210,77,3
210,78,2
210,79,2
210,80,1
210,82,2
210,83,1
210,84,2
210,85,3
210,86,3
210,87,3
210,88,1
210,89,3
210,90,1
210,91,4
210,92,2
210,93,3
210,94,1
210,95,1
210,96,1
210,97,1
210,98,4
210,99,2
210,100,2
210,101,6
210,102,2
210,103,3
210,104,2
210,105,7
210,106,6
210,107,6
210,108,4
210,109,7
210,110,11
210,111,10
210,112,12
210,113,28
210,114,31
210,115,46
210,116,78
210,117,97
210,118,88
210,119,98
210,120,89
210,121,94
210,122,89
210,123,81
210,124,99
210,125,93
210,126,89
210,127,69
210,128,90
210,129,103
210,130,90
210,131,72
210,132,62
210,133,50
210,134,57
210,135,55
210,136,54
210,137,45
210,138,40
210,139,38
210,140,43
210,141,47
210,142,31
210,143,23
210,144,19
210,145,15
210,146,6
210,147,10
210,148,15
210,149,9
210,150,22
210,151,18
210,152,29
210,153,16
210,154,30
210,155,18
210,156,12
210,157,10
210,158,7
210,159,5
210,160,3
210,161,3
210,162,4
210,163,4
210,164,3
210,165,3
210,166,3
210,167,5
210,168,4
210,169,3
210,170,6
210,171,2
210,172,2
210,173,6
210,174,2
210,175,3
210,176,2
210,177,3
210,178,2
210,179,1
210,180,3
210,181,1
210,182,1
210,185,3
210,187,1
210,188,7
210,189,2
210,190,3
210,191,1
210,192,5
210,193,1
210,194,1
210,195,2
210,196,2
210,197,3
210,198,3
210,199,2
210,200,2
210,201,4
210,203,1
210,206,1
210,207,1
210,208,2
210,209,1
210,211,1
210,212,1
210,214,3
210,215,1
210,216,2
210,217,1
210,218,1
210,219,2
210,220,1
210,221,1
210,224,1
210,225,1
210,226,1
210,227,1
210,229,1
210,230,2
210,231,1
210,232,1
210,238,1
210,239,1
210,241,1
210,253,1
210,254,1
210,255,2
210,261,2
210,266,1
210,267,1
210,270,1
210,271,1
210,273,1
210,274,1
211,2,1
211,3,1
211,4,5
211,6,2
211,7,1
211,8,3
211,9,2
211,12,2
211,13,2
211,14,1
211,16,1
211,17,1
211,19,1
211,22,1
211,23,2
211,24,2
211,31,2
211,32,1
211,33,2
211,34,1
211,35,2
211,36,1
211,37,1
211,38,3
211,39,1
211,40,1
211,41,1
211,42,3
211,44,1
211,45,1
211,46,1
211,47,1
211,48,3
211,51,1
211,53,3
211,57,1
211,58,1
211,59,3
211,60,4
211,61,1
211,62,1
211,64,1
211,65,1
211,66,2
211,67,1
211,68,1
211,69,4
211,70,2
211,73,1
211,74,4
211,76,3
211,78,1
211,79,1
211,80,1
211,82,3
211,84,1
211,85,2
211,87,4
211,88,2
211,89,3
211,90,3
211,92,2
211,93,2
211,94,2
211,95,1
211,96,3
211,97,3
211,98,3
211,99,2
211,100,3
211,101,2
211,102,4
211,103,3
211,104,1
211,105,6
211,106,4
211,107,3
211,108,10
211,109,5
211,110,14
211,111,12
211,112,17
211,113,32
211,114,33
211,115,54
211,116,62
211,117,85
211,118,77
211,119,88
211,120,84
211,121,82
211,122,95
211,123,92
211,124,70
211,125,85
211,126,86
211,127,77
211,128,79
211,129,86
211,130,64
211,131,66
211,132,55
211,133,49
211,134,54
211,135,34
211,136,52
211,137,62
211,138,35
211,139,52
211,140,36
211,141,36
211,142,37
211,143,25
211,144,15
211,145,9
211,146,5
211,147,11
211,148,11
211,149,12
211,150,20
211,151,28
211,152,17
211,153,16
211,154,18
211,155,14
211,156,11
211,157,7
211,158,7
211,159,3
211,160,4
211,161,3
211,162,5
211,163,9
211,164,2
211,165,4
211,166,3
211,167,6
211,168,2
211,169,6
211,170,5
211,171,4
211,172,2
211,174,1
211,175,2
211,176,4
211,177,4
211,178,5
211,179,2
211,180,4
211,181,3
211,183,1
211,184,1
211,185,1
211,186,2
211,187,1
211,188,1
211,189,2
211,190,2
211,191,3
211,192,4
211,193,2
211,194,3
211,195,3
211,196,3
211,197,2
211,198,1
211,205,1
211,206,2
211,208,1
211,210,1
211,211,2
211,212,1
211,214,1
211,215,1
211,218,2
211,220,4
211,221,1
211,222,2
211,223,1
211,225,2
211,228,1
211,229,1
211,230,1
211,233,2
211,236,1
211,240,1
211,245,1
211,246,2
211,247,1
211,251,1
211,252,1
211,254,1
211,258,1
211,259,1
211,271,1
212,4,1
212,5,2
212,8,1
212,12,1
212,14,1
212,15,1
212,16,1
212,18,2
212,19,2
212,20,2
212,24,1
212,25,1
212,26,2
212,27,2
212,28,2
212,30,1
212,31,5
212,34,1
212,35,1
212,36,1
212,37,1
212,38,1
212,39,1
212,40,4
212,43,1
212,44,3
212,46,1
212,49,1
212,50,1
212,52,1
212,54,1
212,55,2
212,56,4
212,57,1
212,58,2
212,59,1
212,60,1
212,61,2
212,62,3
212,63,1
212,64,1
212,65,1
212,66,2
212,67,4
212,68,1
212,70,4
212,71,1
212,74,2
212,75,2
212,78,2
212,79,4
212,83,2
212,84,3
212,85,2
212,86,3
212,89,6
212,90,3
212,91,4
212,92,1
212,93,2
212,94,1
212,95,4
212,96,2
212,97,3
212,98,1
212,99,3
212,100,2
212,101,5
212,102,5
212,103,2
212,104,1
212,105,5
212,106,1
212,107,5
212,108,10
212,109,8
212,110,11
212,111,8
212,112,11
212,113,26
212,114,42
212,115,51
212,116,69
212,117,81
212,118,87
212,119,73
212,120,80
212,121,106
212,122,87
212,123,93
212,124,84
212,125,94
212,126,70
212,127,98
212,128,102
212,129,71
212,130,64
212,131,63
212,132,67
212,133,61
212,134,47
212,135,58
212,136,54
212,137,44
212,138,34
212,139,32
212,140,53
212,141,34
212,142,31
212,143,24
212,144,14
212,145,15
212,146,7
212,147,4
212,148,5
212,149,23
212,150,12
212,151,16
212,152,17
212,153,17
212,154,14
212,155,17
212,156,9
212,157,6
212,158,3
212,159,2
212,160,2
212,161,6
212,162,2
212,164,4
212,165,3
212,166,6
212,167,7
212,168,4
212,169,3
212,170,3
212,171,2
212,172,3
212,173,4
212,174,1
212,175,1
212,176,6
212,177,2
212,178,1
212,179,6
212,180,1
212,181,2
212,182,5
212,184,3
212,185,3
212,186,1
212,187,1
212,188,2
212,189,3
212,190,2
212,192,2
212,194,1
212,195,2
212,196,5
212,197,4
212,198,2
212,199,4
212,201,1
212,202,2
212,203,1
212,204,2
212,206,1
212,208,2
212,212,2
212,213,1
212,216,1
212,220,2
212,222,1
212,223,2
212,224,1
212,225,1
212,226,1
212,227,1
212,230,1
212,240,1
212,253,2
212,254,3
212,256,1
212,258,1
212,262,2
212,266,1
213,0,1
213,6,1
213,8,1
213,9,2
213,10,1
213,12,1
213,14,1
213,15,1
213,16,1
213,18,1
213,24,1
213,25,2
213,26,1
213,27,3
213,28,2
213,31,1
213,32,1
213,34,1
213,38,1
213,40,1
213,41,1
213,42,1
213,43,2
213,44,3
213,46,1
213,48,2
213,49,1
213,51,2
213,57,3
213,61,3
213,62,2
213,63,1
213,64,2
213,66,3
213,67,2
213,68,1
213,69,1
213,70,1
213,71,4
213,73,2
213,75,1
213,76,1
213,77,4
213,78,1
213,79,1
213,80,1
213,82,1
213,83,2
213,84,2
213,86,2
213,87,3
213,88,4
213,89,3
213,90,5
213,91,4
213,92,1
213,93,2
213,94,2
213,95,1
213,96,1
213,97,2
213,98,4
213,99,1
213,100,3
213,101,6
213,102,2
213,103,3
213,104,2
213,105,4
213,106,3
213,107,8
213,108,6
213,109,3
213,110,7
213,111,14
213,112,13
213,113,25
213,114,44
213,115,53
213,116,60
213,117,77
213,118,72
213,119,86
213,120,96
213,121,87
213,122,80
213,123,79
213,124,86
213,125,99
213,126,101
213,127,77
213,128,87
213,129,67
213,130,75
213,131,82
213,132,72
213,133,68
213,134,50
213,135,52
213,136,35
213,137,48
213,138,42
213,139,47
213,140,42
213,141,30
213,142,23
213,143,22
213,144,10
213,145,12
213,146,11
213,147,9
213,148,9
213,149,7
213,150,12
213,151,13
213,152,21
213,153,23
213,154,13
213,155,14
213,156,14
213,157,4
213,158,5
213,159,4
213,160,6
213,161,5
213,162,7
213,163,7
213,164,3
213,166,6
213,167,4
213,168,9
213,169,2
213,170,2
213,171,6
213,172,2
213,173,3
213,174,2
213,175,3
213,176,2
213,177,2
213,178,3
213,179,1
213,180,3
213,181,2
213,182,2
213,183,1
213,185,1
213,186,2
213,187,2
213,188,1
213,189,2
213,190,3
213,191,2
213,193,4
213,194,1
213,195,1
213,196,5
213,197,1
213,198,2
213,201,1
213,203,1
213,204,1
213,210,4
213,213,3
213,216,1
213,218,1
213,219,1
213,220,3
213,221,1
213,223,1
213,224,1
213,225,1
213,228,1
213,236,1
213,240,2
213,246,1
213,251,1
213,252,1
213,256,1
213,260,1
213,264,1
213,268,1
213,275,1
214,5,1
214,7,2
214,8,1
214,9,1
214,13,1
214,15,1
214,16,3
214,17,1
214,18,2
214,19,1
214,20,2
214,23,1
214,25,2
214,26,1
214,27,1
214,29,1
214,32,1
214,33,3
214,34,1
214,35,2
214,36,2
214,37,2
214,39,2
214,40,3
214,43,2
214,44,2
214,45,2
214,46,1
214,47,1
214,50,2
214,51,1
214,52,1
214,53,2
214,55,3
214,56,1
214,58,1
214,60,2
214,61,1
214,63,2
214,66,1
214,68,1
214,71,3
214,72,5
214,73,1
214,74,1
214,75,1
214,78,1
214,79,1
214,80,2
214,81,2
214,83,2
214,84,1
214,85,1
214,86,5
214,87,2
214,88,1
214,90,4
214,91,5
214,92,5
214,93,3
214,94,3
214,95,2
214,96,4
214,97,3
214,99,3
214,100,4
214,101,2
214,102,3
214,103,3
214,104,3
214,105,2
214,106,2
214,107,7
214,108,1
214,109,5
214,110,10
214,111,12
214,112,21
214,113,30
214,114,32
214,115,69
214,116,77
214,117,82
214,118,84
214,119,86
214,120,89
214,121,75
214,122,86
214,123,82
214,124,91
214,125,78
214,126,77
214,127,92
214,128,98
214,129,70
214,130,65
214,131,56
214,132,60
214,133,65
214,134,46
214,135,46
214,136,32
214,137,48
214,138,45
214,139,41
214,140,35
214,141,30
214,142,23
214,143,9
214,144,8
214,145,9
214,146,7
214,147,9
214,148,13
214,149,3
214,150,16
214,151,14
214,152,21
214,153,20
214,154,12
214,155,15
214,156,6
214,157,8
214,158,6
214,159,2
214,160,3
214,161,6
214,162,3
214,163,3
214,164,4
214,165,1
214,166,5
214,167,1
214,168,3
214,169,4
214,170,3
214,171,3
214,172,2
214,173,1
214,174,2
214,175,1
214,176,2
214,178,8
214,179,5
214,180,1
214,181,1
214,182,3
214,183,3
214,184,5
214,185,2
214,186,1
214,188,3
214,189,3
214,190,1
214,192,2
214,193,2
214,194,1
214,195,2
214,196,2
214,197,3
214,199,2
214,205,2
214,206,1
214,208,1
214,209,2
214,210,1
214,211,1
214,214,1
214,215,1
214,222,1
214,223,1
214,225,1
214,228,1
214,232,1
214,233,1
214,234,1
214,235,1
214,238,1
214,243,1
214,244,2
214,255,1
214,256,1
214,258,1
214,260,1
214,261,1
214,265,1
214,273,1
215,1,2
215,2,1
215,5,1
215,7,1
215,12,1
215,13,1
215,15,1
215,19,1
215,21,3
215,23,1
215,24,1
215,25,1
215,26,1
215,31,1
215,32,1
215,33,3
215,34,3
215,35,1
215,37,2
215,39,1
215,40,1
215,43,4
215,44,1
215,46,1
215,47,3
215,50,2
215,53,1
215,54,1
215,55,1
215,57,1
215,59,2
215,60,3
215,62,2
215,63,2
215,66,1
215,67,1
215,68,2
215,69,3
215,70,1
215,71,1
215,74,2
215,75,1
215,76,1
215,77,1
215,78,1
215,79,1
215,80,2
215,81,2
215,82,1
215,83,2
215,84,2
215,85,1
215,86,2
215,87,1
215,88,2
215,91,1
215,92,1
215,93,2
215,94,3
215,96,1
215,97,3
215,98,1
215,99,1
215,100,3
215,101,6
215,102,2
215,103,2
215,105,4
215,106,1
215,107,8
215,108,4
215,109,6
215,110,2
215,111,16
215,112,15
215,113,28
215,114,23
215,115,34
215,116,62
215,117,88
215,118,73
215,119,93
215,120,113
215,121,90
215,122,85
215,123,73
215,124,82
215,125,80
215,126,76
215,127,88
215,128,63
215,129,78
215,130,68
215,131,76
215,132,61
215,133,57
215,134,44
215,135,54
215,136,40
215,137,42
215,138,30
215,139,42
215,140,31
215,141,27
215,142,24
215,143,22
215,144,12
215,145,6
215,146,6
215,147,9
215,148,3
215,149,6
215,150,10
215,151,17
215,152,8
215,153,21
215,154,9
215,155,8
215,156,10
215,157,3
215,158,4
215,159,5
215,160,2
215,161,3
215,162,3
215,163,5
215,164,6
215,165,5
215,166,5
215,167,3
215,168,6
215,169,3
215,171,1
215,172,1
215,173,1
215,174,1
215,175,1
215,176,1
215,177,3
215,178,1
215,179,2
215,181,3
215,182,2
215,183,1
215,184,1
215,186,2
215,187,1
215,188,3
215,189,1
215,190,2
215,191,4
215,192,1
215,193,1
215,194,1
215,196,1
215,197,1
215,201,1
215,202,2
215,203,2
215,204,1
215,206,1
215,207,2
215,208,1
215,212,1
215,213,2
215,214,2
215,215,1
215,216,1
215,219,1
215,220,2
215,224,1
215,230,1
215,232,1
215,233,1
215,251,1
215,257,1
215,258,1
215,259,2
215,262,1
215,268,1
215,270,1
215,271,1
216,5,1
216,6,1
216,11,1
216,12,1
216,15,2
216,19,1
216,20,2
216,22,1
216,23,1
216,24,1
216,25,1
216,31,1
216,32,1
216,35,1
216,39,2
216,40,3
216,41,1
216,43,1
216,44,1
216,49,1
216,50,1
216,53,1
216,55,1
216,57,1
216,60,1
216,62,4
216,64,1
216,65,2
216,66,1
216,67,2
216,69,1
216,70,4
216,72,1
216,73,1
216,75,3
216,77,1
216,78,2
216,79,2
216,80,1
216,81,1
216,82,1
216,83,1
216,84,1
216,85,3
216,86,1
216,87,1
216,89,4
216,90,1
216,91,5
216,92,1
216,93,2
216,94,2
216,95,2
216,96,4
216,97,2
216,98,2
216,99,7
216,100,3
216,101,2
216,102,1
216,103,3
216,104,2
216,105,2
216,106,7
216,107,3
216,108,3
216,109,8
216,110,8
216,111,12
216,112,17
216,113,21
216,114,47
216,115,59
216,116,68
216,117,85
216,118,70
216,119,98
216,120,86
216,121,77
216,122,95
216,123,71
216,124,78
216,125,92
216,126,68
216,127,77
216,128,71
216,129,83
216,130,81
216,131,68
216,132,47
216,133,47
216,134,50
216,135,42
216,136,61
216,137,27
216,138,38
216,139,39
216,140,27
216,141,21
216,142,16
216,143,15
216,144,15
216,145,10
216,146,9
216,147,9
216,148,5
216,149,7
216,150,9
216,151,19
216,152,17
216,153,13
216,154,12
216,155,11
216,156,6
216,157,4
216,158,2
216,159,2
216,160,4
216,161,1
216,162,6
216,163,5
216,164,5
216,165,3
216,166,2
216,167,1
216,168,4
216,169,3
216,170,2
216,171,4
216,172,3
216,173,1
216,174,3
216,175,3
216,176,1
216,177,3
216,178,2
216,179,3
216,180,4
216,181,1
216,182,2
216,183,2
216,185,1
216,188,1
216,190,2
216,191,3
216,192,3
216,193,1
216,194,1
216,195,2
216,198,2
216,199,1
216,200,1
216,201,1
216,202,1
216,203,1
216,204,2
216,205,1
216,206,2
216,212,2
216,213,2
216,215,2
216,216,1
216,218,1
216,219,3
216,220,1
216,221,1
216,223,1
216,229,1
216,230,1
216,232,1
216,234,2
216,235,1
216,238,1
216,240,2
216,241,2
216,244,1
216,248,1
216,252,1
216,262,1
216,273,1
216,275,1
217,4,1
217,5,2
217,13,1
217,24,1
217,25,1
217,26,2
217,27,1
217,28,1
217,31,1
217,33,3
217,34,2
217,35,2
217,37,2
217,43,1
217,46,1
217,47,1
217,48,1
217,51,2
217,52,1
217,53,2
217,54,2
217,58,1
217,59,3
217,61,1
217,63,3
217,64,1
217,65,1
217,67,1
217,68,1
217,71,1
217,72,1
217,73,1
217,75,1
217,77,1
217,79,1
217,81,1
217,82,2
217,85,5
217,86,3
217,87,1
217,88,3
217,89,2
217,90,5
217,91,1
217,92,3
217,93,1
217,94,2
217,97,1
217,98,1
217,99,2
217,101,4
217,102,2
217,103,2
217,104,5
217,106,3
217,107,5
217,108,4
217,109,5
217,110,7
217,111,17
217,112,15
217,113,24
217,114,30
217,115,61
217,116,62
217,117,66
217,118,71
217,119,87
217,120,74
217,121,107
217,122,85
217,123,79
217,124,77
217,125,78
217,126,72
217,127,71
217,128,73
217,129,67
217,130,68
217,131,71
217,132,59
217,133,60
217,134,52
217,135,43
217,136,40
217,137,45
217,138,29
217,139,39
217,140,29
217,141,27
217,142,21
217,143,18
217,144,13
217,145,5
217,146,8
217,147,8
217,148,9
217,149,5
217,150,10
217,151,9
217,152,5
217,153,11
217,154,11
217,155,6
217,156,6
217,157,6
217,158,3
217,159,2
217,160,1
217,161,4
217,162,2
217,163,2
217,164,3
217,165,1
217,166,2
217,167,1
217,168,3
217,169,1
217,170,2
217,172,2
217,173,4
217,174,1
217,175,1
217,176,1
217,177,4
217,179,2
217,181,4
217,182,1
217,183,3
217,185,3
217,188,1
217,189,2
217,190,2
217,193,1
217,194,3
217,196,1
217,198,2
217,201,3
217,202,1
217,203,4
217,204,2
217,206,1
217,207,2
217,208,2
217,215,2
217,220,1
217,221,1
217,222,3
217,223,1
217,226,1
217,229,1
217,233,2
217,234,1
217,235,1
217,239,1
217,242,1
217,244,1
217,246,1
217,249,1
217,255,1
217,256,1
217,258,1
217,262,1
217,270,2
218,4,1
218,5,2
218,6,1
218,10,1
218,12,1
218,13,1
218,17,1
218,19,1
218,21,1
218,22,1
218,24,2
218,27,2
218,29,1
218,30,1
218,31,1
218,32,2
218,33,1
218,35,1
218,36,1
218,37,1
218,41,1
218,42,1
218,44,1
218,47,1
218,51,1
218,52,1
218,54,1
218,55,1
218,57,2
218,58,1
218,59,1
218,60,2
218,61,2
218,62,1
218,64,1
218,66,1
218,68,1
218,69,1
218,72,1
218,73,2
218,77,2
218,78,1
218,79,1
218,82,2
218,85,1
218,86,4
218,87,3
218,88,1
218,89,3
218,90,1
218,91,1
218,92,1
218,93,2
218,94,1
218,95,1
218,96,1
218,97,1
218,98,1
218,99,2
218,100,2
218,101,2
218,102,1
218,103,2
218,104,3
218,105,5
218,106,3
218,107,8
218,108,2
218,109,3
218,110,14
218,111,14
218,112,23
218,113,16
218,114,44
218,115,57
218,116,74
218,117,93
218,118,75
218,119,77
218,120,71
218,121,83
218,122,90
218,123,84
218,124,83
218,125,99
218,126,78
218,127,75
218,128,69
218,129,77
218,130,83
218,131,67
218,132,54
218,133,64
218,134,42
218,135,41
218,136,32
218,137,32
218,138,33
218,139,30
218,140,22
218,141,15
218,142,14
218,143,14
218,144,3
218,145,8
218,146,4
218,147,4
218,148,3
218,149,7
218,150,7
218,151,6
218,152,8
218,153,6
218,154,7
218,155,8
218,156,4
218,157,6
218,158,4
218,159,7
218,160,4
218,161,1
218,162,4
218,163,2
218,164,4
218,166,2
218,167,2
218,169,4
218,170,3
218,171,2
218,172,2
218,173,4
218,174,3
218,175,1
218,176,3
218,179,1
218,180,3
218,181,2
218,182,1
218,183,1
218,184,1
218,185,2
218,186,2
218,187,1
218,189,1
218,190,2
218,191,2
218,193,2
218,194,3
218,201,2
218,204,1
218,205,1
218,208,1
218,209,1
218,210,1
218,211,2
218,212,1
218,214,1
218,215,1
218,216,1
218,217,2
218,218,1
218,219,2
218,221,1
218,223,1
218,224,1
218,228,1
218,230,1
218,236,1
218,241,2
218,244,1
218,246,1
218,250,1
218,255,1
218,258,2
218,264,1
218,266,1
219,4,1
219,7,1
219,10,2
219,11,2
219,12,3
219,13,1
219,14,1
219,22,1
219,24,1
219,28,1
219,30,1
219,31,1
219,33,3
219,37,2
219,38,1
219,39,1
219,42,1
219,46,2
219,47,1
219,55,3
219,58,1
219,59,1
219,60,1
219,61,2
219,63,2
219,65,1
219,66,1
219,67,1
219,69,1
219,70,2
219,72,1
219,74,1
219,75,1
219,76,2
219,78,1
219,80,3
219,81,2
219,83,1
219,84,1
219,85,1
219,87,2
219,88,3
219,89,3
219,90,1
219,91,3
219,92,1
219,95,1
219,97,1
219,98,2
219,99,3
219,100,2
219,101,1
219,102,3
219,103,2
219,104,2
219,105,1
219,106,9
219,107,2
219,108,4
219,109,5
219,110,8
219,111,12
219,112,22
219,113,24
219,114,27
219,115,51
219,116,81
219,117,89
219,118,81
219,119,105
219,120,72
219,121,88
219,122,85
219,123,86
219,124,83
219,125,80
219,126,75
219,127,74
219,128,74
219,129,61
219,130,67
219,131,72
219,132,57
219,133,39
219,134,57
219,135,30
219,136,50
219,137,39
219,138,31
219,139,31
219,140,28
219,141,20
219,142,13
219,143,7
219,144,7
219,145,4
219,146,4
219,147,6
219,148,3
219,149,9
219,150,10
219,151,5
219,152,10
219,153,11
219,154,5
219,155,5
219,156,3
219,157,4
219,158,1
219,159,2
219,160,2
219,161,1
219,162,2
219,163,5
219,164,7
219,165,3
219,166,1
219,167,4
219,168,1
219,169,2
219,170,4
219,171,1
219,172,3
219,173,2
219,174,3
219,175,5
219,176,2
219,177,3
219,178,1
219,180,1
219,181,3
219,182,2
219,186,2
219,187,2
219,188,1
219,189,2
219,191,3
219,192,3
219,195,1
219,196,1
219,200,1
219,202,1
219,203,3
219,204,1
219,207,1
219,208,1
219,209,1
219,210,1
219,212,1
219,214,3
219,215,2
219,216,1
219,217,1
219,218,1
219,220,1
219,223,1
219,224,2
219,228,1
219,230,2
219,236,1
219,237,1
219,247,1
219,251,1
219,258,1
219,263,1
219,268,1
219,276,1
220,0,1
220,1,1
220,4,2
220,8,1
220,9,1
220,12,1
220,14,1
220,15,1
220,24,1
220,30,1
220,40,1
220,42,1
220,44,1
220,49,1
220,55,1
220,57,4
220,61,3
220,63,1
220,66,1
220,69,1
220,70,3
220,73,1
220,74,1
220,76,3
220,77,1
220,78,1
220,79,2
220,80,2
220,81,3
220,82,1
220,84,1
220,85,1
220,86,4
220,87,1
220,88,1
220,90,1
220,91,4
220,93,6
220,94,1
220,95,2
220,96,1
220,99,1
220,100,2
220,101,3
220,102,2
220,103,5
220,104,2
220,105,2
220,106,3
220,107,7
220,108,10
220,109,7
220,110,5
220,111,11
220,112,29
220,113,25
220,114,32
220,115,52
220,116,65
220,117,74
220,118,99
220,119,105
220,120,73
220,121,81
220,122,75
220,123,73
220,124,91
220,125,74
220,126,71
220,127,67
220,128,86
220,129,72
220,130,72
220,131,68
220,132,67
220,133,65
220,134,48
220,135,37
220,136,45
220,137,40
220,138,31
220,139,21
220,140,8
220,141,15
220,142,7
220,143,8
220,144,11
220,145,9
220,146,5
220,147,1
220,148,3
220,149,3
220,150,10
220,151,5
220,152,3
220,153,9
220,154,5
220,155,10
220,156,2
220,157,6
220,158,3
220,159,4
220,160,5
220,161,4
220,162,1
220,163,1
220,164,2
220,165,2
220,166,3
220,168,2
220,169,1
220,171,1
220,173,2
220,177,2
220,178,3
220,179,3
220,180,4
220,182,1
220,184,2
220,186,2
220,187,1
220,189,2
220,190,2
220,191,1
220,195,3
220,196,1
220,197,1
220,198,1
220,206,1
220,209,1
220,214,1
220,215,2
220,216,1
220,218,1
220,221,1
220,226,1
220,227,2
220,231,3
220,234,1
220,245,1
220,251,1
220,257,1
220,259,1
221,0,2
221,11,1
221,14,1
221,18,1
221,25,1
221,26,1
221,28,1
221,31,1
221,32,1
221,34,1
221,37,1
221,42,1
221,43,1
221,45,1
221,50,1
221,51,1
221,56,1
221,57,3
221,58,1
221,59,1
221,61,1
221,62,1
221,63,1
221,64,1
221,65,1
221,66,1
221,67,2
221,71,2
221,72,1
221,76,2
221,77,1
221,81,2
221,82,1
221,83,4
221,86,1
221,87,1
221,88,1
221,90,1
221,91,1
221,93,1
221,94,1
221,96,1
221,97,1
221,98,1
221,99,1
221,101,2
221,102,1
221,103,2
221,104,4
221,106,4
221,107,7
221,108,7
221,109,4
221,110,6
221,111,18
221,112,12
221,113,20
221,114,25
221,115,43
221,116,75
221,117,77
221,118,79
221,119,71
221,120,87
221,121,76
221,122,79
221,123,66
221,124,95
221,125,57
221,126,89
221,127,75
221,128,59
221,129,68
221,130,82
221,131,65
221,132,57
221,133,60
221,134,47
221,135,49
221,136,48
221,137,37
221,138,27
221,139,27
221,140,15
221,141,16
221,142,8
221,143,8
221,144,6
221,145,6
221,146,3
221,147,6
221,148,4
221,149,5
221,150,3
221,151,5
221,152,8
221,153,4
221,154,7
221,155,3
221,156,6
221,158,3
221,159,2
221,160,1
221,161,3
221,162,3
221,163,3
221,164,1
221,165,2
221,166,1
221,167,2
221,168,1
221,169,6
221,170,4
221,171,1
221,172,2
221,173,3
221,174,1
221,175,2
221,176,3
221,177,2
221,178,1
221,179,3
221,180,2
221,181,1
221,182,1
221,184,2
221,186,1
221,187,1
221,188,1
221,191,2
221,192,3
221,193,2
221,195,2
221,196,3
221,197,2
221,199,1
221,200,1
221,202,2
221,206,1
221,209,2
221,210,2
221,213,1
221,214,2
221,217,2
221,220,2
221,224,2
221,225,1
221,232,1
221,235,1
221,238,1
221,239,1
221,250,1
221,251,1
221,256,1
221,259,1
221,276,1
222,0,3
222,20,1
222,24,1
222,30,1
222,32,2
222,37,1
222,38,1
222,39,3
222,42,1
222,44,1
222,45,2
222,47,2
222,48,1
222,49,1
222,50,1
222,54,2
222,55,1
222,56,1
222,58,1
222,61,1
222,65,4
222,66,1
222,70,1
222,71,1
222,72,2
222,73,4
222,74,1
222,75,1
222,76,1
222,77,1
222,79,2
222,80,1
222,83,1
222,86,2
222,87,1
222,88,1
222,89,2
222,91,2
222,92,2
222,93,2
222,95,1
222,96,2
222,97,1
222,98,3
222,99,1
222,101,2
222,102,3
222,103,1
222,105,1
222,106,1
222,107,6
222,108,3
222,109,9
222,110,7
222,111,6
222,112,18
222,113,14
222,114,42
222,115,39
222,116,77
222,117,61
222,118,71
222,119,79
222,120,76
222,121,75
222,122,72
222,123,78
222,124,86
222,125,88
222,126,66
222,127,75
222,128,80
222,129,72
222,130,60
222,131,76
222,132,60
222,133,56
222,134,39
222,135,27
222,136,51
222,137,39
222,138,28
222,139,20
222,140,11
222,141,11
222,142,7
222,143,7
222,144,2
222,145,4
222,146,1
222,147,5
222,148,1
222,149,2
222,150,1
222,151,5
222,152,3
222,153,4
222,154,7
222,155,5
222,156,3
222,157,7
222,158,3
222,159,4
222,160,2
222,162,2
222,163,1
222,164,5
222,165,1
222,166,1
222,168,2
222,170,2
222,172,2
222,173,3
222,174,1
222,175,1
222,176,2
222,177,2
222,178,1
222,179,1
222,180,3
222,181,5
222,182,2
222,183,2
222,184,1
222,187,1
222,188,1
222,189,2
222,190,1
222,192,2
222,193,3
222,194,1
222,195,2
222,196,1
222,198,2
222,204,2
222,207,1
222,208,1
222,210,1
222,215,2
222,223,1
222,225,2
222,226,1
222,234,1
222,243,1
222,248,1
222,255,1
222,258,1
222,261,1
222,268,1
222,271,2
223,20,1
223,22,1
223,24,1
223,28,1
223,33,1
223,40,1
223,43,1
223,44,1
223,53,1
223,60,1
223,62,3
223,63,1
223,64,1
223,65,1
223,66,1
223,68,3
223,71,1
223,72,3
223,73,2
223,75,2
223,76,1
223,77,2
223,78,2
223,79,2
223,80,2
223,81,1
223,82,1
223,85,1
223,86,2
223,87,4
223,88,1
223,90,1
223,91,1
223,92,1
223,93,1
223,96,1
223,97,1
223,98,2
223,100,3
223,101,3
223,102,1
223,103,2
223,104,3
223,105,2
223,106,1
223,107,8
223,108,5
223,109,9
223,110,6
223,111,9
223,112,18
223,113,25
223,114,35
223,115,53
223,116,67
223,117,69
223,118,81
223,119,80
223,120,75
223,121,69
223,122,76
223,123,65
223,124,71
223,125,61
223,126,76
223,127,56
223,128,65
223,129,69
223,130,68
223,131,68
223,132,67
223,133,75
223,134,57
223,135,32
223,136,41
223,137,26
223,138,26
223,139,22
223,140,19
223,141,14
223,142,10
223,143,5
223,144,6
223,145,7
223,146,4
223,147,4
223,148,2
223,149,2
223,150,4
223,151,4
223,152,6
223,153,4
223,154,2
223,155,3
223,156,3
223,157,1
223,158,2
223,159,3
223,160,4
223,161,5
223,162,1
223,163,1
223,164,3
223,165,2
223,167,1
223,168,3
223,169,3
223,170,1
223,171,2
223,172,1
223,173,1
223,174,1
223,175,2
223,177,2
223,178,1
223,179,5
223,180,2
223,181,1
223,182,3
223,183,4
223,186,2
223,187,1
223,188,1
223,189,1
223,192,3
223,193,1
223,194,2
223,195,1
223,196,1
223,197,1
223,198,4
223,199,3
223,200,1
223,201,2
223,202,2
223,203,3
223,205,1
223,209,2
223,211,2
223,212,2
223,214,2
223,217,2
223,224,1
223,226,2
223,230,2
223,232,2
223,233,2
223,235,2
223,243,1
223,253,1
223,257,1
223,260,1
223,271,1
224,1,1
224,4,1
224,5,1
224,10,1
224,13,1
224,15,1
224,26,1
224,27,1
224,34,1
224,36,1
224,39,1
224,40,1
224,43,1
224,47,1
224,48,1
224,50,1
224,51,1
224,55,1
224,57,1
224,58,1
224,60,1
224,61,1
224,62,1
224,64,2
224,66,1
224,69,1
224,72,1
224,73,1
224,74,1
224,75,1
224,79,1
224,82,1
224,84,2
224,85,2
224,86,2
224,87,1
224,88,2
224,90,3
224,91,1
224,92,1
224,93,5
224,94,3
224,95,2
224,96,1
224,97,2
224,98,1
224,99,2
224,100,2
224,101,2
224,102,1
224,103,1
224,105,1
224,106,2
224,107,2
224,108,1
224,109,7
224,110,9
224,111,6
224,112,15
224,113,23
224,114,35
224,115,42
224,116,58
224,117,74
224,118,80
224,119,98
224,120,74
224,121,71
224,122,80
224,123,77
224,124,92
224,125,71
224,126,70
224,127,67
224,128,66
224,129,52
224,130,61
224,131,68
224,132,66
224,133,49
224,134,48
224,135,41
224,136,36
224,137,39
224,138,25
224,139,18
224,140,20
224,141,9
224,142,11
224,143,5
224,144,5
224,145,5
224,146,1
224,147,3
224,148,2
224,150,3
224,151,4
224,152,5
224,153,5
224,154,3
224,155,1
224,156,1
224,157,5
224,158,1
224,160,4
224,161,2
224,162,5
224,163,1
224,164,4
224,165,1
224,166,3
224,167,8
224,168,4
224,169,2
224,171,1
224,173,1
224,174,2
224,176,2
224,177,1
224,178,4
224,179,1
224,180,2
224,184,1
224,186,1
224,187,2
224,188,3
224,189,1
224,190,2
224,191,2
224,192,2
224,193,1
224,194,1
224,196,2
224,198,1
224,200,2
224,202,1
224,204,1
224,213,1
224,219,3
224,223,2
224,230,1
224,236,1
224,241,1
224,243,1
224,250,1
224,251,1
224,267,1
225,6,1
225,12,3
225,13,1
225,15,1
225,22,1
225,25,1
225,27,1
225,34,1
225,42,2
225,51,1
225,58,1
225,59,1
225,62,2
225,64,2
225,65,1
225,70,1
225,73,1
225,74,1
225,77,1
225,78,1
225,79,1
225,80,1
225,82,1
225,83,1
225,84,2
225,85,3
225,86,1
225,87,1
225,88,1
225,89,3
225,90,1
225,91,2
225,92,2
225,94,2
225,96,1
225,98,1
225,99,1
225,100,3
225,101,1
225,102,2
225,103,6
225,104,5
225,105,4
225,106,4
225,107,7
225,108,1
225,109,7
225,110,6
225,111,14
225,112,14
225,113,20
225,114,35
225,115,50
225,116,61
225,117,71
225,118,74
225,119,81
225,120,73
225,121,90
225,122,80
225,123,75
225,124,75
225,125,87
225,126,56
225,127,72
225,128,67
225,129,55
225,130,55
225,131,64
225,132,44
225,133,62
225,134,63
225,135,48
225,136,39
225,137,31
225,138,31
225,139,18
225,140,18
225,141,11
225,142,5
225,143,8
225,144,6
225,145,1
225,146,2
225,147,4
225,148,2
225,149,4
225,150,4
225,151,1
225,152,1
225,153,5
225,154,3
225,155,2
225,157,6
225,161,4
225,162,2
225,163,2
225,165,1
225,168,4
225,169,1
225,171,3
225,172,1
225,174,1
225,175,1
225,176,2
225,177,1
225,178,1
225,179,3
225,180,2
225,182,3
225,183,1
225,189,1
225,193,1
225,198,1
225,199,1
225,201,1
225,202,1
225,204,1
225,207,3
225,209,1
225,211,1
225,213,1
225,217,1
225,222,1
225,223,1
225,224,1
225,228,2
225,240,1
225,241,1
225,242,1
225,245,1
225,246,1
225,253,1
225,261,1
226,7,1
226,12,1
226,15,1
226,16,2
226,18,1
226,20,1
226,22,1
226,24,1
226,25,1
226,27,1
226,28,1
226,54,1
226,58,1
226,59,1
226,60,3
226,62,1
226,67,1
226,68,1
226,69,2
226,71,1
226,73,1
226,74,1
226,75,1
226,76,1
226,77,2
226,78,5
226,80,1
226,83,1
226,85,1
226,86,1
226,87,1
226,88,1
226,89,2
226,91,4
226,93,1
226,94,1
226,96,1
226,97,1
226,98,1
226,99,1
226,100,1
226,101,2
226,102,3
226,103,5
226,104,3
226,105,4
226,106,3
226,107,3
226,108,5
226,110,9
226,111,6
226,112,19
226,113,20
226,114,44
226,115,49
226,116,68
226,117,62
226,118,81
226,119,77
226,120,89
226,121,80
226,122,74
226,123,83
226,124,71
226,125,84
226,126,61
226,127,70
226,128,57
226,129,63
226,130,55
226,131,65
226,132,62
226,133,41
226,134,60
226,135,41
226,136,36
226,137,38
226,138,22
226,139,16
226,140,14
226,141,12
226,142,5
226,143,6
226,144,5
226,145,4
226,146,2
226,147,3
226,148,1
226,149,3
226,150,5
226,151,4
226,152,4
226,153,2
226,154,1
226,155,2
226,156,3
226,157,3
226,158,2
226,159,1
226,160,1
226,162,3
226,163,1
226,164,3
226,165,1
226,166,3
226,167,1
226,168,2
226,169,1
226,170,1
226,171,1
226,172,1
226,173,2
226,174,3
226,175,4
226,176,3
226,179,2
226,180,3
226,182,1
226,183,2
226,185,2
226,186,2
226,187,1
226,188,1
226,189,1
226,191,1
226,192,1
226,193,1
226,194,2
226,195,2
226,198,1
226,201,1
226,203,2
226,205,2
226,206,1
226,209,2
226,213,1
226,216,1
226,219,1
226,220,1
226,221,2
226,222,1
226,226,1
226,228,1
226,231,1
226,232,1
226,238,2
226,239,1
226,249,1
226,257,1
227,4,1
227,15,1
227,18,1
227,24,1
227,25,1
227,34,1
227,42,1
227,55,1
227,60,1
227,61,2
227,66,1
227,67,1
227,71,1
227,72,1
227,73,1
227,74,2
227,75,4
227,77,2
227,79,2
227,81,1
227,82,1
227,84,4
227,86,1
227,88,1
227,89,2
227,91,3
227,92,3
227,93,1
227,94,2
227,96,2
227,99,4
227,100,2
227,102,1
227,103,3
227,104,1
227,105,4
227,106,3
227,107,2
227,108,2
227,109,6
227,110,6
227,111,11
227,112,14
227,113,26
227,114,37
227,115,26
227,116,61
227,117,65
227,118,98
227,119,89
227,120,78
227,121,91
227,122,93
227,123,88
227,124,83
227,125,60
227,126,65
227,127,77
227,128,53
227,129,57
227,130,70
227,131,65
227,132,50
227,133,40
227,134,45
227,135,48
227,136,30
227,137,39
227,138,24
227,139,25
227,140,8
227,141,8
227,142,4
227,143,3
227,144,2
227,145,2
227,146,4
227,147,8
227,148,1
227,149,2
227,150,1
227,151,5
227,152,1
227,153,2
227,154,3
227,155,4
227,159,4
227,160,5
227,161,3
227,163,1
227,164,1
227,165,2
227,166,3
227,170,2
227,171,1
227,172,5
227,173,1
227,174,2
227,176,1
227,177,1
227,179,1
227,180,2
227,182,2
227,184,2
227,185,1
227,186,1
227,187,2
227,188,1
227,190,1
227,191,1
227,192,2
227,193,1
227,194,2
227,196,1
227,197,1
227,198,2
227,199,1
227,200,1
227,201,2
227,205,2
227,210,1
227,211,1
227,214,3
227,216,2
227,218,2
227,222,1
227,224,1
227,227,1
227,231,2
227,235,1
227,242,1
227,246,1
227,267,1
227,268,1
227,271,1
228,5,1
228,15,1
228,18,1
228,22,1
228,24,1
228,29,1
228,40,1
228,41,1
228,43,1
228,48,1
228,53,2
228,54,2
228,55,2
228,56,1
228,57,1
228,59,1
228,62,4
228,63,1
228,64,1
228,65,1
228,68,1
228,73,1
228,75,1
228,79,2
228,81,1
228,85,1
228,86,1
228,87,5
228,88,2
228,89,1
228,90,1
228,92,1
228,93,1
228,94,1
228,97,1
228,98,1
228,99,2
228,100,2
228,101,1
228,102,1
228,103,4
228,104,1
228,105,3
228,106,1
228,107,2
228,108,3
228,109,4
228,110,6
228,111,12
228,112,14
228,113,23
228,114,29
228,115,38
228,116,59
228,117,65
228,118,88
228,119,81
228,120,93
228,121,89
228,122,73
228,123,91
228,124,74
228,125,74
228,126,60
228,127,76
228,128,74
228,129,80
228,130,66
228,131,72
228,132,59
228,133,48
228,134,41
228,135,30
228,136,44
228,137,28
228,138,26
228,139,13
228,140,7
228,141,11
228,142,8
228,143,9
228,144,4
228,145,3
228,146,2
228,147,3
228,148,3
228,149,1
228,150,1
228,151,2
228,152,5
228,153,2
228,154,2
228,155,5
228,156,1
228,157,2
228,158,1
228,159,1
228,160,3
228,163,1
228,164,2
228,166,2
228,167,1
228,168,1
228,169,1
228,170,1
228,171,2
228,173,2
228,174,4
228,175,2
228,176,4
228,178,2
228,180,1
228,181,2
228,182,2
228,183,4
228,184,3
228,185,1
228,187,1
228,188,1
228,190,2
228,191,1
228,198,3
228,202,1
228,203,1
228,204,1
228,207,3
228,208,1
228,209,1
228,211,1
228,212,2
228,218,1
228,219,2
228,223,1
228,225,1
228,226,1
228,227,2
228,231,1
228,232,1
228,233,1
228,238,1
228,242,1
228,246,1
228,254,1
228,272,1
229,4,1
229,36,1
229,37,1
229,39,1
229,42,2
229,55,1
229,59,1
229,61,1
229,62,1
229,63,3
229,66,1
229,69,2
229,71,1
229,72,2
229,73,3
229,74,1
229,75,1
229,79,1
229,81,1
229,82,4
229,83,2
229,85,1
229,86,1
229,90,2
229,91,1
229,93,2
229,94,2
229,96,1
229,97,1
229,98,1
229,99,1
229,100,2
229,101,4
229,102,2
229,103,3
229,104,5
229,105,4
229,106,4
229,108,2
229,109,8
229,110,6
229,111,7
229,112,13
229,113,23
229,114,38
229,115,52
229,116,61
229,117,68
229,118,78
229,119,90
229,120,92
229,121,99
229,122,76
229,123,69
229,124,68
229,125,72
229,126,66
229,127,64
229,128,84
229,129,78
229,130,84
229,131,69
229,132,59
229,133,57
229,134,55
229,135,52
229,136,42
229,137,36
229,138,21
229,139,17
229,140,15
229,141,8
229,142,7
229,143,10
229,144,6
229,145,4
229,146,5
229,147,1
229,148,4
229,149,3
229,150,1
229,151,1
229,152,1
229,153,2
229,154,4
229,155,3
229,156,2
229,157,4
229,158,3
229,159,2
229,160,3
229,161,1
229,162,2
229,163,1
229,164,7
229,165,2
229,166,2
229,168,1
229,169,1
229,171,3
229,172,1
229,174,1
229,175,4
229,177,3
229,178,1
229,179,2
229,180,3
229,181,2
229,182,1
229,183,1
229,184,1
229,185,2
229,187,1
229,188,2
229,189,2
229,190,2
229,192,2
229,194,1
229,195,2
229,198,2
229,199,1
229,200,1
229,203,2
229,205,3
229,206,2
229,207,1
229,208,1
229,210,2
229,213,1
229,214,1
229,216,1
229,217,1
229,222,1
229,223,1
229,227,2
229,229,1
229,230,1
229,234,1
229,241,1
229,242,1
229,255,1
229,257,1
230,5,1
230,26,1
230,29,1
230,43,1
230,49,1
230,51,1
230,59,1
230,65,1
230,66,2
230,68,2
230,70,1
230,71,1
230,72,1
230,73,2
230,74,1
230,75,1
230,78,1
230,79,1
230,82,2
230,86,1
230,87,1
230,88,1
230,90,2
230,91,4
230,93,4
230,94,1
230,96,2
230,98,1
230,99,4
230,100,3
230,101,1
230,103,3
230,104,1
230,105,3
230,106,8
230,107,1
230,108,3
230,109,5
230,110,7
230,111,8
230,112,19
230,113,22
230,114,19
230,115,51
230,116,61
230,117,66
230,118,66
230,119,74
230,120,59
230,121,91
230,122,89
230,123,61
230,124,79
230,125,67
230,126,68
230,127,74
230,128,66
230,129,56
230,130,73
230,131,60
230,132,43
230,133,50
230,134,51
230,135,47
230,136,37
230,137,47
230,138,19
230,139,27
230,140,14
230,141,10
230,142,5
230,143,5
230,144,4
230,145,6
230,146,4
230,147,5
230,148,2
230,149,2
230,150,4
230,151,3
230,152,4
230,153,4
230,156,2
230,157,4
230,158,2
230,159,3
230,160,3
230,161,1
230,162,1
230,163,3
230,164,3
230,165,2
230,166,1
230,167,2
230,168,1
230,169,1
230,170,1
230,171,3
230,172,2
230,173,1
230,175,2
230,176,2
230,177,1
230,180,4
230,181,2
230,183,1
230,184,3
230,185,1
230,187,4
230,188,2
230,189,2
230,190,1
230,191,1
230,192,2
230,193,2
230,194,1
230,195,1
230,196,1
230,199,2
230,200,1
230,202,1
230,204,2
230,210,1
230,211,2
230,219,1
230,220,1
230,222,1
230,225,1
230,227,1
230,229,1
230,234,1
230,236,1
230,239,1
230,257,1
230,262,1
231,7,1
231,17,1
231,19,1
231,24,1
231,28,1
231,29,1
231,31,1
231,32,1
231,38,1
231,40,1
231,42,1
231,43,1
231,44,2
231,45,1
231,55,1
231,58,1
231,59,1
231,62,1
231,65,1
231,68,1
231,70,1
231,72,3
231,74,1
231,76,1
231,77,2
231,82,1
231,83,1
231,84,1
231,85,1
231,86,1
231,89,1
231,90,1
231,91,1
231,95,1
231,96,4
231,97,1
231,98,3
231,99,2
231,102,4
231,103,1
231,104,1
231,105,5
231,107,2
231,108,2
231,109,5
231,110,15
231,111,10
231,112,9
231,113,23
231,114,32
231,115,42
231,116,61
231,117,76
231,118,92
231,119,73
231,120,80
231,121,92
231,122,80
231,123,67
231,124,79
231,125,64
231,126,46
231,127,53
231,128,64
231,129,70
231,130,49
231,131,63
231,132,64
231,133,48
231,134,45
231,135,38
231,136,52
231,137,41
231,138,24
231,139,14
231,140,15
231,141,9
231,142,4
231,143,4
231,144,6
231,145,4
231,146,2
231,147,3
231,148,3
231,149,1
231,150,4
231,151,2
231,152,1
231,153,3
231,154,1
231,155,1
231,156,2
231,157,2
231,159,2
231,160,2
231,161,3
231,162,3
231,164,1
231,165,2
231,166,1
231,168,2
231,169,1
231,170,1
231,172,1
231,173,4
231,174,3
231,175,1
231,176,2
231,178,2
231,179,1
231,180,2
231,182,3
231,183,2
231,184,3
231,185,1
231,186,2
231,187,1
231,188,3
231,189,1
231,190,2
231,192,1
231,195,1
231,196,4
231,198,1
231,199,1
231,200,1
231,201,1
231,202,2
231,203,1
231,204,1
231,207,1
231,208,1
231,210,1
231,211,1
231,215,1
231,217,1
231,218,1
231,219,1
231,220,1
231,226,1
231,233,1
231,238,1
231,240,1
231,250,1
231,271,1
232,8,1
232,14,2
232,17,2
232,20,1
232,25,1
232,27,1
232,29,1
232,30,1
232,31,1
232,35,1
232,41,1
232,46,1
232,48,1
232,51,1
232,57,1
232,58,1
232,62,1
232,63,1
232,64,2
232,67,1
232,68,1
232,70,1
232,72,1
232,78,3
232,79,2
232,80,2
232,81,2
232,84,1
232,85,3
232,86,1
232,87,2
232,88,1
232,89,2
232,90,2
232,91,1
232,92,1
232,94,2
232,95,2
232,97,4
232,98,2
232,99,1
232,100,2
232,101,2
232,102,4
232,103,2
232,104,5
232,105,5
232,106,6
232,107,4
232,108,3
232,109,7
232,110,4
232,111,12
232,112,19
232,113,28
232,114,27
232,115,54
232,116,55
232,117,64
232,118,72
232,119,101
232,120,87
232,121,67
232,122,72
232,123,73
232,124,63
232,125,64
232,126,59
232,127,67
232,128,76
232,129,60
232,130,72
232,131,57
232,132,62
232,133,54
232,134,52
232,135,40
232,136,37
232,137,35
232,138,32
232,139,13
232,140,11
232,141,8
232,142,7
232,143,6
232,144,4
232,145,6
232,146,3
232,147,2
232,148,3
232,149,3
232,150,3
232,151,1
232,152,3
232,153,3
232,154,2
232,155,2
232,156,1
232,157,5
232,158,2
232,159,3
232,160,3
232,161,1
232,162,1
232,163,3
232,164,1
232,165,2
232,167,4
232,168,1
232,169,2
232,170,2
232,174,2
232,175,1
232,176,1
232,177,6
232,178,2
232,179,3
232,180,1
232,183,2
232,184,2
232,185,2
232,186,1
232,188,1
232,189,2
232,190,1
232,191,4
232,192,2
232,193,3
232,201,1
232,202,1
232,203,2
232,206,1
232,208,2
232,210,1
232,212,1
232,214,2
232,215,1
232,216,1
232,217,1
232,218,1
232,230,1
232,231,1
232,235,1
232,238,1
232,239,1
232,244,1
232,245,1
232,246,1
232,257,1
232,259,1
232,260,1
232,263,1
232,268,1
232,271,1
233,3,1
233,9,1
233,10,1
233,14,1
233,19,1
233,22,1
233,28,1
233,29,1
233,32,1
233,35,1
233,40,1
233,42,1
233,46,3
233,53,2
233,55,1
233,59,1
233,61,2
233,64,1
233,65,1
233,66,1
233,67,1
233,69,1
233,75,1
233,77,1
233,78,1
233,79,1
233,81,1
233,82,2
233,85,2
233,86,2
233,87,1
233,89,1
233,90,1
233,91,1
233,92,1
233,93,2
233,95,2
233,96,1
233,98,2
233,100,2
233,101,1
233,102,1
233,103,1
233,104,1
233,105,3
233,106,2
233,107,8
233,108,4
233,109,4
233,110,5
233,111,7
233,112,11
233,113,22
233,114,33
233,115,45
233,116,65
233,117,57
233,118,85
233,119,74
233,120,92
233,121,60
233,122,71
233,123,85
233,124,59
233,125,77
233,126,64
233,127,60
233,128,46
233,129,55
233,130,78
233,131,50
233,132,64
233,133,57
233,134,50
233,135,35
233,136,42
233,137,45
233,138,26
233,139,16
233,140,12
233,141,6
233,142,12
233,143,2
233,144,8
233,145,3
233,146,5
233,147,4
233,148,5
233,149,3
233,150,2
233,152,1
233,153,2
233,155,1
233,156,1
233,157,1
233,158,1
233,159,3
233,160,2
233,161,4
233,162,1
233,163,1
233,165,1
233,166,2
233,167,1
233,168,2
233,169,3
233,170,1
233,171,2
233,172,3
233,173,1
233,174,1
233,176,2
233,177,1
233,178,2
233,179,1
233,180,3
233,181,1
233,182,3
233,184,2
233,187,2
233,188,1
233,189,2
233,190,1
233,191,1
233,192,2
233,194,2
233,195,1
233,197,1
233,198,1
233,199,2
233,200,1
233,201,1
233,202,1
233,204,1
233,206,3
233,207,1
233,211,1
233,214,1
233,220,2
233,221,1
233,225,1
233,226,1
233,228,3
233,234,1
233,242,1
233,248,1
233,271,1
233,273,1
234,0,1
234,8,2
234,21,1
234,26,1
234,27,1
234,30,1
234,34,1
234,40,1
234,48,1
234,49,1
234,51,1
234,52,1
234,53,1
234,55,1
234,56,1
234,61,1
234,64,1
234,65,1
234,68,1
234,69,2
234,70,1
234,71,1
234,75,1
234,80,3
234,81,2
234,87,1
234,88,1
234,89,1
234,93,3
234,96,1
234,97,2
234,99,1
234,100,1
234,101,1
234,102,2
234,103,3
234,104,1
234,105,4
234,106,2
234,107,3
234,108,2
234,109,6
234,110,6
234,111,10
234,112,18
234,113,27
234,114,29
234,115,46
234,116,55
234,117,74
234,118,81
234,119,77
234,120,85
234,121,84
234,122,83
234,123,58
234,124,78
234,125,72
234,126,76
234,127,61
234,128,62
234,129,73
234,130,54
234,131,62
234,132,61
234,133,59
234,134,52
234,135,47
234,136,55
234,137,28
234,138,23
234,139,21
234,140,9
234,141,10
234,142,12
234,143,3
234,144,4
234,145,6
234,146,3
234,147,2
234,148,3
234,149,3
234,150,4
234,152,2
234,153,5
234,154,3
234,155,2
234,157,2
234,159,2
234,160,1
234,161,1
234,162,1
234,163,2
234,164,4
234,165,2
234,166,1
234,167,2
234,168,1
234,169,2
234,170,1
234,172,1
234,173,2
234,174,1
234,175,1
234,176,2
234,177,1
234,178,3
234,180,3
234,183,1
234,184,2
234,185,2
234,186,2
234,187,1
234,190,2
234,191,1
234,192,2
234,195,1
234,196,2
234,198,2
234,199,1
234,200,2
234,201,1
234,204,1
234,210,1
234,212,1
234,214,1
234,216,1
234,219,1
234,222,1
234,223,1
234,236,1
234,237,1
234,242,1
234,264,1
235,7,1
235,10,1
235,14,1
235,24,1
235,31,1
235,33,1
235,37,1
235,40,1
235,42,1
235,45,2
235,48,1
235,49,1
235,53,1
235,54,1
235,60,1
235,61,1
235,64,2
235,65,3
235,67,1
235,70,2
235,73,1
235,75,1
235,78,1
235,79,2
235,80,1
235,82,1
235,84,2
235,85,1
235,86,1
235,87,2
235,90,1
235,92,2
235,94,1
235,95,1
235,98,1
235,99,2
235,100,1
235,101,4
235,102,3
235,103,2
235,104,1
235,106,1
235,107,6
235,108,5
235,109,7
235,110,9
235,111,8
235,112,12
235,113,22
235,114,22
235,115,48
235,116,59
235,117,62
235,118,76
235,119,80
235,120,85
235,121,69
235,122,65
235,123,70
235,124,79
235,125,62
235,126,80
235,127,64
235,128,58
235,129,63
235,130,68
235,131,54
235,132,46
235,133,56
235,134,36
235,135,41
235,136,37
235,137,31
235,138,19
235,139,15
235,140,16
235,141,11
235,142,7
235,143,6
235,144,4
235,145,2
235,146,3
235,147,2
235,148,3
235,149,2
235,150,2
235,151,4
235,152,2
235,153,1
235,154,4
235,156,4
235,157,2
235,158,3
235,159,2
235,160,1
235,161,2
235,162,6
235,164,2
235,165,2
235,166,1
235,167,2
235,168,2
235,169,1
235,170,2
235,174,1
235,177,1
235,179,2
235,180,1
235,182,2
235,183,1
235,184,2
235,186,1
235,187,1
235,188,1
235,189,2
235,190,1
235,191,2
235,193,1
235,196,1
235,197,2
235,199,1
235,200,1
235,201,2
235,202,2
235,203,1
235,204,1
235,205,1
235,208,2
235,214,1
235,218,1
235,219,1
235,224,1
235,229,1
235,231,1
235,238,1
235,247,1
235,265,1
235,275,1
236,1,1
236,21,1
236,23,1
236,34,1
236,47,1
236,50,1
236,51,1
236,56,1
236,60,1
236,63,2
236,65,2
236,66,1
236,67,1
236,72,1
236,74,1
236,75,1
236,76,1
236,77,1
236,78,2
236,79,2
236,81,1
236,82,1
236,83,2
236,86,1
236,87,1
236,88,2
236,90,2
236,91,2
236,93,1
236,94,2
236,95,1
236,96,2
236,97,1
236,98,2
236,99,2
236,100,4
236,101,2
236,104,3
236,105,2
236,106,2
236,107,3
236,108,4
236,109,1
236,110,7
236,111,8
236,112,9
236,113,22
236,114,24
236,115,43
236,116,56
236,117,83
236,118,66
236,119,79
236,120,85
236,121,72
236,122,90
236,123,72
236,124,66
236,125,68
236,126,70
236,127,62
236,128,52
236,129,65
236,130,57
236,131,56
236,132,59
236,133,52
236,134,41
236,135,42
236,136,30
236,137,26
236,138,35
236,139,28
236,140,16
236,141,8
236,142,7
236,143,5
236,144,2
236,145,5
236,146,2
236,147,5
236,148,3
236,149,4
236,150,4
236,151,1
236,152,1
236,153,2
236,154,4
236,155,2
236,156,3
236,157,1
236,159,1
236,160,3
236,161,1
236,162,1
236,163,3
236,165,1
236,166,2
236,167,4
236,168,2
236,169,1
236,170,1
236,171,1
236,172,1
236,173,1
236,174,4
236,177,1
236,178,4
236,179,2
236,182,4
236,183,1
236,186,2
236,187,2
236,190,2
236,191,1
236,193,2
236,195,1
236,196,1
236,197,1
236,198,2
236,199,2
236,201,1
236,202,1
236,204,2
236,206,1
236,208,1
236,211,1
236,212,1
236,213,1
236,214,1
236,218,1
236,220,3
236,226,1
236,227,1
236,228,1
236,242,1
236,245,1
236,252,1
236,263,1
236,268,1
236,271,1
237,2,1
237,4,1
237,9,1
237,12,1
237,16,1
237,17,1
237,20,2
237,23,1
237,24,1
237,26,1
237,29,1
237,30,1
237,40,1
237,45,1
237,50,1
237,52,1
237,54,1
237,56,1
237,62,1
237,63,1
237,64,1
237,66,1
237,68,1
237,70,1
237,72,1
237,73,2
237,76,3
237,78,1
237,79,1
237,80,1
237,82,1
237,83,1
237,84,1
237,85,3
237,86,2
237,87,1
237,92,1
237,93,1
237,95,1
237,98,1
237,99,3
237,100,2
237,101,1
237,102,5
237,103,2
237,105,3
237,106,7
237,107,3
237,108,3
237,109,4
237,110,8
237,111,7
237,112,14
237,113,17
237,114,24
237,115,43
237,116,62
237,117,56
237,118,74
237,119,77
237,120,96
237,121,71
237,122,69
237,123,63
237,124,67
237,125,64
237,126,67
237,127,59
237,128,66
237,129,58
237,130,56
237,131,52
237,132,56
237,133,62
237,134,50
237,135,36
237,136,31
237,137,44
237,138,15
237,139,11
237,140,14
237,141,10
237,142,8
237,143,5
237,144,5
237,145,4
237,146,3
237,147,2
237,149,3
237,150,1
237,151,3
237,152,3
237,153,3
237,154,2
237,155,1
237,156,4
237,157,1
237,158,1
237,159,1
237,162,1
237,163,2
237,164,5
237,166,2
237,167,1
237,168,1
237,169,3
237,170,2
237,171,1
237,172,1
237,173,2
237,174,4
237,175,3
237,177,3
237,178,1
237,180,1
237,182,2
237,183,1
237,184,1
237,187,4
237,189,2
237,190,1
237,193,1
237,194,1
237,195,2
237,199,1
237,201,4
237,202,1
237,203,1
237,205,2
237,207,1
237,208,1
237,210,2
237,211,2
237,217,1
237,225,1
237,227,1
237,249,1
237,250,1
237,268,1
237,270,1
238,4,1
238,7,1
238,10,1
238,23,2
238,34,1
238,37,1
238,40,1
238,42,1
238,50,1
238,61,1
238,63,2
238,67,1
238,69,2
238,73,1
238,77,1
238,78,1
238,79,1
238,80,1
238,81,2
238,84,2
238,86,1
238,89,1
238,91,1
238,92,2
238,93,3
238,94,2
238,95,2
238,96,4
238,97,4
238,98,2
238,100,2
238,103,2
238,104,2
238,105,3
238,107,3
238,108,2
238,109,5
238,110,13
238,111,12
238,112,9
238,113,14
238,114,38
238,115,51
238,116,54
238,117,67
238,118,63
238,119,86
238,120,86
238,121,67
238,122,68
238,123,68
238,124,72
238,125,69
238,126,64
238,127,63
238,128,70
238,129,62
238,130,59
238,131,58
238,132,45
238,133,40
238,134,41
238,135,59
238,136,36
238,137,37
238,138,23
238,139,12
238,140,14
238,141,11
238,142,7
238,143,8
238,144,2
238,145,8
238,146,3
238,147,3
238,148,5
238,149,2
238,150,2
238,151,2
238,152,1
238,153,1
238,154,1
238,155,1
238,156,3
238,157,2
238,158,5
238,159,1
238,160,3
238,161,3
238,163,3
238,164,2
238,165,1
238,166,3
238,167,3
238,168,2
238,170,1
238,171,4
238,173,2
238,174,2
238,175,3
238,176,2
238,177,2
238,178,1
238,180,2
238,181,1
238,182,1
238,184,1
238,188,1
238,189,3
238,190,1
238,192,2
238,193,1
238,194,1
238,195,2
238,196,2
238,198,1
238,199,1
238,201,1
238,202,1
238,203,1
238,205,2
238,206,1
238,208,1
238,210,1
238,211,2
238,213,1
238,218,1
238,222,1
238,223,1
238,225,1
238,228,1
238,231,1
238,236,1
238,247,2
238,253,1
238,254,1
238,256,1
238,264,1
238,276,1
239,8,1
239,9,1
239,21,1
239,22,1
239,27,1
239,29,1
239,30,1
239,33,1
239,43,1
239,46,1
239,49,1
239,55,1
239,57,1
239,62,1
239,63,1
239,65,1
239,69,1
239,72,1
239,74,1
239,76,2
239,77,1
239,79,1
239,80,2
239,85,2
239,86,2
239,87,2
239,88,2
239,89,1
239,90,1
239,91,1
239,92,1
239,93,1
239,94,2
239,95,1
239,97,4
239,98,1
239,100,1
239,101,2
239,103,2
239,104,2
239,105,1
239,106,1
239,107,7
239,108,3
239,109,3
239,110,3
239,111,13
239,112,10
239,113,13
239,114,37
239,115,43
239,116,56
239,117,64
239,118,60
239,119,64
239,120,92
239,121,79
239,122,76
239,123,66
239,124,63
239,125,63
239,126,76
239,127,78
239,128,63
239,129,71
239,130,65
239,131,67
239,132,50
239,133,58
239,134,71
239,135,42
239,136,36
239,137,36
239,138,18
239,139,19
239,140,13
239,141,6
239,142,5
239,143,3
239,144,5
239,145,3
239,146,6
239,147,1
239,148,5
239,149,2
239,151,2
239,152,3
239,153,2
239,154,3
239,155,1
239,156,1
239,157,1
239,158,1
239,159,2
239,160,2
239,161,1
239,162,1
239,163,2
239,164,1
239,165,1
239,166,1
239,167,1
239,168,3
239,170,1
239,171,1
239,172,1
239,173,1
239,174,2
239,175,1
239,176,2
239,177,2
239,178,1
239,179,1
239,180,1
239,181,3
239,182,1
239,183,3
239,184,2
239,185,2
239,187,1
239,188,1
239,190,4
239,191,2
239,192,1
239,193,1
239,194,1
239,198,2
239,201,1
239,203,1
239,205,1
239,206,1
239,207,1
239,209,1
239,210,1
239,211,2
239,212,1
239,213,1
239,218,1
239,221,1
239,225,1
239,226,1
239,227,1
239,228,1
239,229,1
239,256,1
239,258,1
239,273,1
240,2,1
240,10,1
240,24,1
240,33,1
240,41,1
240,44,1
240,49,1
240,50,1
240,52,1
240,56,2
240,57,1
240,59,1
240,64,1
240,68,2
240,69,1
240,70,1
240,71,1
240,72,1
240,73,3
240,76,1
240,77,2
240,78,1
240,79,1
240,81,1
240,84,2
240,85,1
240,88,1
240,89,2
240,90,2
240,92,2
240,95,4
240,96,1
240,97,1
240,98,3
240,99,5
240,101,1
240,102,1
240,103,1
240,105,3
240,106,2
240,107,6
240,108,6
240,109,3
240,110,4
240,111,14
240,112,12
240,113,22
240,114,23
240,115,52
240,116,54
240,117,66
240,118,82
240,119,73
240,120,68
240,121,73
240,122,82
240,123,59
240,124,60
240,125,72
240,126,62
240,127,63
240,128,71
240,129,77
240,130,63
240,131,60
240,132,60
240,133,46
240,134,44
240,135,48
240,136,38
240,137,27
240,138,27
240,139,27
240,140,19
240,141,7
240,142,9
240,143,4
240,144,7
240,145,5
240,146,5
240,147,1
240,148,5
240,149,2
240,150,3
240,151,6
240,153,2
240,154,2
240,156,2
240,158,1
240,159,2
240,161,2
240,162,3
240,163,2
240,165,2
240,166,2
240,167,1
240,168,3
240,169,1
240,170,1
240,171,3
240,172,1
240,174,3
240,175,1
240,177,1
240,178,2
240,179,1
240,180,1
240,181,1
240,182,2
240,183,2
240,184,1
240,186,2
240,189,1
240,190,1
240,191,1
240,193,1
240,194,2
240,195,2
240,197,1
240,204,1
240,208,1
240,210,1
240,215,1
240,218,1
240,222,1
240,226,1
240,235,1
240,237,1
240,238,1
240,255,1
240,256,1
240,265,1
241,0,2
241,1,1
241,10,1
241,17,1
241,21,1
241,26,1
241,31,1
241,33,1
241,36,1
241,50,1
241,53,2
241,55,2
241,57,3
241,62,1
241,67,3
241,72,1
241,73,1
241,75,1
241,76,1
241,82,1
241,85,1
241,86,1
241,87,1
241,88,2
241,90,1
241,92,1
241,95,4
241,96,1
241,98,3
241,99,2
241,102,1
241,103,2
241,105,3
241,106,7
241,107,3
241,108,4
241,109,5
241,110,6
241,111,8
241,112,14
241,113,18
241,114,39
241,115,44
241,116,54
241,117,72
241,118,61
241,119,84
241,120,63
241,121,66
241,122,72
241,123,55
241,124,63
241,125,70
241,126,49
241,127,54
241,128,58
241,129,69
241,130,74
241,131,52
241,132,54
241,133,58
241,134,35
241,135,48
241,136,35
241,137,31
241,138,17
241,139,16
241,140,10
241,141,10
241,142,9
241,143,6
241,144,5
241,145,3
241,146,2
241,147,3
241,148,1
241,149,2
241,151,4
241,152,1
241,153,4
241,154,4
241,155,4
241,158,1
241,159,1
241,160,2
241,162,1
241,163,1
241,164,2
241,165,2
241,166,1
241,167,3
241,170,2
241,171,2
241,172,3
241,173,1
241,175,2
241,176,3
241,179,1
241,180,1
241,181,4
241,183,1
241,184,1
241,187,1
241,188,1
241,189,1
241,191,2
241,192,1
241,193,1
241,194,1
241,195,2
241,196,1
241,197,1
241,199,1
241,200,1
241,201,1
241,202,1
241,207,1
241,211,1
241,212,1
241,215,1
241,218,2
241,222,1
241,224,1
241,226,1
241,228,1
241,229,1
241,230,1
241,232,1
241,237,1
241,240,1
241,242,1
241,244,1
241,249,1
241,255,1
241,266,1
242,10,1
242,11,1
242,12,1
242,17,1
242,18,2
242,23,1
242,25,1
242,26,1
242,37,1
242,38,1
242,39,1
242,43,1
242,45,1
242,46,1
242,48,1
242,50,2
242,52,1
242,59,1
242,67,2
242,71,1
242,77,1
242,78,1
242,80,2
242,81,2
242,82,1
242,83,1
242,84,1
242,85,3
242,87,1
242,88,1
242,90,1
242,92,3
242,94,3
242,95,2
242,96,3
242,97,2
242,98,2
242,99,1
242,100,1
242,101,4
242,102,2
242,103,2
242,104,2
242,105,4
242,106,5
242,107,3
242,108,5
242,109,3
242,110,7
242,111,11
242,112,9
242,113,18
242,114,28
242,115,31
242,116,55
242,117,71
242,118,79
242,119,68
242,120,69
242,121,64
242,122,87
242,123,80
242,124,68
242,125,76
242,126,52
242,127,82
242,128,72
242,129,61
242,130,58
242,131,60
242,132,43
242,133,58
242,134,63
242,135,38
242,136,54
242,137,23
242,138,24
242,139,15
242,140,16
242,141,8
242,142,7
242,143,6
242,144,3
242,145,7
242,146,2
242,147,2
242,148,1
242,149,3
242,150,1
242,151,2
242,152,2
242,153,1
242,154,2
242,155,3
242,157,1
242,158,1
242,159,1
242,160,2
242,161,4
242,163,3
242,164,1
242,165,3
242,166,2
242,167,1
242,169,1
242,170,1
242,172,1
242,173,1
242,174,1
242,175,1
242,176,1
242,178,1
242,179,1
242,180,1
242,181,2
242,183,3
242,184,3
242,186,1
242,187,1
242,188,1
242,192,1
242,194,1
242,198,1
242,199,2
242,200,1
242,202,1
242,203,3
242,204,1
242,205,2
242,206,2
242,207,1
242,208,2
242,209,1
242,213,1
242,216,1
242,228,1
242,229,1
242,233,1
242,235,1
242,241,1
242,245,1
242,255,1
242,263,1
242,265,1
243,6,1
243,8,1
243,15,1
243,31,1
243,35,1
243,41,2
243,44,2
243,46,1
243,52,1
243,55,1
243,56,1
243,57,1
243,62,1
243,63,1
243,65,1
243,66,1
243,68,1
243,72,1
243,74,1
243,75,1
243,77,1
243,79,1
243,83,1
243,84,3
243,85,1
243,86,2
243,89,1
243,90,1
243,91,2
243,92,1
243,94,3
243,95,4
243,100,1
243,101,3
243,102,2
243,104,4
243,105,3
243,106,1
243,107,4
243,108,11
243,109,2
243,110,5
243,111,8
243,112,13
243,113,12
243,114,37
243,115,25
243,116,54
243,117,54
243,118,71
243,119,69
243,120,85
243,121,82
243,122,68
243,123,67
243,124,79
243,125,76
243,126,71
243,127,81
243,128,59
243,129,64
243,130,42
243,131,50
243,132,57
243,133,54
243,134,40
243,135,47
243,136,40
243,137,27
243,138,21
243,139,26
243,140,7
243,141,12
243,142,5
243,143,5
243,144,3
243,146,2
243,147,1
243,148,2
243,149,1
243,150,3
243,151,3
243,152,1
243,154,3
243,155,2
243,156,2
243,157,5
243,158,2
243,159,2
243,160,4
243,163,3
243,166,2
243,168,1
243,170,2
243,171,1
243,173,1
243,174,3
243,175,2
243,177,1
243,179,5
243,180,2
243,181,1
243,183,1
243,184,2
243,186,1
243,187,1
243,189,1
243,191,1
243,192,1
243,193,3
243,198,1
243,199,1
243,202,1
243,203,1
243,204,1
243,205,1
243,207,2
243,208,2
243,209,1
243,210,1
243,211,1
243,212,1
243,214,1
243,216,1
243,221,1
243,224,1
243,226,1
243,227,1
243,228,2
243,233,1
243,246,1
243,249,1
243,254,1
243,257,1
243,258,1
244,8,1
244,10,1
244,13,1
244,14,1
244,19,1
244,39,1
244,42,1
244,45,2
244,51,1
244,54,1
244,56,1
244,62,1
244,64,1
244,68,1
244,69,1
244,71,1
244,72,1
244,75,1
244,78,1
244,79,1
244,80,1
244,81,1
244,82,1
244,83,1
244,85,1
244,88,1
244,89,2
244,90,1
244,91,2
244,93,1
244,97,1
244,98,1
244,99,1
244,100,3
244,101,2
244,102,1
244,103,2
244,105,1
244,106,1
244,107,4
244,108,3
244,109,2
244,110,6
244,111,9
244,112,9
244,113,22
244,114,31
244,115,51
244,116,64
244,117,70
244,118,71
244,119,73
244,120,78
244,121,63
244,122,59
244,123,63
244,124,70
244,125,55
244,126,66
244,127,66
244,128,68
244,129,68
244,130,51
244,131,55
244,132,55
244,133,43
244,134,44
244,135,52
244,136,26
244,137,30
244,138,21
244,139,8
244,140,7
244,141,12
244,142,6
244,143,8
244,144,6
244,145,7
244,146,3
244,147,2
244,148,2
244,149,3
244,151,2
244,152,1
244,153,2
244,154,2
244,155,3
244,156,1
244,157,2
244,158,1
244,159,2
244,160,4
244,161,3
244,162,1
244,163,3
244,164,2
244,165,2
244,167,3
244,168,1
244,169,2
244,171,2
244,172,1
244,173,1
244,174,1
244,175,1
244,176,3
244,178,1
244,179,2
244,181,3
244,184,4
244,186,2
244,187,2
244,188,1
244,191,1
244,192,1
244,193,4
244,197,1
244,199,1
244,201,1
244,202,1
244,203,1
244,204,1
244,206,1
244,207,1
244,208,1
244,210,1
244,214,2
244,218,1
244,220,1
244,221,1
244,228,1
244,233,1
244,235,2
244,242,2
244,249,1
244,254,1
244,256,2
245,7,1
245,21,1
245,26,1
245,28,1
245,30,1
245,31,1
245,34,2
245,36,1
245,37,1
245,38,1
245,43,1
245,49,1
245,58,1
245,70,1
245,71,1
245,72,2
245,74,2
245,75,1
245,77,1
245,81,1
245,87,1
245,89,1
245,91,2
245,92,2
245,93,1
245,100,4
245,101,2
245,103,5
245,104,1
245,105,2
245,106,2
245,107,3
245,108,8
245,109,2
245,110,3
245,111,5
245,112,7
245,113,19
245,114,25
245,115,35
245,116,47
245,117,75
245,118,88
245,119,72
245,120,73
245,121,78
245,122,70
245,123,65
245,124,76
245,125,59
245,126,49
245,127,71
245,128,69
245,129,70
245,130,55
245,131,52
245,132,50
245,133,61
245,134,48
245,135,35
245,136,30
245,137,30
245,138,26
245,139,13
245,140,14
245,141,9
245,142,6
245,143,3
245,144,2
245,145,5
245,146,3
245,147,2
245,148,2
245,149,4
245,150,2
245,151,6
245,152,3
245,153,2
245,155,1
245,157,2
245,158,3
245,159,1
245,162,1
245,163,4
245,164,2
245,165,2
245,166,2
245,167,2
245,168,1
245,171,1
245,172,1
245,173,1
245,174,2
245,175,1
245,176,1
245,177,2
245,178,1
245,179,1
245,181,1
245,183,2
245,184,4
245,186,1
245,187,3
245,188,1
245,192,1
245,193,2
245,194,2
245,199,2
245,201,2
245,202,1
245,203,1
245,206,1
245,208,1
245,210,1
245,212,1
245,213,1
245,216,2
245,226,1
245,227,1
245,229,1
245,233,1
245,237,1
245,238,1
245,243,1
245,245,1
245,249,1
245,255,1
245,261,1
245,272,1
246,1,1
246,3,1
246,6,2
246,13,1
246,17,1
246,18,1
246,19,1
246,26,1
246,29,1
246,36,1
246,45,1
246,48,1
246,50,1
246,51,1
246,60,1
246,61,2
246,63,1
246,65,1
246,69,1
246,74,1
246,79,2
246,80,2
246,82,1
246,83,2
246,84,1
246,87,2
246,88,1
246,89,1
246,93,2
246,95,1
246,97,3
246,98,1
246,100,1
246,102,4
246,103,2
246,104,3
246,105,6
246,107,1
246,108,4
246,109,8
246,110,5
246,111,7
246,112,14
246,113,21
246,114,20
246,115,46
246,116,55
246,117,62
246,118,79
246,119,62
246,120,86
246,121,90
246,122,71
246,123,82
246,124,63
246,125,67
246,126,61
246,127,79
246,128,59
246,129,51
246,130,59
246,131,49
246,132,53
246,133,46
246,134,45
246,135,43
246,136,27
246,137,36
246,138,29
246,139,16
246,140,23
246,141,9
246,142,2
246,143,3
246,144,4
246,145,4
246,146,5
246,147,2
246,148,2
246,149,1
246,150,2
246,151,2
246,152,1
246,153,1
246,154,2
246,155,3
246,156,1
246,158,3
246,159,1
246,160,1
246,161,4
246,165,1
246,166,1
246,169,3
246,171,1
246,172,2
246,173,1
246,175,1
246,176,2
246,177,2
246,179,2
246,180,1
246,181,1
246,183,2
246,184,2
246,185,3
246,186,3
246,187,1
246,190,1
246,193,1
246,196,1
246,197,1
246,198,2
246,202,1
246,203,1
246,204,1
246,206,1
246,207,1
246,210,2
246,211,2
246,213,1
246,218,1
246,220,1
246,221,1
246,224,1
246,226,1
246,228,1
246,229,1
246,239,1
246,246,1
246,257,1
247,4,2
247,18,1
247,26,1
247,28,1
247,29,1
247,32,1
247,45,1
247,47,1
247,49,1
247,50,1
247,58,1
247,64,1
247,69,1
247,72,1
247,78,2
247,80,2
247,81,1
247,83,1
247,85,1
247,86,2
247,89,2
247,91,1
247,92,2
247,93,1
247,95,2
247,96,2
247,97,1
247,98,2
247,99,1
247,100,1
247,101,1
247,102,3
247,103,3
247,104,1
247,105,6
247,107,2
247,108,4
247,109,2
247,110,3
247,111,10
247,112,12
247,113,20
247,114,34
247,115,45
247,116,58
247,117,68
247,118,81
247,119,67
247,120,73
247,121,64
247,122,81
247,123,58
247,124,56
247,125,63
247,126,51
247,127,73
247,128,51
247,129,57
247,130,66
247,131,66
247,132,37
247,133,55
247,134,48
247,135,43
247,136,36
247,137,27
247,138,19
247,139,15
247,140,10
247,141,8
247,142,5
247,143,5
247,144,1
247,145,2
247,146,4
247,147,4
247,148,1
247,149,2
247,151,2
247,152,3
247,153,3
247,154,1
247,155,2
247,156,3
247,157,4
247,159,1
247,160,3
247,162,1
247,163,1
247,164,1
247,165,1
247,166,2
247,167,2
247,168,1
247,169,2
247,170,1
247,174,1
247,175,1
247,177,3
247,179,3
247,180,1
247,183,2
247,184,4
247,186,3
247,190,2
247,192,1
247,194,1
247,196,1
247,199,1
247,200,2
247,202,1
247,205,1
247,207,1
247,209,1
247,210,1
247,211,1
247,213,1
247,215,1
247,217,1
247,219,1
247,220,1
247,224,1
247,229,1
247,237,1
247,238,1
247,239,1
247,245,1
247,246,1
247,249,1
247,252,1
247,268,1
247,276,1
248,0,1
248,23,2
248,25,1
248,27,1
248,28,1
248,29,1
248,30,1
248,33,1
248,39,1
248,41,1
248,45,1
248,50,1
248,51,1
248,55,1
248,56,1
248,64,2
248,65,1
248,66,1
248,69,1
248,78,3
248,80,1
248,85,1
248,89,1
248,91,1
248,92,1
248,95,2
248,97,1
248,102,4
248,103,2
248,104,7
248,106,1
248,107,3
248,108,3
248,109,6
248,110,7
248,111,9
248,112,16
248,113,23
248,114,35
248,115,35
248,116,52
248,117,64
248,118,68
248,119,69
248,120,70
248,121,88
248,122,73
248,123,72
248,124,74
248,125,59
248,126,56
248,127,70
248,128,80
248,129,59
248,130,67
248,131,64
248,132,61
248,133,46
248,134,53
248,135,32
248,136,35
248,137,25
248,138,24
248,139,18
248,140,13
248,141,10
248,142,5
248,143,5
248,144,5
248,145,5
248,146,5
248,147,2
248,148,1
248,149,2
248,150,1
248,151,1
248,152,1
248,153,1
248,154,1
248,155,1
248,156,4
248,157,1
248,158,1
248,159,2
248,160,2
248,161,2
248,164,2
248,165,1
248,166,1
248,167,1
248,168,1
248,169,1
248,170,1
248,171,2
248,173,1
248,174,3
248,176,1
248,177,3
248,179,1
248,180,3
248,184,1
248,185,3
248,186,2
248,189,1
248,191,3
248,194,1
248,195,1
248,201,2
248,206,1
248,209,1
248,210,1
248,212,1
248,218,1
248,220,1
248,221,1
248,224,1
248,225,1
248,230,1
248,231,1
248,235,1
248,236,1
248,247,1
248,267,1
248,268,1
248,273,1
248,274,1
249,0,1
249,5,1
249,10,1
249,18,2
249,23,1
249,39,1
249,43,1
249,60,1
249,65,1
249,70,1
249,71,1
249,72,1
249,75,2
249,76,1
249,79,1
249,81,2
249,83,1
249,84,1
249,85,1
249,88,1
249,89,1
249,91,1
249,93,1
249,94,2
249,96,1
249,97,1
249,98,1
249,99,1
249,100,1
249,101,1
249,102,2
249,103,3
249,104,1
249,105,1
249,106,2
249,107,3
249,108,5
249,109,4
249,110,6
249,111,10
249,112,15
249,113,17
249,114,33
249,115,34
249,116,65
249,117,63
249,118,64
249,119,68
249,120,64
249,121,76
249,122,58
249,123,58
249,124,54
249,125,72
249,126,70
249,127,54
249,128,56
249,129,46
249,130,50
249,131,59
249,132,52
249,133,47
249,134,45
249,135,47
249,136,43
249,137,36
249,138,31
249,139,18
249,140,10
249,141,7
249,142,13
249,143,2
249,144,4
249,145,2
249,146,1
249,147,3
249,148,1
249,149,5
249,152,1
249,153,1
249,154,3
249,155,2
249,156,2
249,157,2
249,159,1
249,161,3
249,162,1
249,165,5
249,166,1
249,167,1
249,169,1
249,172,3
249,174,2
249,175,1
249,176,1
249,177,1
249,178,3
249,179,2
249,180,1
249,182,1
249,184,1
249,185,2
249,186,1
249,187,2
249,193,1
249,195,2
249,196,1
249,198,2
249,201,1
249,202,1
249,205,1
249,206,3
249,208,2
249,209,2
249,210,1
249,222,1
249,223,2
249,224,2
249,230,1
249,232,1
249,234,1
249,236,1
249,239,1
249,243,1
249,246,1
249,254,1
249,259,1
249,267,1
249,274,1
249,276,2
250,1,1
250,11,1
250,13,1
250,26,1
250,41,1
250,42,1
250,43,1
250,51,1
250,55,2
250,59,2
250,60,1
250,61,1
250,63,1
250,65,1
250,66,1
250,67,1
250,69,1
250,70,1
250,74,2
250,76,1
250,85,1
250,87,1
250,88,1
250,89,1
250,91,1
250,93,1
250,94,2
250,95,2
250,96,2
250,98,2
250,99,1
250,100,1
250,101,3
250,102,1
250,103,2
250,105,3
250,106,4
250,107,4
250,108,4
250,109,6
250,110,5
250,111,7
250,112,12
250,113,16
250,114,24
250,115,46
250,116,40
250,117,54
250,118,80
250,119,71
250,120,77
250,121,71
250,122,60
250,123,69
250,124,62
250,125,61
250,126,64
250,127,71
250,128,63
250,129,55
250,130,48
250,131,53
250,132,49
250,133,44
250,134,37
250,135,39
250,136,34
250,137,30
250,138,23
250,139,14
250,140,14
250,141,9
250,142,6
250,143,4
250,144,1
250,145,2
250,146,1
250,147,3
250,148,1
250,149,4
250,150,1
250,151,1
250,152,1
250,153,3
250,154,1
250,155,1
250,156,4
250,160,1
250,162,1
250,163,1
250,164,3
250,165,1
250,171,1
250,173,3
250,174,1
250,175,3
250,177,1
250,178,1
250,179,1
250,180,1
250,181,2
250,182,1
250,183,1
250,185,2
250,186,1
250,187,2
250,193,1
250,195,1
250,197,1
250,200,2
250,205,1
250,206,1
250,208,1
250,209,1
250,210,1
250,211,1
250,214,1
250,218,1
250,231,2
250,233,1
250,238,1
250,239,1
250,240,1
250,241,1
250,242,1
250,245,1
250,247,1
250,265,1
250,267,1
251,11,1
251,18,1
251,22,2
251,29,2
251,30,1
251,43,1
251,46,1
251,54,1
251,55,1
251,68,2
251,70,1
251,71,1
251,74,1
251,75,1
251,79,1
251,80,1
251,82,3
251,84,2
251,85,1
251,86,3
251,87,1
251,88,2
251,89,1
251,91,1
251,93,2
251,94,2
251,95,2
251,96,2
251,99,2
251,100,1
251,101,2
251,102,6
251,103,2
251,104,2
251,106,2
251,107,4
251,108,6
251,109,3
251,110,4
251,111,13
251,112,15
251,113,17
251,114,29
251,115,40
251,116,50
251,117,57
251,118,67
251,119,76
251,120,75
251,121,68
251,122,69
251,123,56
251,124,72
251,125,64
251,126,61
251,127,60
251,128,44
251,129,57
251,130,52
251,131,57
251,132,53
251,133,55
251,134,47
251,135,40
251,136,38
251,137,25
251,138,23
251,139,20
251,140,9
251,141,7
251,142,2
251,143,3
251,144,3
251,145,8
251,146,2
251,147,5
251,148,2
251,149,1
251,150,2
251,151,2
251,152,1
251,153,3
251,155,1
251,156,6
251,159,1
251,160,1
251,161,1
251,163,1
251,164,1
251,165,1
251,166,1
251,167,2
251,169,2
251,170,1
251,171,3
251,172,4
251,179,1
251,180,2
251,181,1
251,182,1
251,184,2
251,187,1
251,188,1
251,189,2
251,190,1
251,193,1
251,197,1
251,198,1
251,207,1
251,210,2
251,213,1
251,218,2
251,219,1
251,220,1
251,225,1
251,229,1
251,231,1
251,235,1
251,246,1
251,248,1
251,251,1
251,254,1
251,255,1
251,257,1
251,259,1
251,270,1
251,275,1
252,7,1
252,12,1
252,18,1
252,24,1
252,25,1
252,26,1
252,30,1
252,38,1
252,46,1
252,51,1
252,58,2
252,59,1
252,62,2
252,63,1
252,64,1
252,67,1
252,69,3
252,70,1
252,71,1
252,73,1
252,74,1
252,77,1
252,79,2
252,85,1
252,86,1
252,88,1
252,89,1
252,91,2
252,94,1
252,96,3
252,97,1
252,98,1
252,100,1
252,101,3
252,103,3
252,104,6
252,105,2
252,106,4
252,107,3
252,108,6
252,109,6
252,110,4
252,111,10
252,112,18
252,113,23
252,114,22
252,115,39
252,116,47
252,117,61
252,118,72
252,119,67
252,120,67
252,121,73
252,122,73
252,123,61
252,124,68
252,125,66
252,126,64
252,127,55
252,128,45
252,129,63
252,130,62
252,131,41
252,132,52
252,133,51
252,134,39
252,135,38
252,136,37
252,137,38
252,138,17
252,139,16
252,140,8
252,141,6
252,142,11
252,143,4
252,144,3
252,145,2
252,147,1
252,148,2
252,149,1
252,150,1
252,151,1
252,152,1
252,154,1
252,155,1
252,156,2
252,157,1
252,161,1
252,162,2
252,164,2
252,165,1
252,168,2
252,169,3
252,170,2
252,171,1
252,173,1
252,174,1
252,175,1
252,177,1
252,179,2
252,180,1
252,181,1
252,182,1
252,183,1
252,184,2
252,186,1
252,187,1
252,188,1
252,189,2
252,190,2
252,191,3
252,192,1
252,193,1
252,194,3
252,205,1
252,209,1
252,212,1
252,214,1
252,216,1
252,217,1
252,219,1
252,227,1
252,241,1
252,256,2
252,263,1
252,264,1
253,6,1
253,11,1
253,21,1
253,27,1
253,35,1
253,44,2
253,45,1
253,48,1
253,49,1
253,54,1
253,57,2
253,59,1
253,67,1
253,69,1
253,73,1
253,74,1
253,78,1
253,79,1
253,80,1
253,81,1
253,83,1
253,84,1
253,85,1
253,88,1
253,89,1
253,91,1
253,93,2
253,94,1
253,95,1
253,96,2
253,97,1
253,98,2
253,100,1
253,101,1
253,103,4
253,104,1
253,105,3
253,106,2
253,107,2
253,108,3
253,109,6
253,110,4
253,111,12
253,112,15
253,113,18
253,114,27
253,115,33
253,116,57
253,117,51
253,118,71
253,119,71
253,120,71
253,121,77
253,122,75
253,123,64
253,124,44
253,125,60
253,126,60
253,127,53
253,128,67
253,129,55
253,130,40
253,131,48
253,132,55
253,133,47
253,134,41
253,135,27
253,136,39
253,137,32
253,138,15
253,139,16
253,140,11
253,141,15
253,142,12
253,143,6
253,144,2
253,145,4
253,146,3
253,147,2
253,148,1
253,149,4
253,150,3
253,151,2
253,153,3
253,154,2
253,156,1
253,157,1
253,159,1
253,160,2
253,161,2
253,162,3
253,166,1
253,167,1
253,169,4
253,170,2
253,171,1
253,172,2
253,173,1
253,175,2
253,176,1
253,177,1
253,178,1
253,179,1
253,181,1
253,183,1
253,186,2
253,187,1
253,188,1
253,192,3
253,193,1
253,194,2
253,199,2
253,200,1
253,201,1
253,202,1
253,206,1
253,209,1
253,212,2
253,213,1
253,214,1
253,215,2
253,216,1
253,220,1
253,222,1
253,228,1
253,231,1
253,233,2
253,242,1
253,253,1
253,256,1
253,259,1
253,262,1
254,2,1
254,7,1
254,11,1
254,29,1
254,31,1
254,35,1
254,36,1
254,39,1
254,40,1
254,41,1
254,46,1
254,48,1
254,49,1
254,52,1
254,65,1
254,76,1
254,79,1
254,82,2
254,83,1
254,84,1
254,85,1
254,88,1
254,89,1
254,91,1
254,92,1
254,93,1
254,94,3
254,96,1
254,97,1
254,98,1
254,99,3
254,101,3
254,102,2
254,103,2
254,105,4
254,106,2
254,107,4
254,108,7
254,109,3
254,110,9
254,111,6
254,112,10
254,113,20
254,114,22
254,115,35
254,116,60
254,117,77
254,118,68
254,119,51
254,120,67
254,121,67
254,122,59
254,123,63
254,124,59
254,125,47
254,126,65
254,127,67
254,128,61
254,129,56
254,130,49
254,131,52
254,132,48
254,133,40
254,134,42
254,135,54
254,136,41
254,137,36
254,138,24
254,139,22
254,140,10
254,141,14
254,142,6
254,143,4
254,144,3
254,145,3
254,146,4
254,147,1
254,148,5
254,149,3
254,150,3
254,151,4
254,152,3
254,153,1
254,154,2
254,155,1
254,156,1
254,157,1
254,158,1
254,159,2
254,160,4
254,162,1
254,164,1
254,165,1
254,167,2
254,168,2
254,170,2
254,171,2
254,173,1
254,174,2
254,175,1
254,176,1
254,178,1
254,179,1
254,180,2
254,185,2
254,186,2
254,187,1
254,190,2
254,191,1
254,192,3
254,194,1
254,195,1
254,197,2
254,200,1
254,202,1
254,204,2
254,205,1
254,206,1
254,208,1
254,215,1
254,216,1
254,226,1
254,228,1
254,234,1
254,236,1
254,239,1
254,261,1
254,273,1
254,275,1
255,16,1
255,19,1
255,26,1
255,37,1
255,46,1
255,55,1
255,59,1
255,62,1
255,63,1
255,65,3
255,72,1
255,75,2
255,77,1
255,80,1
255,82,1
255,84,1
255,85,1
255,87,1
255,89,2
255,94,1
255,95,1
255,98,2
255,99,1
255,101,1
255,104,2
255,106,2
255,107,3
255,108,3
255,109,1
255,110,8
255,111,6
255,112,11
255,113,23
255,114,37
255,115,45
255,116,43
255,117,65
255,118,58
255,119,77
255,120,52
255,121,63
255,122,67
255,123,60
255,124,58
255,125,48
255,126,52
255,127,53
255,128,50
255,129,62
255,130,59
255,131,45
255,132,51
255,133,41
255,134,42
255,135,38
255,136,33
255,137,28
255,138,20
255,139,10
255,140,10
255,141,10
255,142,8
255,143,5
255,144,3
255,145,5
255,146,2
255,147,1
255,148,3
255,149,1
255,150,3
255,151,2
255,152,2
255,153,3
255,154,1
255,155,4
255,157,2
255,159,1
255,161,2
255,162,1
255,165,1
255,167,1
255,168,1
255,169,1
255,170,1
255,175,1
255,180,1
255,181,2
255,182,1
255,183,2
255,185,1
255,188,1
255,189,1
255,190,1
255,192,1
255,193,1
255,194,1
255,197,2
255,201,1
255,209,1
255,211,1
255,212,2
255,217,1
255,221,1
255,223,1
255,224,1
255,226,1
255,245,1
255,248,1
255,252,1
255,256,1
255,260,1
255,261,1
255,267,1
256,7,1
256,13,1
256,15,1
256,19,2
256,29,1
256,35,1
256,39,1
256,42,1
256,47,1
256,49,2
256,50,1
256,54,1
256,56,1
256,59,1
256,60,1
256,64,1
256,65,1
256,67,2
256,68,1
256,75,2
256,79,2
256,80,1
256,81,1
256,82,1
256,83,1
256,85,1
256,86,1
256,88,2
256,89,1
256,91,2
256,92,2
256,94,1
256,96,1
256,97,1
256,98,1
256,99,1
256,100,3
256,101,2
256,102,1
256,103,2
256,105,1
256,106,3
256,107,3
256,108,3
256,109,6
256,110,3
256,111,8
256,112,13
256,113,11
256,114,22
256,115,35
256,116,53
256,117,63
256,118,63
256,119,83
256,120,70
256,121,70
256,122,72
256,123,69
256,124,56
256,125,48
256,126,59
256,127,67
256,128,62
256,129,71
256,130,42
256,131,56
256,132,49
256,133,42
256,134,40
256,135,33
256,136,35
256,137,19
256,138,17
256,139,11
256,140,13
256,141,10
256,142,3
256,143,3
256,144,6
256,145,1
256,146,3
256,147,2
256,148,1
256,150,2
256,151,2
256,152,1
256,153,1
256,154,1
256,155,1
256,156,1
256,157,2
256,158,2
256,160,1
256,162,1
256,164,2
256,165,2
256,167,1
256,168,1
256,169,1
256,171,1
256,172,1
256,174,1
256,177,3
256,179,1
256,180,1
256,181,2
256,182,1
256,183,1
256,184,2
256,185,2
256,186,1
256,187,1
256,189,1
256,190,1
256,191,2
256,192,1
256,193,2
256,196,1
256,197,2
256,199,2
256,201,1
256,202,1
256,205,2
256,206,1
256,207,1
256,210,1
256,213,1
256,214,1
256,221,1
256,222,1
256,223,1
256,224,1
256,226,2
256,228,2
256,231,1
256,234,1
256,240,1
256,244,1
256,253,1
256,268,2
256,272,1
257,1,1
257,2,1
257,14,1
257,24,1
257,26,1
257,31,1
257,39,1
257,40,1
257,43,1
257,60,2
257,61,1
257,62,1
257,66,2
257,68,1
257,72,2
257,73,2
257,75,1
257,78,2
257,80,1
257,84,1
257,87,2
257,88,1
257,91,1
257,92,1
257,93,1
257,94,1
257,95,2
257,96,1
257,97,2
257,99,1
257,100,1
257,101,4
257,102,1
257,103,2
257,104,2
257,105,1
257,106,2
257,107,3
257,108,3
257,109,9
257,110,7
257,111,8
257,112,13
257,113,23
257,114,28
257,115,46
257,116,49
257,117,56
257,118,67
257,119,58
257,120,72
257,121,76
257,122,66
257,123,49
257,124,72
257,125,58
257,126,48
257,127,60
257,128,54
257,129,42
257,130,45
257,131,43
257,132,53
257,133,36
257,134,41
257,135,40
257,136,30
257,137,24
257,138,14
257,139,15
257,140,11
257,141,7
257,142,5
257,143,4
257,144,1
257,145,1
257,146,1
257,149,2
257,150,2
257,151,4
257,152,2
257,153,2
257,154,4
257,156,1
257,157,1
257,159,1
257,160,3
257,161,2
257,162,1
257,163,2
257,165,1
257,166,2
257,167,1
257,168,3
257,172,1
257,174,2
257,175,2
257,178,1
257,179,1
257,181,1
257,183,1
257,184,2
257,186,2
257,187,1
257,188,1
257,189,1
257,191,1
257,192,1
257,193,1
257,197,2
257,198,1
257,199,1
257,201,1
257,207,1
257,211,1
257,212,1
257,217,1
257,222,2
257,223,1
257,229,1
257,234,1
258,1,1
258,4,2
258,9,1
258,19,1
258,21,2
258,32,1
258,37,1
258,54,1
258,56,1
258,62,1
258,67,2
258,69,1
258,71,1
258,74,1
258,76,2
258,78,1
258,79,1
258,80,1
258,83,1
258,86,1
258,88,1
258,90,1
258,91,3
258,92,2
258,93,2
258,94,2
258,96,1
258,97,1
258,99,1
258,101,3
258,104,3
258,105,2
258,106,2
258,108,1
258,109,5
258,110,2
258,111,7
258,112,17
258,113,16
258,114,32
258,115,41
258,116,56
258,117,48
258,118,66
258,119,60
258,120,68
258,121,70
258,122,66
258,123,49
258,124,50
258,125,57
258,126,69
258,127,55
258,128,49
258,129,45
258,130,40
258,131,48
258,132,60
258,133,39
258,134,36
258,135,34
258,136,30
258,137,37
258,138,27
258,139,19
258,140,12
258,141,6
258,142,5
258,143,4
258,144,7
258,145,1
258,146,2
258,147,2
258,148,3
258,149,3
258,151,2
258,152,2
258,153,1
258,154,1
258,155,2
258,156,1
258,158,3
258,159,1
258,160,4
258,162,3
258,163,2
258,164,2
258,165,1
258,167,3
258,169,3
258,170,4
258,171,2
258,172,1
258,173,1
258,174,2
258,176,2
258,177,2
258,179,1
258,182,1
258,184,2
258,185,1
258,187,2
258,188,2
258,189,1
258,191,1
258,192,1
258,195,2
258,198,1
258,199,1
258,204,1
258,209,1
258,210,1
258,211,1
258,214,1
258,220,1
258,221,1
258,229,1
258,240,1
258,246,1
258,248,1
258,270,1
258,272,1
259,4,1
259,14,1
259,15,1
259,17,1
259,27,1
259,30,1
259,42,1
259,45,2
259,47,1
259,53,2
259,54,2
259,55,1
259,57,1
259,59,1
259,62,1
259,63,1
259,66,1
259,69,2
259,70,2
259,72,1
259,77,2
259,78,1
259,81,3
259,84,1
259,85,2
259,86,1
259,88,1
259,91,3
259,94,1
259,96,1
259,99,1
259,101,1
259,103,1
259,104,1
259,105,1
259,106,2
259,107,3
259,108,2
259,109,4
259,110,7
259,111,4
259,112,11
259,113,18
259,114,20
259,115,37
259,116,59
259,117,55
259,118,60
259,119,80
259,120,65
259,121,79
259,122,64
259,123,53
259,124,66
259,125,61
259,126,64
259,127,49
259,128,53
259,129,47
259,130,55
259,131,41
259,132,40
259,133,27
259,134,41
259,135,35
259,136,30
259,137,26
259,138,23
259,139,13
259,140,12
259,141,10
259,142,4
259,143,4
259,144,6
259,145,1
259,146,3
259,147,2
259,148,4
259,149,2
259,150,2
259,151,2
259,152,2
259,154,1
259,155,1
259,156,3
259,157,2
259,159,1
259,160,1
259,161,3
259,162,1
259,167,1
259,168,2
259,169,1
259,171,1
259,172,1
259,173,3
259,177,2
259,178,2
259,180,1
259,181,1
259,186,1
259,189,1
259,191,1
259,192,2
259,193,1
259,195,1
259,198,1
259,199,1
259,200,1
259,207,1
259,209,1
259,212,1
259,213,1
259,214,1
259,215,1
259,220,1
259,221,1
259,225,1
259,227,1
259,228,1
259,231,1
259,232,2
259,235,1
259,242,1
259,267,1
259,272,1
259,273,1
260,2,1
260,15,1
260,33,1
260,40,1
260,42,1
260,58,1
260,59,1
260,64,1
260,65,1
260,66,1
260,67,1
260,72,1
260,75,1
260,76,1
260,81,1
260,85,1
260,87,2
260,91,1
260,93,1
260,95,1
260,96,1
260,97,1
260,98,2
260,100,1
260,102,1
260,103,2
260,104,1
260,105,2
260,106,2
260,107,3
260,108,1
260,109,3
260,110,2
260,111,5
260,112,10
260,113,8
260,114,24
260,115,32
260,116,40
260,117,57
260,118,56
260,119,67
260,120,81
260,121,64
260,122,63
260,123,58
260,124,55
260,125,57
260,126,58
260,127,67
260,128,50
260,129,44
260,130,53
260,131,58
260,132,46
260,133,46
260,134,38
260,135,34
260,136,27
260,137,31
260,138,25
260,139,12
260,140,8
260,141,5
260,142,8
260,143,5
260,144,3
260,145,2
260,146,4
260,147,2
260,148,1
260,149,3
260,150,1
260,151,2
260,152,2
260,153,2
260,154,2
260,156,1
260,158,1
260,161,1
260,162,2
260,165,3
260,168,1
260,173,3
260,174,2
260,176,1
260,177,1
260,178,1
260,179,1
260,181,1
260,182,1
260,185,1
260,186,2
260,188,1
260,191,1
260,192,2
260,193,1
260,194,1
260,195,1
260,196,1
260,197,1
260,200,1
260,201,1
260,202,2
260,203,1
260,205,2
260,209,1
260,212,1
260,213,1
260,214,1
260,216,3
260,223,1
260,225,1
260,227,1
260,234,1
260,236,1
260,242,1
260,265,1
260,276,1
261,15,1
261,16,1
261,18,1
261,23,1
261,26,1
261,27,1
261,30,1
261,31,1
261,37,1
261,38,1
261,42,1
261,43,1
261,46,1
261,52,1
261,58,1
261,60,1
261,63,1
261,65,2
261,66,1
261,68,1
261,69,3
261,72,1
261,77,2
261,79,2
261,83,1
261,85,1
261,88,1
261,90,1
261,91,1
261,93,1
261,95,1
261,97,1
261,99,2
261,100,1
261,101,1
261,102,1
261,103,1
261,105,2
261,106,2
261,107,1
261,108,2
261,109,3
261,110,5
261,111,4
261,112,13
261,113,14
261,114,22
261,115,56
261,116,47
261,117,61
261,118,60
261,119,66
261,120,51
261,121,54
261,122,66
261,123,70
261,124,54
261,125,62
261,126,67
261,127,51
261,128,58
261,129,40
261,130,47
261,131,47
261,132,47
261,133,39
261,134,35
261,135,38
261,136,36
261,137,27
261,138,22
261,139,8
261,140,12
261,141,9
261,142,6
261,143,5
261,144,3
261,145,2
261,146,2
261,147,2
261,148,2
261,149,2
261,150,1
261,152,4
261,153,3
261,154,1
261,155,1
261,157,1
261,158,1
261,160,1
261,161,2
261,162,1
261,163,2
261,164,1
261,165,2
261,168,1
261,169,1
261,170,1
261,171,1
261,172,1
261,173,2
261,174,1
261,175,2
261,176,1
261,177,2
261,179,2
261,182,2
261,183,1
261,184,2
261,185,1
261,187,1
261,188,1
261,189,1
261,192,2
261,193,2
261,200,1
261,201,2
261,205,1
261,211,2
261,214,1
261,216,1
261,217,1
261,218,1
261,219,2
261,221,1
261,231,1
261,232,1
261,233,1
261,235,2
261,238,1
261,252,1
261,256,1
261,260,1
262,8,1
262,20,1
262,21,1
262,26,1
262,33,1
262,34,1
262,38,1
262,40,1
262,48,1
262,49,1
262,57,2
262,61,1
262,64,1
262,65,1
262,66,1
262,74,2
262,81,1
262,85,1
262,86,3
262,87,1
262,88,2
262,90,1
262,92,1
262,93,3
262,95,1
262,96,4
262,98,1
262,99,2
262,101,1
262,103,1
262,104,2
262,105,4
262,106,6
262,107,3
262,108,2
262,109,3
262,110,3
262,111,4
262,112,14
262,113,11
262,114,25
262,115,32
262,116,51
262,117,70
262,118,54
262,119,72
262,120,56
262,121,54
262,122,56
262,123,60
262,124,44
262,125,43
262,126,42
262,127,56
262,128,64
262,129,41
262,130,50
262,131,49
262,132,47
262,133,39
262,134,39
262,135,32
262,136,35
262,137,30
262,138,20
262,139,13
262,140,10
262,141,8
262,142,7
262,143,3
262,144,6
262,145,2
262,146,2
262,147,2
262,148,3
262,150,2
262,151,2
262,152,4
262,153,1
262,154,1
262,155,1
262,156,2
262,157,2
262,158,2
262,159,1
262,161,1
262,162,3
262,164,3
262,165,2
262,167,4
262,168,1
262,170,1
262,171,1
262,174,1
262,175,1
262,176,1
262,178,1
262,179,2
262,180,1
262,181,2
262,182,2
262,183,1
262,185,1
262,191,3
262,195,1
262,196,1
262,197,2
262,201,2
262,205,1
262,206,1
262,210,1
262,213,1
262,221,1
262,232,1
262,239,1
262,245,1
262,251,1
262,254,2
262,258,1
263,3,1
263,6,1
263,7,1
263,11,2
263,24,1
263,26,2
263,27,1
263,45,1
263,52,1
263,54,1
263,60,1
263,65,2
263,70,1
263,72,1
263,75,1
263,76,1
263,80,2
263,86,1
263,88,1
263,89,1
263,90,1
263,94,1
263,95,1
263,96,4
263,98,2
263,99,1
263,100,1
263,101,1
263,102,2
263,103,2
263,104,1
263,105,1
263,106,2
263,107,3
263,108,5
263,109,2
263,110,7
263,111,9
263,112,9
263,113,21
263,114,26
263,115,37
263,116,48
263,117,54
263,118,62
263,119,75
263,120,65
263,121,59
263,122,47
263,123,42
263,124,40
263,125,61
263,126,54
263,127,48
263,128,48
263,129,53
263,130,64
263,131,55
263,132,35
263,133,43
263,134,35
263,135,37
263,136,36
263,137,32
263,138,11
263,139,9
263,140,9
263,141,2
263,142,3
263,143,2
263,144,3
263,145,3
263,146,3
263,147,2
263,148,4
263,150,1
263,151,2
263,152,2
263,153,2
263,154,1
263,156,2
263,157,2
263,158,2
263,159,2
263,163,3
263,164,2
263,166,2
263,168,2
263,170,1
263,171,1
263,172,1
263,173,2
263,174,2
263,176,3
263,178,2
263,179,1
263,180,2
263,182,1
263,183,1
263,184,2
263,185,1
263,186,1
263,188,1
263,189,1
263,190,2
263,195,4
263,196,1
263,199,1
263,200,1
263,203,1
263,204,1
263,206,1
263,210,2
263,216,1
263,224,1
263,225,2
263,227,2
263,232,2
263,239,1
263,244,1
263,245,1
264,3,1
264,20,1
264,22,2
264,30,1
264,40,1
264,46,1
264,49,1
264,55,1
264,58,1
264,59,1
264,71,2
264,72,1
264,73,1
264,77,1
264,79,1
264,80,1
264,84,2
264,86,1
264,88,1
264,91,2
264,92,1
264,95,1
264,96,1
264,97,2
264,98,2
264,101,1
264,104,1
264,105,4
264,107,2
264,108,3
264,109,4
264,110,5
264,111,3
264,112,5
264,113,13
264,114,28
264,115,26
264,116,60
264,117,64
264,118,53
264,119,78
264,120,45
264,121,69
264,122,50
264,123,55
264,124,57
264,125,53
264,126,52
264,127,47
264,128,44
264,129,54
264,130,43
264,131,34
264,132,27
264,133,40
264,134,48
264,135,43
264,136,27
264,137,29
264,138,29
264,139,17
264,140,11
264,141,11
264,142,2
264,143,3
264,144,2
264,145,5
264,146,4
264,147,3
264,148,2
264,149,3
264,150,2
264,151,3
264,153,4
264,154,1
264,155,1
264,156,1
264,157,1
264,163,2
264,166,1
264,167,2
264,168,1
264,169,1
264,170,1
264,171,2
264,172,1
264,173,3
264,176,1
264,177,1
264,178,1
264,183,2
264,184,1
264,185,1
264,186,1
264,189,1
264,190,1
264,192,1
264,194,1
264,197,1
264,198,1
264,202,1
264,206,1
264,209,1
264,211,1
264,215,2
264,216,1
264,217,2
264,218,1
264,222,1
264,226,1
264,234,1
264,241,1
264,269,1
264,272,1
265,11,1
265,13,1
265,25,1
265,29,1
265,37,1
265,46,1
265,48,1
265,51,1
265,52,1
265,55,2
265,62,1
265,65,1
265,69,1
265,70,2
265,73,1
265,75,1
265,76,1
265,78,1
265,84,1
265,85,1
265,86,1
265,87,1
265,90,2
265,91,2
265,92,1
265,95,1
265,97,3
265,99,2
265,100,1
265,101,3
265,102,1
265,103,1
265,104,3
265,105,1
265,107,1
265,108,3
265,109,3
265,110,7
265,111,7
265,112,10
265,113,17
265,114,27
265,115,37
265,116,51
265,117,54
265,118,54
265,119,64
265,120,61
265,121,63
265,122,60
265,123,52
265,124,60
265,125,52
265,126,56
265,127,46
265,128,69
265,129,44
265,130,62
265,131,48
265,132,43
265,133,48
265,134,32
265,135,32
265,136,40
265,137,32
265,138,26
265,139,17
265,140,8
265,141,7
265,142,2
265,144,4
265,145,3
265,146,2
265,147,5
265,149,2
265,151,1
265,152,2
265,153,2
265,154,2
265,155,1
265,160,1
265,163,2
265,166,1
265,167,2
265,168,1
265,169,1
265,170,2
265,171,1
265,175,1
265,178,1
265,179,1
265,181,1
265,182,1
265,184,2
265,188,1
265,189,2
265,194,1
265,195,2
265,201,1
265,203,2
265,204,3
265,205,1
265,208,1
265,209,2
265,215,1
265,222,1
265,226,1
265,227,1
265,230,1
265,240,1
265,248,1
265,262,2
266,9,1
266,12,1
266,15,2
266,24,1
266,34,1
266,36,1
266,40,2
266,42,1
266,47,1
266,49,1
266,51,2
266,53,1
266,56,1
266,62,1
266,67,1
266,76,2
266,77,1
266,78,1
266,80,1
266,86,1
266,89,2
266,90,1
266,91,3
266,92,1
266,93,1
266,94,1
266,97,2
266,99,1
266,100,1
266,102,1
266,103,2
266,104,3
266,105,2
266,106,5
266,108,4
266,109,1
266,110,1
266,111,8
266,112,6
266,113,18
266,114,21
266,115,38
266,116,38
266,117,52
266,118,70
266,119,51
266,120,49
266,121,60
266,122,51
266,123,59
266,124,62
266,125,39
266,126,55
266,127,55
266,128,36
266,129,53
266,130,50
266,131,50
266,132,54
266,133,40
266,134,41
266,135,39
266,136,34
266,137,20
266,138,23
266,139,13
266,140,11
266,141,4
266,142,5
266,143,4
266,144,3
266,147,3
266,148,3
266,150,1
266,152,1
266,153,3
266,154,2
266,155,1
266,158,4
266,159,1
266,160,1
266,161,1
266,162,2
266,163,1
266,167,2
266,168,1
266,169,1
266,172,1
266,173,1
266,174,2
266,175,3
266,176,2
266,177,1
266,179,1
266,180,1
266,182,1
266,183,1
266,186,2
266,188,1
266,189,1
266,197,2
266,203,1
266,205,1
266,207,1
266,208,1
266,209,1
266,210,1
266,211,1
266,215,1
266,219,1
266,221,1
266,222,1
266,245,1
266,247,1
266,252,1
266,255,1
266,257,1
266,265,1
266,269,1
267,1,1
267,7,1
267,34,1
267,37,1
267,40,1
267,48,1
267,51,1
267,54,1
267,56,2
267,57,1
267,66,1
267,73,1
267,75,1
267,77,2
267,79,1
267,82,1
267,83,1
267,84,1
267,87,1
267,88,2
267,89,2
267,92,1
267,95,2
267,96,2
267,98,2
267,99,1
267,104,2
267,105,3
267,106,4
267,108,8
267,109,3
267,110,3
267,111,10
267,112,8
267,113,12
267,114,21
267,115,35
267,116,42
267,117,47
267,118,58
267,119,61
267,120,59
267,121,62
267,122,46
267,123,50
267,124,46
267,125,45
267,126,60
267,127,58
267,128,45
267,129,41
267,130,35
267,131,40
267,132,39
267,133,43
267,134,40
267,135,33
267,136,27
267,137,27
267,138,23
267,139,16
267,140,8
267,141,9
267,142,3
267,143,5
267,144,3
267,145,4
267,146,1
267,149,2
267,151,3
267,152,1
267,153,2
267,154,1
267,156,2
267,158,2
267,159,2
267,160,2
267,161,1
267,163,4
267,164,2
267,166,2
267,168,1
267,169,1
267,170,1
267,173,2
267,174,3
267,175,1
267,177,1
267,178,2
267,179,2
267,180,1
267,182,1
267,183,1
267,187,1
267,194,3
267,195,2
267,196,1
267,198,1
267,199,1
267,201,1
267,206,1
267,210,1
267,216,2
267,217,1
267,220,1
267,223,1
267,228,1
267,231,1
267,235,1
267,243,2
267,251,1
267,269,1
268,5,1
268,18,1
268,19,1
268,26,1
268,27,1
268,29,1
268,38,1
268,42,1
268,43,1
268,44,1
268,46,1
268,51,2
268,57,1
268,61,1
268,68,1
268,71,1
268,74,1
268,77,1
268,79,1
268,82,2
268,83,2
268,84,1
268,85,1
268,86,1
268,88,2
268,89,2
268,90,1
268,92,3
268,93,1
268,95,1
268,96,1
268,97,1
268,99,1
268,100,4
268,101,2
268,102,2
268,104,1
268,107,5
268,108,1
268,109,1
268,110,3
268,111,1
268,112,11
268,113,13
268,114,24
268,115,39
268,116,37
268,117,56
268,118,50
268,119,53
268,120,59
268,121,54
268,122,54
268,123,48
268,124,56
268,125,50
268,126,55
268,127,39
268,128,39
268,129,50
268,130,42
268,131,57
268,132,41
268,133,38
268,134,48
268,135,33
268,136,33
268,137,19
268,138,18
268,139,17
268,140,10
268,141,5
268,142,2
268,143,3
268,144,2
268,145,3
268,146,3
268,147,2
268,149,2
268,150,3
268,151,1
268,152,2
268,154,2
268,155,2
268,156,2
268,159,1
268,160,3
268,162,1
268,163,2
268,165,2
268,166,1
268,167,1
268,168,3
268,169,2
268,170,1
268,171,1
268,176,1
268,178,1
268,179,2
268,181,3
268,182,2
268,183,1
268,184,1
268,185,1
268,186,1
268,190,1
268,193,1
268,195,1
268,196,1
268,200,1
268,201,1
268,202,1
268,208,1
268,209,1
268,210,1
268,219,3
268,220,1
268,226,1
268,233,1
268,235,1
268,240,1
268,254,1
268,258,1
268,270,1
268,274,2
268,276,1
269,12,1
269,17,1
269,22,1
269,27,1
269,34,1
269,35,2
269,36,3
269,40,1
269,41,1
269,43,1
269,45,3
269,47,1
269,48,1
269,53,1
269,54,1
269,56,1
269,58,1
269,66,1
269,67,1
269,68,1
269,69,1
269,71,2
269,72,2
269,73,2
269,78,2
269,79,1
269,84,2
269,87,2
269,88,1
269,89,2
269,90,2
269,92,1
269,93,1
269,94,2
269,97,1
269,98,1
269,99,2
269,100,2
269,101,1
269,104,2
269,105,2
269,106,2
269,107,2
269,108,1
269,109,1
269,110,6
269,111,9
269,112,6
269,113,10
269,114,28
269,115,39
269,116,30
269,117,59
269,118,49
269,119,44
269,120,59
269,121,50
269,122,57
269,123,52
269,124,34
269,125,52
269,126,47
269,127,51
269,128,46
269,129,51
269,130,45
269,131,40
269,132,31
269,133,34
269,134,29
269,135,30
269,136,33
269,137,15
269,138,21
269,139,19
269,140,12
269,142,2
269,143,2
269,144,4
269,145,6
269,146,3
269,147,4
269,148,1
269,149,1
269,150,2
269,151,1
269,152,2
269,153,2
269,154,1
269,156,1
269,157,1
269,158,4
269,163,1
269,165,1
269,166,3
269,167,1
269,168,1
269,172,1
269,174,2
269,175,2
269,176,3
269,177,1
269,178,2
269,179,1
269,180,1
269,183,1
269,187,1
269,190,1
269,195,3
269,196,1
269,198,1
269,199,1
269,200,1
269,201,1
269,203,1
269,204,1
269,211,2
269,212,1
269,215,1
269,223,2
269,226,1
269,227,1
269,228,1
269,229,1
269,230,1
269,240,1
269,244,1
269,257,1
269,261,1
269,262,1
270,4,1
270,21,1
270,24,1
270,43,1
270,45,1
270,47,1
270,52,1
270,55,2
270,58,1
270,59,1
270,62,1
270,66,1
270,69,2
270,71,1
270,74,1
270,76,2
270,81,1
270,83,3
270,85,3
270,86,1
270,93,1
270,94,1
270,95,1
270,96,1
270,97,2
270,98,1
270,99,2
270,100,2
270,102,1
270,103,2
270,104,2
270,105,2
270,106,3
270,107,1
270,108,3
270,109,4
270,110,5
270,111,6
270,112,7
270,113,16
270,114,15
270,115,30
270,116,40
270,117,47
270,118,60
270,119,59
270,120,59
270,121,54
270,122,60
270,123,63
270,124,54
270,125,39
270,126,47
270,127,56
270,128,48
270,129,45
270,130,49
270,131,57
270,132,40
270,133,28
270,134,46
270,135,33
270,136,33
270,137,18
270,138,10
270,139,8
270,140,7
270,141,10
270,142,8
270,143,1
270,144,2
270,145,6
270,146,3
270,148,1
270,149,2
270,150,3
270,151,3
270,152,2
270,153,1
270,154,1
270,155,2
270,157,3
270,158,3
270,159,2
270,160,1
270,162,1
270,163,3
270,165,2
270,166,1
270,167,1
270,168,1
270,169,3
270,170,2
270,171,1
270,174,1
270,176,1
270,177,2
270,178,3
270,179,1
270,180,1
270,181,2
270,182,1
270,183,1
270,185,1
270,189,1
270,190,1
270,192,1
270,194,1
270,196,1
270,198,1
270,199,2
270,200,2
270,201,1
270,203,1
270,204,1
270,206,2
270,207,1
270,209,1
270,210,1
270,214,1
270,216,2
270,217,1
270,219,1
270,220,1
270,221,2
270,222,1
270,234,1
270,259,1
270,260,1
270,261,1
271,20,2
271,22,1
271,23,1
271,32,1
271,35,1
271,36,1
271,43,2
271,49,1
271,52,1
271,66,1
271,68,1
271,71,1
271,72,1
271,73,1
271,74,1
271,75,1
271,78,1
271,80,1
271,81,3
271,86,1
271,89,2
271,90,1
271,94,3
271,95,1
271,96,1
271,98,1
271,99,3
271,100,2
271,101,2
271,102,4
271,103,2
271,105,1
271,106,1
271,107,1
271,108,1
271,109,3
271,110,2
271,111,8
271,112,15
271,113,11
271,114,24
271,115,30
271,116,38
271,117,40
271,118,56
271,119,46
271,120,63
271,121,55
271,122,56
271,123,47
271,124,36
271,125,53
271,126,50
271,127,51
271,128,50
271,129,35
271,130,49
271,131,45
271,132,34
271,133,36
271,134,43
271,135,32
271,136,34
271,137,11
271,138,15
271,139,10
271,140,9
271,141,10
271,142,8
271,143,1
271,144,1
271,145,3
271,146,2
271,147,3
271,148,2
271,149,3
271,152,1
271,153,1
271,154,1
271,155,1
271,156,1
271,157,2
271,158,1
271,163,1
271,164,2
271,165,1
271,166,1
271,168,1
271,170,3
271,171,1
271,172,2
271,173,2
271,174,1
271,175,1
271,177,1
271,179,1
271,180,1
271,182,2
271,185,1
271,186,1
271,187,1
271,189,1
271,190,1
271,191,2
271,193,1
271,194,1
271,197,1
271,200,2
271,201,1
271,202,2
271,203,2
271,204,1
271,205,1
271,208,3
271,218,1
271,220,1
271,226,1
271,229,1
271,231,1
271,241,1
271,242,1
271,243,1
271,245,1
271,246,1
271,268,1
272,21,2
272,22,1
272,29,1
272,57,1
272,62,3
272,63,1
272,64,1
272,66,1
272,67,2
272,69,1
272,70,1
272,71,1
272,74,1
272,76,1
272,82,1
272,85,1
272,86,1
272,87,1
272,88,2
272,89,2
272,93,1
272,94,2
272,96,1
272,99,2
272,100,1
272,103,3
272,104,6
272,106,2
272,107,2
272,108,2
272,109,4
272,110,5
272,111,7
272,112,4
272,113,12
272,114,13
272,115,43
272,116,38
272,117,39
272,118,63
272,119,44
272,120,53
272,121,57
272,122,56
272,123,58
272,124,48
272,125,45
272,126,52
272,127,36
272,128,43
272,129,48
272,130,46
272,131,36
272,132,49
272,133,41
272,134,39
272,135,27
272,136,30
272,137,17
272,138,14
272,139,8
272,140,1
272,141,11
272,142,5
272,143,4
272,144,2
272,145,2
272,146,2
272,147,4
272,148,1
272,149,1
272,150,1
272,151,2
272,153,1
272,156,2
272,157,1
272,158,1
272,160,1
272,163,1
272,164,2
272,165,1
272,168,1
272,169,1
272,171,1
272,172,3
272,173,1
272,176,1
272,178,2
272,179,2
272,180,1
272,185,2
272,188,1
272,189,3
272,193,1
272,197,1
272,202,1
272,206,1
272,207,1
272,211,1
272,217,1
272,219,2
272,224,1
272,232,1
272,242,1
272,258,1
272,269,1
273,13,1
273,17,1
273,33,2
273,45,1
273,56,1
273,69,1
273,70,1
273,73,1
273,74,1
273,77,2
273,78,1
273,80,1
273,81,1
273,82,1
273,83,1
273,84,1
273,87,2
273,90,1
273,91,1
273,94,1
273,96,1
273,97,2
273,99,3
273,101,1
273,102,2
273,103,1
273,104,2
273,106,3
273,107,4
273,108,4
273,109,2
273,110,2
273,111,7
273,112,17
273,113,18
273,114,20
273,115,36
273,116,39
273,117,51
273,118,49
273,119,48
273,120,56
273,121,59
273,122,44
273,123,51
273,124,45
273,125,53
273,126,51
273,127,42
273,128,37
273,129,51
273,130,42
273,131,39
273,132,40
273,133,33
273,134,28
273,135,36
273,136,27
273,137,23
273,138,22
273,139,15
273,140,7
273,141,4
273,142,6
273,143,4
273,144,5
273,145,6
273,146,2
273,149,2
273,150,1
273,151,1
273,154,1
273,155,2
273,156,2
273,157,2
273,159,1
273,161,1
273,162,2
273,168,3
273,169,1
273,173,4
273,174,1
273,176,2
273,183,1
273,185,1
273,189,1
273,194,1
273,196,2
273,200,1
273,201,1
273,202,3
273,203,1
273,208,1
273,209,2
273,213,1
273,222,1
273,227,1
273,228,1
273,229,1
273,230,1
273,240,1
273,271,1
274,17,1
274,24,1
274,25,2
274,29,1
274,30,1
274,48,1
274,49,1
274,53,1
274,56,1
274,58,1
274,60,1
274,64,1
274,66,1
274,68,1
274,69,1
274,70,1
274,72,1
274,73,1
274,74,1
274,75,1
274,77,1
274,79,1
274,83,2
274,84,1
274,88,1
274,89,2
274,90,2
274,92,1
274,93,1
274,96,1
274,99,2
274,100,2
274,102,1
274,103,1
274,105,5
274,106,3
274,107,1
274,108,4
274,109,2
274,110,3
274,111,4
274,112,7
274,113,8
274,114,16
274,115,31
274,116,45
274,117,34
274,118,59
274,119,43
274,120,53
274,121,49
274,122,49
274,123,44
274,124,45
274,125,59
274,126,42
274,127,56
274,128,42
274,129,40
274,130,57
274,131,49
274,132,37
274,133,40
274,134,36
274,135,26
274,136,22
274,137,23
274,138,18
274,139,15
274,140,9
274,141,5
274,142,2
274,143,6
274,144,3
274,145,3
274,146,1
274,147,1
274,148,1
274,149,2
274,150,4
274,151,3
274,152,1
274,154,3
274,156,2
274,157,3
274,158,1
274,160,2
274,161,2
274,162,1
274,163,1
274,164,1
274,165,1
274,168,1
274,169,2
274,171,1
274,172,2
274,175,1
274,177,1
274,184,1
274,185,1
274,186,1
274,189,2
274,190,2
274,191,1
274,193,3
274,195,1
274,196,1
274,201,1
274,202,1
274,205,1
274,214,1
274,218,2
274,219,1
274,223,1
274,228,1
274,236,1
274,241,2
274,246,1
274,248,1
274,257,1
274,258,1
274,268,1
275,25,1
275,27,1
275,36,1
275,42,1
275,44,2
275,52,1
275,56,1
275,61,1
275,70,1
275,71,1
275,72,1
275,74,2
275,75,1
275,76,1
275,83,1
275,84,1
275,85,1
275,86,1
275,89,1
275,90,1
275,91,1
275,93,2
275,96,4
275,99,3
275,101,1
275,104,1
275,105,2
275,106,2
275,108,1
275,110,5
275,111,6
275,112,10
275,113,11
275,114,24
275,115,31
275,116,41
275,117,45
275,118,52
275,119,46
275,120,67
275,121,50
275,122,56
275,123,58
275,124,54
275,125,56
275,126,46
275,127,46
275,128,54
275,129,32
275,130,40
275,131,42
275,132,44
275,133,34
275,134,30
275,135,29
275,136,18
275,137,27
275,138,14
275,139,14
275,140,16
275,141,6
275,142,1
275,143,3
275,144,2
275,145,4
275,146,2
275,147,4
275,148,1
275,150,1
275,152,2
275,154,1
275,155,3
275,156,1
275,159,2
275,162,1
275,164,2
275,165,1
275,166,1
275,168,1
275,169,2
275,170,2
275,171,1
275,172,2
275,174,1
275,175,2
275,181,1
275,182,1
275,185,3
275,186,2
275,188,2
275,189,2
275,193,1
275,204,2
275,208,2
275,210,2
275,211,2
275,213,1
275,214,1
275,219,1
275,222,1
275,223,1
275,226,1
275,238,1
275,253,1
275,260,1
275,266,1
275,267,1
276,1,1
276,21,1
276,28,1
276,46,1
276,48,1
276,58,1
276,59,2
276,64,1
276,66,2
276,72,1
276,73,2
276,75,1
276,77,1
276,78,1
276,80,1
276,82,1
276,83,1
276,85,1
276,90,1
276,91,1
276,93,2
276,94,1
276,95,2
276,96,2
276,97,2
276,98,1
276,99,1
276,100,2
276,101,2
276,104,2
276,105,2
276,106,2
276,108,5
276,109,1
276,110,8
276,111,7
276,112,6
276,113,15
276,114,18
276,115,25
276,116,32
276,117,58
276,118,47
276,119,51
276,120,48
276,121,54
276,122,45
276,123,67
276,124,55
276,125,34
276,126,44
276,127,48
276,128,55
276,129,35
276,130,48
276,131,47
276,132,34
276,133,30
276,134,39
276,135,30
276,136,27
276,137,26
276,138,17
276,139,10
276,140,9
276,141,5
276,142,5
276,145,2
276,146,2
276,148,3
276,149,4
276,150,1
276,152,2
276,153,1
276,154,2
276,155,2
276,156,1
276,158,3
276,159,1
276,160,1
276,161,2
276,162,2
276,164,1
276,165,2
276,169,1
276,170,1
276,171,1
276,173,1
276,174,1
276,176,1
276,177,1
276,179,1
276,185,2
276,188,1
276,189,1
276,215,1
276,216,1
276,217,1
276,220,1
276,222,1
276,225,1
276,230,1
276,231,1
276,234,1
276,236,1
276,240,1
276,241,1
276,257,1
276,259,1
276,275,1
277,25,1
277,28,1
277,30,1
277,33,1
277,38,1
277,40,1
277,52,1
277,54,1
277,73,1
277,77,1
277,78,1
277,83,1
277,85,1
277,87,1
277,90,1
277,91,1
277,92,2
277,94,1
277,95,2
277,96,1
277,97,3
277,100,2
277,102,2
277,103,1
277,104,2
277,105,3
277,106,1
277,107,1
277,108,2
277,109,2
277,110,3
277,111,5
277,112,10
277,113,16
277,114,13
277,115,34
277,116,44
277,117,35
277,118,51
277,119,50
277,120,47
277,121,44
277,122,44
277,123,41
277,124,44
277,125,53
277,126,46
277,127,30
277,128,44
277,129,44
277,130,35
277,131,36
277,132,39
277,133,28
277,134,29
277,135,29
277,136,24
277,137,26
277,138,15
277,139,13
277,140,6
277,141,7
277,142,5
277,143,5
277,144,2
277,146,2
277,148,1
277,149,2
277,152,2
277,153,1
277,155,2
277,156,2
277,159,1
277,160,1
277,161,2
277,162,2
277,163,3
277,165,2
277,166,2
277,167,1
277,168,1
277,170,3
277,172,1
277,175,1
277,176,1
277,177,2
277,178,1
277,180,2
277,181,2
277,182,2
277,185,2
277,186,3
277,191,1
277,192,2
277,198,2
277,202,2
277,203,1
277,207,2
277,208,1
277,210,1
277,212,1
277,221,1
277,222,1
277,224,1
277,228,1
277,235,1
277,237,1
277,242,1
277,244,2
277,248,1
277,258,1
277,272,1
277,275,1
278,25,1
278,32,1
278,42,1
278,44,1
278,55,1
278,59,1
278,60,1
278,61,1
278,64,1
278,66,1
278,70,1
278,73,1
278,75,1
278,78,1
278,83,2
278,84,1
278,86,1
278,87,1
278,90,2
278,91,1
278,92,1
278,95,1
278,96,1
278,98,2
278,99,3
278,102,1
278,103,1
278,104,2
278,105,2
278,106,1
278,107,3
278,109,1
278,110,1
278,111,4
278,112,11
278,113,16
278,114,24
278,115,28
278,116,28
278,117,52
278,118,41
278,119,42
278,120,54
278,121,45
278,122,52
278,123,47
278,124,49
278,125,42
278,126,45
278,127,36
278,128,35
278,129,35
278,130,32
278,131,42
278,132,44
278,133,39
278,134,44
278,135,30
278,136,23
278,137,21
278,138,8
278,139,16
278,140,7
278,141,4
278,142,3
278,143,6
278,144,5
278,145,1
278,146,1
278,147,2
278,148,4
278,150,2
278,151,1
278,155,1
278,156,2
278,157,1
278,158,1
278,159,2
278,160,1
278,161,2
278,163,1
278,166,1
278,170,3
278,171,1
278,173,2
278,174,1
278,175,1
278,177,1
278,179,1
278,185,1
278,186,1
278,188,1
278,192,1
278,197,1
278,198,2
278,202,1
278,213,1
278,216,1
278,217,2
278,218,1
278,219,1
278,221,1
278,235,1
278,241,1
278,242,1
278,251,1
278,253,1
278,263,1
279,18,1
279,34,1
279,36,1
279,37,1
279,46,1
279,47,1
279,66,1
279,69,2
279,73,1
279,74,1
279,78,1
279,80,1
279,81,1
279,82,2
279,84,1
279,86,1
279,87,1
279,88,2
279,89,2
279,92,1
279,93,1
279,94,1
279,95,1
279,96,1
279,98,3
279,99,1
279,100,1
279,101,1
279,102,1
279,103,1
279,105,2
279,107,5
279,108,4
279,109,1
279,110,4
279,111,9
279,112,6
279,113,15
279,114,19
279,115,27
279,116,24
279,117,40
279,118,53
279,119,46
279,120,52
279,121,52
279,122,50
279,123,52
279,124,54
279,125,48
279,126,48
279,127,35
279,128,40
279,129,38
279,130,36
279,131,36
279,132,43
279,133,31
279,134,36
279,135,25
279,136,32
279,137,27
279,138,16
279,139,14
279,140,6
279,141,7
279,142,4
279,143,3
279,144,5
279,145,1
279,146,3
279,148,3
279,150,1
279,151,1
279,153,2
279,154,1
279,157,1
279,158,1
279,160,1
279,162,1
279,164,1
279,168,1
279,175,1
279,176,1
279,178,1
279,180,1
279,182,3
279,183,1
279,184,1
279,185,1
279,189,1
279,190,2
279,193,1
279,196,1
279,201,1
279,203,1
279,211,1
279,218,1
279,220,1
279,222,1
279,227,2
279,245,1
279,252,1
279,259,1
280,5,1
280,9,1
280,28,1
280,36,1
280,38,1
280,39,1
280,49,1
280,51,1
280,57,1
280,58,1
280,61,1
280,63,1
280,68,1
280,71,1
280,72,3
280,73,2
280,78,1
280,79,2
280,82,1
280,85,1
280,86,1
280,87,1
280,89,2
280,90,1
280,91,1
280,92,1
280,93,1
280,95,1
280,97,2
280,98,1
280,101,1
280,102,2
280,103,2
280,104,1
280,105,1
280,106,3
280,107,1
280,108,2
280,109,4
280,110,5
280,111,4
280,112,4
280,113,13
280,114,19
280,115,24
280,116,50
280,117,43
280,118,40
280,119,56
280,120,40
280,121,65
280,122,40
280,123,50
280,124,46
280,125,47
280,126,48
280,127,43
280,128,39
280,129,45
280,130,40
280,131,35
280,132,44
280,133,29
280,134,19
280,135,29
280,136,21
280,137,28
280,138,18
280,139,7
280,140,3
280,141,7
280,142,3
280,144,6
280,145,5
280,146,3
280,147,2
280,148,2
280,149,2
280,151,2
280,153,2
280,154,1
280,155,2
280,156,1
280,158,1
280,159,1
280,162,1
280,163,1
280,165,1
280,168,2
280,169,4
280,173,1
280,175,2
280,176,1
280,177,1
280,181,2
280,185,1
280,186,1
280,188,1
280,192,1
280,196,1
280,198,1
280,199,1
280,200,1
280,208,1
280,212,1
280,213,1
280,214,1
280,215,2
280,216,1
280,217,1
280,228,1
280,246,1
280,257,2
281,7,1
281,26,1
281,28,1
281,32,1
281,33,1
281,40,1
281,43,1
281,50,1
281,52,1
281,56,1
281,59,1
281,65,1
281,67,1
281,72,1
281,75,1
281,76,1
281,84,1
281,91,1
281,93,1
281,94,1
281,97,1
281,99,1
281,100,1
281,101,1
281,102,2
281,105,1
281,106,1
281,107,1
281,108,1
281,109,2
281,110,3
281,111,8
281,112,6
281,113,6
281,114,15
281,115,33
281,116,30
281,117,49
281,118,47
281,119,39
281,120,49
281,121,52
281,122,40
281,123,47
281,124,39
281,125,35
281,126,38
281,127,40
281,128,40
281,129,46
281,130,47
281,131,40
281,132,43
281,133,31
281,134,19
281,135,39
281,136,33
281,137,24
281,138,14
281,139,5
281,140,4
281,141,9
281,142,5
281,143,4
281,144,3
281,145,5
281,146,1
281,149,1
281,150,5
281,151,1
281,152,1
281,154,2
281,155,1
281,157,2
281,159,3
281,160,1
281,161,2
281,164,1
281,167,1
281,168,2
281,172,1
281,173,1
281,176,1
281,177,2
281,178,1
281,182,2
281,183,1
281,184,2
281,186,2
281,195,1
281,198,1
281,203,1
281,209,1
281,210,1
281,213,1
281,216,1
281,217,1
281,218,1
281,220,1
281,233,1
281,247,1
282,13,1
282,19,1
282,29,1
282,31,2
282,33,1
282,41,1
282,61,1
282,64,1
282,65,1
282,71,1
282,74,1
282,80,1
282,82,1
282,83,1
282,85,1
282,89,2
282,90,1
282,96,1
282,98,2
282,104,1
282,105,1
282,106,2
282,108,1
282,109,2
282,110,2
282,111,7
282,112,5
282,113,12
282,114,22
282,115,33
282,116,24
282,117,43
282,118,48
282,119,45
282,120,63
282,121,47
282,122,45
282,123,51
282,124,48
282,125,36
282,126,43
282,127,35
282,128,37
282,129,33
282,130,42
282,131,38
282,132,33
282,133,34
282,134,22
282,135,30
282,136,32
282,137,21
282,138,12
282,139,8
282,140,8
282,141,4
282,142,7
282,143,3
282,144,2
282,145,2
282,146,3
282,147,1
282,148,3
282,149,2
282,151,1
282,152,1
282,153,1
282,154,1
282,155,1
282,159,2
282,160,1
282,161,1
282,162,2
282,163,2
282,166,1
282,167,1
282,168,1
282,169,1
282,171,1
282,172,3
282,173,1
282,174,1
282,175,2
282,182,1
282,188,1
282,195,1
282,196,1
282,200,1
282,205,2
282,210,1
282,218,1
282,224,1
282,228,1
282,229,1
282,239,1
282,262,1
282,270,1
282,273,1
283,6,1
283,11,1
283,22,1
283,24,1
283,30,1
283,32,1
283,39,1
283,46,2
283,54,1
283,61,1
283,64,1
283,65,2
283,68,1
283,69,1
283,74,1
283,75,1
283,77,1
283,80,1
283,87,1
283,88,1
283,89,3
283,90,1
283,92,1
283,96,2
283,97,2
283,101,3
283,102,1
283,103,1
283,104,4
283,105,1
283,107,2
283,108,2
283,109,5
283,110,3
283,111,5
283,112,7
283,113,15
283,114,14
283,115,30
283,116,35
283,117,38
283,118,50
283,119,46
283,120,49
283,121,50
283,122,35
283,123,35
283,124,44
283,125,38
283,126,40
283,127,41
283,128,42
283,129,40
283,130,32
283,131,52
283,132,48
283,133,36
283,134,44
283,135,29
283,136,29
283,137,21
283,138,12
283,139,8
283,140,7
283,141,5
283,142,4
283,143,1
283,144,2
283,145,2
283,146,1
283,147,3
283,148,1
283,149,2
283,150,3
283,152,2
283,153,1
283,156,1
283,158,1
283,159,1
283,160,1
283,161,2
283,165,1
283,167,3
283,168,1
283,170,2
283,172,3
283,173,2
283,175,2
283,179,1
283,181,1
283,182,2
283,183,1
283,191,1
283,195,1
283,199,1
283,200,1
283,204,1
283,205,1
283,208,1
283,221,1
283,224,1
283,227,1
283,241,1
283,243,1
283,250,1
283,251,1
283,252,1
283,255,1
283,269,2
283,272,1
283,276,1
284,14,1
284,24,1
284,30,1
284,31,2
284,47,1
284,63,2
284,67,2
284,75,1
284,81,1
284,84,1
284,85,1
284,89,1
284,90,2
284,91,2
284,93,1
284,96,1
284,99,1
284,101,2
284,104,1
284,105,3
284,107,2
284,109,3
284,110,6
284,111,3
284,112,6
284,113,13
284,114,20
284,115,31
284,116,32
284,117,29
284,118,31
284,119,40
284,120,44
284,121,45
284,122,41
284,123,45
284,124,49
284,125,45
284,126,40
284,127,31
284,128,35
284,129,41
284,130,47
284,131,34
284,132,35
284,133,23
284,134,32
284,135,15
284,136,30
284,137,23
284,138,13
284,139,8
284,140,5
284,141,7
284,142,6
284,143,2
284,145,3
284,146,2
284,147,2
284,148,3
284,151,4
284,153,1
284,155,1
284,156,1
284,157,1
284,158,1
284,160,1
284,161,2
284,162,3
284,167,2
284,169,1
284,170,1
284,171,1
284,173,1
284,178,1
284,179,2
284,180,2
284,185,2
284,187,2
284,190,1
284,191,1
284,195,1
284,196,1
284,199,1
284,203,1
284,213,1
284,220,1
284,221,1
284,222,1
284,226,1
284,227,1
284,230,1
284,248,1
284,254,2
284,261,1
285,5,1
285,34,1
285,35,1
285,39,1
285,40,1
285,42,1
285,44,1
285,48,1
285,49,1
285,51,1
285,59,1
285,64,1
285,65,1
285,70,1
285,80,1
285,82,3
285,83,1
285,89,3
285,90,1
285,91,1
285,95,1
285,96,2
285,98,1
285,99,3
285,103,3
285,106,2
285,107,1
285,108,3
285,109,3
285,110,6
285,111,2
285,112,1
285,113,10
285,114,19
285,115,29
285,116,38
285,117,43
285,118,37
285,119,34
285,120,35
285,121,41
285,122,43
285,123,45
285,124,45
285,125,36
285,126,40
285,127,43
285,128,27
285,129,29
285,130,35
285,131,33
285,132,29
285,133,30
285,134,31
285,135,27
285,136,23
285,137,17
285,138,12
285,139,8
285,140,7
285,141,3
285,143,3
285,145,2
285,146,1
285,147,1
285,148,2
285,149,1
285,150,1
285,151,2
285,153,4
285,154,2
285,155,1
285,156,1
285,157,1
285,158,1
285,161,2
285,162,1
285,164,1
285,166,1
285,169,1
285,171,1
285,172,1
285,174,1
285,175,2
285,182,1
285,195,2
285,199,2
285,202,1
285,211,1
285,216,1
285,228,1
285,231,1
285,232,1
285,236,1
285,274,1
286,6,1
286,15,1
286,19,1
286,29,1
286,39,1
286,41,1
286,46,1
286,55,1
286,59,1
286,65,1
286,73,1
286,76,2
286,80,1
286,81,1
286,82,1
286,85,1
286,87,1
286,89,1
286,95,1
286,98,1
286,99,1
286,102,2
286,105,5
286,106,1
286,107,2
286,108,1
286,109,1
286,110,3
286,111,5
286,112,5
286,113,14
286,114,23
286,115,23
286,116,32
286,117,41
286,118,36
286,119,42
286,120,56
286,121,62
286,122,44
286,123,40
286,124,45
286,125,36
286,126,35
286,127,47
286,128,37
286,129,34
286,130,40
286,131,36
286,132,27
286,133,18
286,134,24
286,135,39
286,136,18
286,137,22
286,138,11
286,139,14
286,140,10
286,141,2
286,142,4
286,143,2
286,144,3
286,145,1
286,146,2
286,148,1
286,149,2
286,150,1
286,152,1
286,153,1
286,154,1
286,155,2
286,156,2
286,157,2
286,158,2
286,162,2
286,165,1
286,166,1
286,167,3
286,168,1
286,169,3
286,171,2
286,172,1
286,177,2
286,179,1
286,186,1
286,188,1
286,204,1
286,214,1
286,215,1
286,219,1
286,223,1
286,225,1
286,233,1
286,242,1
286,251,1
286,264,1
287,2,2
287,28,1
287,47,1
287,50,1
287,58,1
287,59,1
287,62,1
287,63,1
287,69,1
287,71,1
287,85,1
287,87,2
287,88,1
287,91,1
287,92,1
287,93,2
287,94,1
287,97,1
287,98,1
287,99,2
287,100,2
287,101,2
287,103,1
287,104,1
287,106,2
287,108,2
287,109,4
287,110,6
287,111,6
287,112,4
287,113,9
287,114,21
287,115,26
287,116,35
287,117,34
287,118,46
287,119,41
287,120,57
287,121,57
287,122,42
287,123,58
287,124,38
287,125,34
287,126,36
287,127,52
287,128,28
287,129,34
287,130,33
287,131,49
287,132,34
287,133,26
287,134,27
287,135,25
287,136,22
287,137,13
287,138,11
287,139,5
287,140,6
287,141,7
287,142,3
287,143,2
287,144,3
287,145,2
287,146,5
287,147,2
287,148,1
287,149,1
287,150,1
287,151,3
287,152,1
287,153,1
287,155,1
287,156,3
287,157,1
287,158,1
287,165,1
287,166,2
287,167,1
287,168,1
287,172,1
287,173,1
287,174,1
287,175,1
287,176,1
287,178,1
287,179,1
287,180,1
287,182,2
287,184,2
287,191,1
287,192,1
287,193,2
287,195,3
287,196,1
287,199,1
287,200,1
287,201,1
287,208,1
287,209,2
287,212,1
287,217,1
287,225,1
287,227,1
287,233,1
287,234,1
287,239,1
287,259,1
287,263,1
287,264,1
287,275,1
288,6,1
288,29,1
288,38,1
288,39,1
288,41,1
288,47,1
288,65,1
288,73,2
288,74,1
288,75,1
288,78,1
288,79,1
288,83,2
288,85,1
288,87,1
288,98,2
288,101,2
288,104,1
288,105,1
288,106,1
288,107,1
288,108,4
288,109,4
288,110,2
288,111,7
288,112,5
288,113,9
288,114,18
288,115,23
288,116,30
288,117,39
288,118,43
288,119,38
288,120,46
288,121,44
288,122,41
288,123,33
288,124,39
288,125,41
288,126,40
288,127,32
288,128,35
288,129,33
288,130,40
288,131,41
288,132,36
288,133,27
288,134,27
288,135,21
288,136,21
288,137,13
288,138,13
288,139,15
288,140,11
288,141,13
288,142,3
288,143,2
288,145,3
288,148,2
288,152,1
288,155,2
288,162,2
288,164,1
288,165,1
288,170,1
288,171,1
288,172,1
288,176,1
288,179,2
288,181,1
288,182,3
288,183,1
288,184,1
288,187,2
288,189,1
288,194,2
288,201,1
288,205,1
288,206,1
288,208,1
288,209,1
288,216,1
288,218,1
288,221,1
288,226,1
288,232,1
288,238,1
288,242,1
289,33,2
289,41,1
289,48,1
289,49,1
289,55,1
289,60,1
289,62,1
289,65,1
289,70,2
289,81,2
289,83,2
289,85,2
289,87,1
289,91,1
289,92,1
289,94,1
289,98,1
289,101,3
289,102,2
289,105,2
289,106,4
289,107,5
289,108,1
289,109,4
289,110,5
289,111,5
289,112,11
289,113,11
289,114,16
289,115,22
289,116,24
289,117,33
289,118,34
289,119,47
289,120,46
289,121,37
289,122,51
289,123,37
289,124,38
289,125,47
289,126,40
289,127,31
289,128,41
289,129,42
289,130,46
289,131,31
289,132,30
289,133,33
289,134,26
289,135,30
289,136,27
289,137,25
289,138,16
289,139,11
289,140,7
289,141,7
289,142,8
289,143,5
289,144,3
289,145,1
289,146,2
289,148,1
289,149,2
289,151,1
289,152,4
289,153,1
289,154,1
289,156,2
289,160,1
289,165,1
289,166,2
289,169,1
289,171,1
289,173,2
289,176,1
289,177,1
289,178,2
289,179,1
289,181,1
289,185,1
289,186,1
289,197,1
289,198,2
289,205,1
289,206,1
289,208,1
289,210,1
289,220,1
289,224,1
289,226,1
289,236,1
289,238,1
289,240,1
289,250,1
289,260,1
